Order Date,Region,Category,Segment,Sales,Quantity,Discount,Profit
2024-01-01,Central,Furniture,Consumer,49.3,6,0.0,-9.65
2024-01-01,West,Office Supplies,Consumer,108.21,7,0.0,38.63
2024-01-01,East,Technology,Consumer,88.41,2,0.0,21.72
2024-01-01,West,Furniture,Consumer,134.31,2,0.2,31.39
2024-01-01,Central,Furniture,Home Office,323.36,3,0.2,52.11
2024-01-01,West,Furniture,Consumer,559.43,5,0.0,167.16
2024-01-01,East,Technology,Consumer,404.01,6,0.2,75.27
2024-01-02,West,Office Supplies,Corporate,113.39,6,0.0,38.59
2024-01-02,West,Office Supplies,Consumer,124.65,6,0.2,-28.22
2024-01-02,East,Technology,Consumer,406.23,1,0.2,94.14
2024-01-03,East,Furniture,Corporate,749.49,2,0.1,185.19
2024-01-03,West,Furniture,Consumer,353.31,7,0.1,77.35
2024-01-03,Central,Technology,Consumer,354.42,7,0.2,48.69
2024-01-03,East,Furniture,Consumer,268.6,2,0.2,76.37
2024-01-03,South,Technology,Corporate,751.52,6,0.0,184.7
2024-01-03,West,Furniture,Consumer,412.05,3,0.0,130.56
2024-01-03,West,Technology,Home Office,122.84,4,0.2,7.39
2024-01-03,East,Office Supplies,Corporate,46.46,3,0.3,8.79
2024-01-03,Central,Office Supplies,Consumer,94.64,5,0.0,13.71
2024-01-04,Central,Technology,Home Office,745.49,2,0.0,211.86
2024-01-04,Central,Technology,Corporate,676.58,2,0.2,111.76
2024-01-04,West,Office Supplies,Corporate,110.2,2,0.1,31.23
2024-01-04,West,Furniture,Consumer,459.31,2,0.0,100.71
2024-01-05,South,Office Supplies,Corporate,24.4,3,0.0,32.77
2024-01-05,East,Technology,Consumer,369.01,4,0.1,78.31
2024-01-05,East,Technology,Corporate,710.78,2,0.0,185.84
2024-01-05,East,Office Supplies,Consumer,69.15,3,0.0,-9.58
2024-01-05,Central,Office Supplies,Consumer,61.77,6,0.0,7.98
2024-01-05,West,Technology,Consumer,374.32,6,0.0,77.37
2024-01-06,Central,Office Supplies,Corporate,79.3,6,0.0,21.71
2024-01-06,West,Technology,Consumer,348.99,4,0.1,61.95
2024-01-06,West,Office Supplies,Home Office,102.33,3,0.2,28.29
2024-01-06,South,Office Supplies,Consumer,161.6,1,0.1,29.38
2024-01-06,West,Technology,Consumer,237.54,1,0.0,65.02
2024-01-07,Central,Technology,Home Office,260.7,3,0.0,82.06
2024-01-07,West,Office Supplies,Corporate,53.04,5,0.1,-5.79
2024-01-07,South,Technology,Home Office,159.08,4,0.1,39.13
2024-01-08,West,Technology,Consumer,326.64,7,0.3,13.76
2024-01-08,Central,Office Supplies,Consumer,63.85,5,0.0,19.04
2024-01-08,East,Office Supplies,Consumer,56.01,7,0.3,-18.93
2024-01-09,Central,Technology,Corporate,678.83,3,0.0,210.76
2024-01-09,Central,Office Supplies,Consumer,35.72,3,0.1,35.91
2024-01-10,South,Technology,Consumer,296.21,2,0.1,74.23
2024-01-10,West,Office Supplies,Consumer,75.2,5,0.0,33.71
2024-01-10,South,Technology,Corporate,579.93,6,0.0,151.99
2024-01-10,East,Furniture,Home Office,316.03,4,0.1,59.76
2024-01-10,South,Office Supplies,Consumer,41.48,4,0.1,17.93
2024-01-11,West,Office Supplies,Corporate,27.11,2,0.1,10.31
2024-01-11,East,Technology,Corporate,286.68,6,0.0,65.34
2024-01-11,East,Office Supplies,Home Office,198.28,7,0.2,30.27
2024-01-12,West,Office Supplies,Consumer,38.42,5,0.1,17.45
2024-01-12,West,Technology,Consumer,467.54,2,0.2,85.66
2024-01-12,South,Office Supplies,Consumer,40.93,6,0.0,20.36
2024-01-12,West,Office Supplies,Consumer,32.46,1,0.0,15.87
2024-01-12,West,Office Supplies,Home Office,110.07,6,0.3,11.94
2024-01-13,West,Office Supplies,Corporate,52.44,1,0.0,39.25
2024-01-13,South,Technology,Consumer,72.32,6,0.0,36.65
2024-01-13,East,Technology,Home Office,407.12,5,0.0,112.7
2024-01-13,South,Technology,Corporate,428.25,6,0.1,120.53
2024-01-13,South,Furniture,Consumer,661.91,3,0.1,114.63
2024-01-13,East,Technology,Consumer,782.51,5,0.0,240.14
2024-01-13,South,Office Supplies,Corporate,235.02,7,0.0,28.46
2024-01-14,Central,Technology,Home Office,590.11,1,0.0,175.86
2024-01-14,East,Office Supplies,Consumer,228.33,3,0.0,91.64
2024-01-14,South,Office Supplies,Consumer,30.56,1,0.1,3.71
2024-01-14,Central,Technology,Corporate,186.93,5,0.0,47.78
2024-01-14,East,Furniture,Consumer,390.8,5,0.0,129.29
2024-01-15,South,Technology,Corporate,118.18,5,0.2,38.05
2024-01-15,Central,Technology,Corporate,895.93,5,0.1,200.16
2024-01-15,East,Office Supplies,Consumer,23.33,2,0.1,2.22
2024-01-15,West,Furniture,Consumer,586.95,3,0.1,125.16
2024-01-16,West,Technology,Home Office,554.69,1,0.0,152.65
2024-01-16,West,Technology,Home Office,360.46,7,0.3,18.37
2024-01-17,West,Furniture,Consumer,363.17,2,0.0,119.16
2024-01-17,West,Furniture,Consumer,278.4,1,0.0,75.02
2024-01-17,West,Office Supplies,Consumer,212.27,3,0.1,64.64
2024-01-17,West,Technology,Consumer,655.48,6,0.2,148.83
2024-01-17,Central,Furniture,Home Office,131.71,7,0.0,48.37
2024-01-18,Central,Technology,Home Office,52.12,6,0.1,-9.69
2024-01-18,South,Office Supplies,Corporate,97.68,3,0.1,28.77
2024-01-18,South,Office Supplies,Consumer,71.27,2,0.2,9.7
2024-01-18,South,Technology,Corporate,74.82,6,0.0,8.05
2024-01-18,West,Office Supplies,Corporate,83.92,4,0.0,9.94
2024-01-19,West,Technology,Home Office,73.34,3,0.0,1.87
2024-01-19,East,Technology,Corporate,549.41,2,0.0,158.14
2024-01-20,South,Office Supplies,Corporate,92.68,5,0.0,48.36
2024-01-20,West,Furniture,Corporate,604.52,7,0.0,152.37
2024-01-20,South,Technology,Consumer,241.61,4,0.0,40.87
2024-01-20,West,Technology,Consumer,237.67,1,0.2,53.12
2024-01-20,West,Technology,Corporate,280.56,5,0.1,73.56
2024-01-20,East,Office Supplies,Consumer,122.32,2,0.0,78.17
2024-01-21,West,Office Supplies,Consumer,26.02,3,0.0,19.65
2024-01-21,Central,Office Supplies,Corporate,59.58,3,0.2,11.04
2024-01-21,Central,Technology,Corporate,333.43,5,0.1,95.23
2024-01-22,West,Office Supplies,Corporate,20.58,1,0.3,30.43
2024-01-22,East,Furniture,Home Office,100.61,6,0.3,-10.07
2024-01-22,West,Office Supplies,Consumer,72.88,7,0.0,29.07
2024-01-23,East,Technology,Corporate,510.46,4,0.0,142.49
2024-01-23,East,Technology,Corporate,476.24,2,0.0,117.53
2024-01-23,Central,Technology,Home Office,734.64,2,0.0,187.78
2024-01-23,West,Technology,Consumer,106.2,1,0.0,15.18
2024-01-23,East,Technology,Consumer,441.73,5,0.0,100.28
2024-01-24,East,Technology,Home Office,646.66,3,0.0,190.85
2024-01-24,South,Technology,Consumer,591.56,3,0.1,124.57
2024-01-24,East,Furniture,Corporate,162.72,6,0.1,32.31
2024-01-24,West,Furniture,Corporate,358.19,1,0.0,108.15
2024-01-24,Central,Technology,Consumer,241.42,7,0.1,56.41
2024-01-24,East,Furniture,Consumer,248.37,4,0.0,67.79
2024-01-24,West,Office Supplies,Consumer,86.25,5,0.1,3.12
2024-01-25,West,Office Supplies,Consumer,23.01,3,0.3,-5.29
2024-01-25,East,Furniture,Corporate,86.02,2,0.0,36.09
2024-01-25,South,Furniture,Consumer,178.12,4,0.1,63.09
2024-01-25,West,Technology,Consumer,509.01,6,0.1,115.46
2024-01-25,West,Technology,Corporate,15.39,6,0.2,-13.11
2024-01-26,Central,Technology,Corporate,417.79,1,0.2,43.26
2024-01-26,West,Furniture,Consumer,209.97,6,0.2,46.13
2024-01-26,West,Furniture,Consumer,97.05,6,0.0,29.32
2024-01-27,East,Technology,Home Office,331.25,5,0.1,79.39
2024-01-27,East,Furniture,Consumer,97.75,3,0.1,52.82
2024-01-27,South,Office Supplies,Consumer,143.89,5,0.2,26.95
2024-01-27,East,Technology,Consumer,285.85,3,0.1,78.94
2024-01-27,West,Office Supplies,Consumer,174.68,7,0.0,31.28
2024-01-28,West,Furniture,Consumer,530.39,1,0.1,113.15
2024-01-28,West,Technology,Corporate,117.89,5,0.0,50.91
2024-01-28,West,Office Supplies,Corporate,119.74,1,0.3,24.33
2024-01-28,South,Technology,Home Office,722.76,7,0.1,185.45
2024-01-28,Central,Furniture,Consumer,226.24,6,0.2,51.77
2024-01-29,West,Office Supplies,Home Office,309.02,6,0.1,74.07
2024-01-29,East,Technology,Consumer,196.69,3,0.0,62.23
2024-01-29,West,Technology,Corporate,548.53,3,0.0,132.17
2024-01-29,West,Technology,Consumer,204.64,2,0.0,56.85
2024-01-29,West,Technology,Home Office,761.92,7,0.0,214.8
2024-01-29,West,Office Supplies,Consumer,74.48,6,0.0,29.92
2024-01-30,South,Technology,Corporate,177.57,7,0.0,51.37
2024-01-30,East,Office Supplies,Home Office,154.82,4,0.2,31.68
2024-01-30,West,Office Supplies,Corporate,111.51,5,0.1,19.78
2024-01-31,West,Office Supplies,Home Office,76.04,2,0.0,11.95
2024-01-31,Central,Office Supplies,Consumer,92.96,4,0.0,19.87
2024-01-31,West,Technology,Consumer,234.83,6,0.0,49.4
2024-01-31,East,Office Supplies,Home Office,61.25,1,0.1,-2.77
2024-01-31,West,Technology,Corporate,230.37,1,0.1,22.42
2024-02-01,South,Technology,Consumer,454.3,3,0.2,102.43
2024-02-01,Central,Furniture,Corporate,369.39,2,0.1,83.38
2024-02-01,West,Technology,Home Office,807.12,2,0.3,91.92
2024-02-01,East,Furniture,Home Office,98.01,4,0.0,9.98
2024-02-01,South,Technology,Corporate,314.57,7,0.0,102.5
2024-02-02,Central,Furniture,Consumer,352.9,3,0.0,112.68
2024-02-02,West,Office Supplies,Home Office,13.35,1,0.2,6.8
2024-02-02,East,Technology,Consumer,403.38,2,0.1,100.29
2024-02-02,West,Furniture,Corporate,47.6,4,0.2,4.57
2024-02-03,East,Technology,Corporate,118.83,7,0.0,57.32
2024-02-03,East,Technology,Consumer,306.26,6,0.0,77.71
2024-02-03,Central,Furniture,Consumer,117.25,6,0.1,48.41
2024-02-03,East,Office Supplies,Consumer,116.98,6,0.1,33.71
2024-02-03,Central,Technology,Corporate,96.66,5,0.0,-11.66
2024-02-04,South,Furniture,Corporate,282.83,4,0.0,88.68
2024-02-04,East,Office Supplies,Consumer,93.38,3,0.0,36.06
2024-02-05,Central,Technology,Corporate,114.41,2,0.0,15.59
2024-02-05,West,Office Supplies,Corporate,110.74,3,0.0,38.5
2024-02-05,East,Technology,Corporate,307.25,4,0.0,92.34
2024-02-06,East,Office Supplies,Consumer,57.56,7,0.0,18.0
2024-02-06,West,Furniture,Consumer,253.68,6,0.3,31.85
2024-02-06,West,Office Supplies,Consumer,37.41,7,0.0,13.52
2024-02-06,West,Technology,Consumer,432.5,4,0.0,107.55
2024-02-06,Central,Office Supplies,Corporate,112.9,6,0.0,24.14
2024-02-06,West,Furniture,Home Office,109.51,2,0.0,46.23
2024-02-06,West,Office Supplies,Home Office,288.47,3,0.0,97.96
2024-02-07,Central,Office Supplies,Consumer,138.38,7,0.0,64.35
2024-02-07,West,Office Supplies,Consumer,89.63,4,0.1,40.9
2024-02-08,Central,Technology,Corporate,122.37,1,0.2,54.17
2024-02-09,South,Technology,Consumer,618.11,2,0.2,98.42
2024-02-09,Central,Technology,Consumer,358.52,1,0.0,77.7
2024-02-09,Central,Office Supplies,Corporate,33.46,6,0.0,2.78
2024-02-09,East,Technology,Home Office,928.01,3,0.0,271.21
2024-02-09,Central,Furniture,Home Office,226.81,2,0.0,60.15
2024-02-10,South,Office Supplies,Consumer,102.11,5,0.3,28.18
2024-02-10,West,Technology,Home Office,558.33,4,0.0,166.94
2024-02-10,South,Furniture,Consumer,739.95,5,0.2,118.84
2024-02-11,East,Furniture,Corporate,292.35,4,0.1,47.19
2024-02-11,Central,Office Supplies,Consumer,191.75,4,0.0,59.41
2024-02-12,Central,Office Supplies,Consumer,112.23,3,0.3,5.01
2024-02-12,West,Office Supplies,Corporate,159.99,2,0.3,39.61
2024-02-12,East,Office Supplies,Consumer,159.82,7,0.1,29.89
2024-02-13,West,Technology,Corporate,800.42,5,0.0,207.71
2024-02-13,East,Technology,Consumer,286.67,3,0.0,81.47
2024-02-13,West,Technology,Corporate,311.92,3,0.0,92.65
2024-02-13,East,Office Supplies,Consumer,106.69,7,0.2,8.02
2024-02-14,East,Technology,Corporate,158.81,3,0.0,45.47
2024-02-14,South,Office Supplies,Consumer,34.27,3,0.1,-11.04
2024-02-14,South,Technology,Corporate,137.09,6,0.0,29.64
2024-02-15,West,Furniture,Consumer,309.07,3,0.1,70.35
2024-02-15,West,Technology,Home Office,428.19,5,0.3,62.32
2024-02-15,Central,Office Supplies,Corporate,157.38,1,0.0,44.0
2024-02-16,West,Office Supplies,Corporate,129.21,7,0.0,21.92
2024-02-16,East,Technology,Consumer,571.29,5,0.2,103.85
2024-02-16,West,Technology,Consumer,798.11,1,0.2,128.29
2024-02-16,Central,Technology,Consumer,113.26,6,0.0,27.06
2024-02-16,Central,Technology,Home Office,1250.43,5,0.2,217.68
2024-02-16,Central,Furniture,Corporate,161.63,3,0.0,58.34
2024-02-16,Central,Technology,Corporate,285.88,4,0.0,100.14
2024-02-17,South,Office Supplies,Corporate,31.47,6,0.2,22.31
2024-02-17,East,Furniture,Consumer,91.6,4,0.3,-12.08
2024-02-17,South,Office Supplies,Home Office,116.3,7,0.0,52.22
2024-02-17,South,Technology,Consumer,129.97,1,0.3,0.66
2024-02-18,South,Furniture,Consumer,346.37,5,0.1,88.59
2024-02-18,East,Office Supplies,Corporate,18.58,7,0.2,9.52
2024-02-18,West,Office Supplies,Corporate,60.53,5,0.1,18.42
2024-02-18,Central,Furniture,Consumer,385.89,5,0.1,102.72
2024-02-18,West,Furniture,Corporate,284.91,5,0.0,104.44
2024-02-18,West,Technology,Home Office,1009.0,5,0.0,288.95
2024-02-19,East,Technology,Consumer,255.64,6,0.1,52.89
2024-02-19,East,Furniture,Consumer,231.66,3,0.0,45.11
2024-02-19,East,Furniture,Consumer,178.13,5,0.0,62.44
2024-02-19,Central,Technology,Consumer,8.73,1,0.2,-8.06
2024-02-19,West,Office Supplies,Consumer,247.87,5,0.2,15.72
2024-02-19,East,Furniture,Corporate,166.66,3,0.1,38.24
2024-02-19,West,Technology,Consumer,72.91,7,0.0,4.71
2024-02-19,West,Technology,Corporate,1299.15,4,0.2,233.33
2024-02-19,East,Office Supplies,Corporate,249.96,6,0.2,38.55
2024-02-20,West,Office Supplies,Corporate,90.3,4,0.1,-13.92
2024-02-20,West,Furniture,Consumer,337.16,4,0.1,58.37
2024-02-20,East,Furniture,Consumer,178.66,6,0.1,35.59
2024-02-20,East,Technology,Consumer,673.01,3,0.0,178.19
2024-02-21,South,Technology,Home Office,355.46,4,0.2,69.76
2024-02-21,South,Technology,Consumer,262.85,1,0.0,90.67
2024-02-21,Central,Technology,Home Office,337.09,1,0.1,45.16
2024-02-21,East,Office Supplies,Consumer,57.95,4,0.0,20.05
2024-02-21,East,Technology,Home Office,653.35,1,0.2,103.68
2024-02-21,West,Technology,Corporate,458.5,7,0.1,126.05
2024-02-21,West,Technology,Corporate,399.53,7,0.2,70.24
2024-02-21,Central,Technology,Corporate,938.41,2,0.0,274.84
2024-02-21,Central,Furniture,Consumer,378.57,7,0.2,62.86
2024-02-22,West,Technology,Corporate,33.28,7,0.1,10.87
2024-02-22,South,Furniture,Consumer,139.78,1,0.0,29.22
2024-02-22,Central,Technology,Consumer,415.19,4,0.2,78.06
2024-02-22,West,Technology,Corporate,230.52,1,0.0,47.67
2024-02-22,West,Office Supplies,Consumer,192.51,4,0.1,59.09
2024-02-23,West,Office Supplies,Consumer,83.43,6,0.1,8.4
2024-02-23,Central,Furniture,Corporate,626.15,3,0.3,34.86
2024-02-24,South,Technology,Consumer,185.66,1,0.2,2.57
2024-02-24,East,Technology,Corporate,252.47,7,0.3,24.99
2024-02-24,South,Technology,Consumer,329.79,7,0.3,41.39
2024-02-24,East,Technology,Consumer,118.13,4,0.0,20.48
2024-02-24,East,Technology,Home Office,461.39,2,0.2,89.05
2024-02-25,Central,Furniture,Home Office,261.55,5,0.0,60.1
2024-02-25,East,Furniture,Corporate,132.34,6,0.3,9.46
2024-02-25,West,Furniture,Consumer,292.86,2,0.0,73.04
2024-02-26,East,Office Supplies,Consumer,55.32,7,0.0,15.87
2024-02-26,East,Technology,Consumer,216.28,6,0.0,28.84
2024-02-26,West,Technology,Home Office,741.96,6,0.1,186.64
2024-02-26,South,Office Supplies,Corporate,77.12,7,0.1,23.68
2024-02-27,Central,Office Supplies,Corporate,66.85,5,0.3,-1.9
2024-02-27,West,Furniture,Corporate,154.99,7,0.2,26.25
2024-02-27,West,Furniture,Home Office,219.84,6,0.3,37.59
2024-02-27,West,Technology,Consumer,306.93,3,0.1,69.93
2024-02-27,South,Technology,Home Office,172.98,3,0.0,53.05
2024-02-27,Central,Technology,Consumer,240.67,6,0.1,41.1
2024-02-27,West,Office Supplies,Corporate,41.61,6,0.1,2.92
2024-02-27,South,Furniture,Consumer,561.6,2,0.1,130.08
2024-02-27,South,Technology,Consumer,779.56,5,0.1,188.89
2024-02-27,West,Furniture,Consumer,103.51,5,0.0,14.19
2024-02-28,East,Office Supplies,Corporate,89.29,1,0.0,12.87
2024-02-28,East,Office Supplies,Corporate,76.71,2,0.0,17.9
2024-02-28,East,Technology,Consumer,870.91,2,0.0,250.8
2024-02-28,West,Office Supplies,Consumer,168.24,5,0.0,67.18
2024-02-29,South,Furniture,Consumer,513.98,3,0.0,130.2
2024-02-29,West,Technology,Corporate,273.78,6,0.0,66.01
2024-02-29,East,Furniture,Consumer,127.74,5,0.1,33.5
2024-03-01,East,Office Supplies,Consumer,18.81,2,0.1,3.18
2024-03-01,Central,Office Supplies,Consumer,37.46,2,0.0,1.86
2024-03-01,East,Technology,Consumer,270.92,1,0.1,68.44
2024-03-01,West,Office Supplies,Corporate,101.38,1,0.1,17.16
2024-03-01,West,Office Supplies,Consumer,88.04,6,0.2,16.43
2024-03-01,East,Furniture,Home Office,167.84,7,0.0,59.36
2024-03-01,East,Office Supplies,Home Office,88.33,1,0.0,2.52
2024-03-02,Central,Office Supplies,Home Office,49.21,2,0.2,-5.08
2024-03-02,West,Office Supplies,Home Office,19.82,3,0.2,-0.06
2024-03-02,West,Office Supplies,Consumer,51.64,6,0.0,31.65
2024-03-02,East,Technology,Consumer,334.22,4,0.1,78.47
2024-03-03,Central,Technology,Consumer,1371.75,1,0.0,386.84
2024-03-03,Central,Office Supplies,Corporate,65.74,2,0.1,42.52
2024-03-03,West,Technology,Corporate,662.91,4,0.0,189.7
2024-03-03,West,Office Supplies,Corporate,2.09,2,0.0,10.68
2024-03-03,Central,Technology,Corporate,385.3,4,0.0,102.17
2024-03-04,West,Technology,Home Office,231.04,3,0.0,80.43
2024-03-04,South,Office Supplies,Consumer,105.62,5,0.2,12.96
2024-03-04,Central,Furniture,Home Office,310.07,5,0.0,96.28
2024-03-04,West,Office Supplies,Consumer,38.07,2,0.1,18.01
2024-03-05,South,Technology,Consumer,460.46,7,0.1,98.07
2024-03-05,South,Furniture,Consumer,204.21,4,0.0,63.03
2024-03-05,West,Technology,Corporate,161.49,7,0.1,50.08
2024-03-05,East,Office Supplies,Corporate,88.2,7,0.0,55.52
2024-03-05,West,Office Supplies,Consumer,104.91,3,0.1,22.87
2024-03-05,Central,Furniture,Corporate,187.03,6,0.0,69.26
2024-03-05,Central,Office Supplies,Home Office,108.1,7,0.0,35.08
2024-03-05,East,Technology,Consumer,1084.73,2,0.0,324.54
2024-03-06,Central,Furniture,Corporate,138.57,2,0.0,47.12
2024-03-06,West,Office Supplies,Corporate,60.18,1,0.1,6.92
2024-03-06,West,Office Supplies,Consumer,66.65,3,0.0,8.16
2024-03-06,West,Technology,Home Office,707.51,5,0.1,177.52
2024-03-06,East,Furniture,Home Office,92.62,6,0.0,16.51
2024-03-06,East,Technology,Home Office,843.75,5,0.0,256.59
2024-03-07,West,Office Supplies,Consumer,192.8,4,0.0,63.53
2024-03-07,South,Furniture,Corporate,378.0,5,0.0,111.56
2024-03-07,West,Technology,Consumer,435.07,7,0.0,137.06
2024-03-07,East,Office Supplies,Consumer,72.4,3,0.3,33.11
2024-03-07,West,Office Supplies,Consumer,149.97,3,0.0,51.52
2024-03-08,Central,Furniture,Consumer,565.86,4,0.1,161.08
2024-03-08,Central,Technology,Consumer,461.99,1,0.0,132.99
2024-03-08,West,Furniture,Consumer,272.81,1,0.1,64.03
2024-03-09,East,Furniture,Corporate,52.2,2,0.2,-23.49
2024-03-09,West,Furniture,Consumer,827.73,2,0.1,204.86
2024-03-09,West,Office Supplies,Corporate,106.54,2,0.1,46.15
2024-03-09,West,Furniture,Home Office,241.74,4,0.1,55.69
2024-03-09,South,Furniture,Home Office,92.16,6,0.0,37.42
2024-03-10,South,Furniture,Consumer,112.49,2,0.2,52.83
2024-03-10,South,Furniture,Corporate,242.65,6,0.0,61.07
2024-03-10,West,Furniture,Home Office,236.32,5,0.0,57.62
2024-03-10,East,Office Supplies,Home Office,93.94,5,0.1,17.74
2024-03-10,South,Technology,Home Office,1113.73,4,0.1,243.94
2024-03-10,West,Furniture,Consumer,230.6,5,0.0,45.19
2024-03-11,West,Technology,Consumer,253.94,5,0.0,74.33
2024-03-11,East,Technology,Corporate,786.37,6,0.2,118.84
2024-03-11,Central,Technology,Consumer,340.04,6,0.0,82.54
2024-03-11,South,Office Supplies,Corporate,68.72,7,0.3,22.28
2024-03-11,Central,Office Supplies,Consumer,62.09,1,0.0,20.75
2024-03-12,South,Office Supplies,Consumer,173.53,2,0.1,39.76
2024-03-12,West,Office Supplies,Home Office,131.29,7,0.0,29.74
2024-03-12,West,Technology,Home Office,643.62,6,0.2,128.12
2024-03-12,West,Furniture,Home Office,712.52,3,0.0,220.61
2024-03-12,West,Office Supplies,Consumer,162.0,1,0.0,28.13
2024-03-12,South,Office Supplies,Corporate,389.36,2,0.1,107.76
2024-03-12,West,Furniture,Consumer,207.7,7,0.3,46.89
2024-03-13,West,Office Supplies,Home Office,19.32,1,0.0,22.41
2024-03-13,Central,Technology,Consumer,1156.92,7,0.0,300.73
2024-03-14,East,Office Supplies,Home Office,361.2,1,0.0,113.07
2024-03-14,Central,Technology,Consumer,59.66,3,0.0,49.29
2024-03-14,West,Technology,Consumer,939.37,1,0.0,266.67
2024-03-14,Central,Office Supplies,Corporate,88.86,7,0.1,14.03
2024-03-14,Central,Office Supplies,Consumer,98.65,3,0.1,10.22
2024-03-14,South,Office Supplies,Home Office,211.68,5,0.1,66.22
2024-03-14,Central,Technology,Consumer,52.37,7,0.0,2.1
2024-03-15,East,Furniture,Corporate,274.77,1,0.0,83.44
2024-03-15,South,Furniture,Home Office,136.09,7,0.0,63.5
2024-03-15,East,Technology,Home Office,300.26,2,0.2,25.18
2024-03-15,West,Technology,Consumer,339.41,5,0.1,87.69
2024-03-16,East,Office Supplies,Home Office,83.74,4,0.0,53.25
2024-03-16,East,Technology,Corporate,474.32,3,0.2,99.35
2024-03-16,East,Office Supplies,Consumer,341.5,3,0.0,112.08
2024-03-16,West,Furniture,Home Office,306.8,7,0.0,72.98
2024-03-16,West,Furniture,Corporate,491.54,7,0.0,114.63
2024-03-16,Central,Technology,Corporate,285.11,4,0.2,34.9
2024-03-17,South,Furniture,Consumer,137.97,1,0.0,38.37
2024-03-17,Central,Furniture,Consumer,647.45,7,0.2,124.15
2024-03-17,West,Technology,Corporate,113.04,4,0.0,20.7
2024-03-17,West,Technology,Home Office,668.88,7,0.0,195.54
2024-03-17,West,Furniture,Consumer,285.41,6,0.0,74.43
2024-03-17,South,Technology,Home Office,840.67,4,0.0,251.15
2024-03-17,Central,Office Supplies,Corporate,21.58,2,0.1,-18.61
2024-03-17,West,Technology,Consumer,428.57,6,0.0,114.24
2024-03-17,East,Furniture,Consumer,109.07,7,0.0,8.74
2024-03-18,West,Technology,Home Office,397.18,5,0.3,64.91
2024-03-18,Central,Furniture,Corporate,260.14,3,0.0,65.81
2024-03-18,West,Furniture,Consumer,291.9,5,0.0,81.23
2024-03-18,East,Technology,Consumer,1334.88,2,0.0,369.9
2024-03-19,West,Office Supplies,Consumer,178.83,6,0.0,30.39
2024-03-19,East,Technology,Consumer,492.82,1,0.1,109.37
2024-03-19,Central,Technology,Home Office,442.93,7,0.0,100.24
2024-03-19,East,Furniture,Corporate,931.31,5,0.0,244.45
2024-03-19,East,Technology,Consumer,719.33,6,0.2,129.97
2024-03-19,East,Office Supplies,Corporate,71.26,6,0.0,13.49
2024-03-20,West,Technology,Corporate,348.0,2,0.0,102.66
2024-03-20,Central,Office Supplies,Corporate,83.91,4,0.0,46.43
2024-03-20,West,Office Supplies,Consumer,244.02,5,0.2,16.06
2024-03-21,South,Technology,Home Office,219.97,7,0.2,36.84
2024-03-21,West,Furniture,Consumer,39.84,4,0.1,41.89
2024-03-21,East,Office Supplies,Home Office,126.25,6,0.0,29.77
2024-03-21,East,Office Supplies,Consumer,38.91,7,0.0,1.88
2024-03-21,South,Technology,Corporate,433.61,3,0.1,94.61
2024-03-21,West,Technology,Consumer,72.96,3,0.0,-6.73
2024-03-21,East,Office Supplies,Consumer,27.22,1,0.0,9.76
2024-03-22,Central,Technology,Consumer,233.88,7,0.0,58.33
2024-03-22,East,Office Supplies,Consumer,146.86,2,0.0,30.9
2024-03-22,West,Furniture,Home Office,102.86,4,0.0,19.64
2024-03-22,Central,Furniture,Consumer,139.34,6,0.1,41.13
2024-03-23,South,Office Supplies,Home Office,73.78,5,0.2,18.61
2024-03-23,West,Furniture,Corporate,479.14,7,0.0,140.25
2024-03-23,East,Technology,Corporate,376.15,7,0.0,102.35
2024-03-23,South,Technology,Consumer,244.16,5,0.0,91.87
2024-03-24,West,Technology,Home Office,725.85,6,0.1,154.59
2024-03-24,Central,Technology,Corporate,1141.45,6,0.0,334.36
2024-03-24,West,Office Supplies,Home Office,28.74,5,0.0,8.98
2024-03-24,East,Office Supplies,Consumer,16.73,6,0.1,-10.99
2024-03-24,West,Office Supplies,Consumer,168.36,3,0.2,31.93
2024-03-24,Central,Furniture,Corporate,205.6,7,0.3,15.53
2024-03-24,South,Office Supplies,Corporate,39.16,4,0.1,3.09
2024-03-24,West,Technology,Home Office,557.01,3,0.1,141.31
2024-03-24,Central,Furniture,Consumer,126.87,1,0.2,-4.23
2024-03-24,East,Technology,Home Office,109.4,2,0.0,18.21
2024-03-24,West,Furniture,Consumer,921.61,7,0.0,239.68
2024-03-24,South,Furniture,Corporate,94.7,7,0.2,21.73
2024-03-25,West,Office Supplies,Corporate,147.79,7,0.0,29.81
2024-03-25,South,Technology,Consumer,692.09,3,0.0,193.39
2024-03-25,South,Technology,Corporate,31.01,4,0.0,15.96
2024-03-25,East,Office Supplies,Home Office,89.06,5,0.2,4.36
2024-03-25,West,Furniture,Corporate,137.9,7,0.2,36.63
2024-03-26,West,Office Supplies,Consumer,269.28,3,0.3,41.01
2024-03-26,East,Technology,Corporate,609.31,7,0.0,160.93
2024-03-26,East,Furniture,Corporate,21.71,3,0.0,-2.76
2024-03-26,West,Office Supplies,Home Office,108.31,3,0.0,25.21
2024-03-26,West,Office Supplies,Corporate,77.08,5,0.2,38.82
2024-03-27,Central,Technology,Consumer,603.03,7,0.0,144.94
2024-03-28,West,Furniture,Corporate,413.49,3,0.2,78.6
2024-03-28,West,Furniture,Consumer,158.57,2,0.2,37.33
2024-03-28,West,Furniture,Consumer,61.07,6,0.0,18.01
2024-03-28,Central,Technology,Consumer,45.73,4,0.0,-16.09
2024-03-28,East,Office Supplies,Corporate,21.47,4,0.0,53.38
2024-03-28,Central,Furniture,Corporate,644.21,6,0.3,74.35
2024-03-29,West,Furniture,Consumer,1010.17,5,0.0,276.33
2024-03-29,West,Office Supplies,Corporate,60.22,6,0.0,22.49
2024-03-29,East,Furniture,Corporate,370.99,1,0.0,107.24
2024-03-29,Central,Technology,Corporate,454.66,4,0.0,104.0
2024-03-29,East,Office Supplies,Home Office,33.87,4,0.2,10.75
2024-03-29,West,Technology,Corporate,176.08,4,0.3,31.81
2024-03-30,West,Furniture,Consumer,171.09,4,0.0,61.96
2024-03-30,South,Office Supplies,Consumer,14.69,5,0.1,11.2
2024-03-30,South,Office Supplies,Consumer,113.07,5,0.0,11.17
2024-03-30,West,Technology,Home Office,216.84,1,0.0,72.87
2024-03-30,West,Office Supplies,Corporate,23.14,5,0.0,12.07
2024-03-31,West,Technology,Corporate,600.25,6,0.1,141.16
2024-03-31,West,Office Supplies,Consumer,134.95,3,0.2,15.08
2024-03-31,East,Technology,Corporate,333.34,5,0.0,110.97
2024-03-31,Central,Technology,Consumer,545.28,3,0.0,145.86
2024-03-31,West,Technology,Consumer,354.53,7,0.0,83.18
2024-03-31,East,Technology,Consumer,173.98,6,0.1,52.86
2024-03-31,West,Office Supplies,Corporate,26.3,4,0.3,2.01
2024-03-31,West,Office Supplies,Home Office,99.09,4,0.1,35.93
2024-04-01,Central,Office Supplies,Consumer,182.43,1,0.2,48.86
2024-04-01,Central,Office Supplies,Corporate,142.63,6,0.0,26.99
2024-04-01,West,Technology,Consumer,664.47,2,0.1,167.91
2024-04-01,East,Technology,Corporate,418.19,2,0.0,125.36
2024-04-01,East,Office Supplies,Consumer,74.12,5,0.0,8.16
2024-04-02,West,Office Supplies,Corporate,64.89,2,0.0,26.23
2024-04-02,West,Technology,Consumer,561.0,3,0.1,143.51
2024-04-02,Central,Office Supplies,Corporate,93.53,5,0.0,13.71
2024-04-03,West,Technology,Consumer,255.67,3,0.0,69.47
2024-04-03,South,Office Supplies,Corporate,68.6,2,0.0,32.73
2024-04-03,West,Technology,Home Office,861.53,4,0.3,88.25
2024-04-03,East,Furniture,Consumer,307.09,4,0.0,79.21
2024-04-03,South,Office Supplies,Corporate,51.25,1,0.2,40.84
2024-04-04,West,Office Supplies,Consumer,94.64,2,0.0,38.56
2024-04-04,West,Furniture,Consumer,394.67,5,0.1,109.72
2024-04-04,West,Technology,Home Office,1334.91,1,0.1,331.04
2024-04-04,West,Furniture,Consumer,186.91,3,0.3,27.12
2024-04-05,West,Office Supplies,Consumer,12.76,7,0.2,15.03
2024-04-05,West,Technology,Consumer,368.12,6,0.2,83.41
2024-04-05,Central,Office Supplies,Corporate,27.83,2,0.1,15.45
2024-04-05,South,Technology,Corporate,155.28,3,0.2,48.69
2024-04-05,West,Technology,Corporate,735.65,1,0.0,176.78
2024-04-06,East,Furniture,Consumer,416.14,6,0.2,81.52
2024-04-06,West,Technology,Corporate,203.47,6,0.0,53.76
2024-04-06,West,Furniture,Corporate,148.92,2,0.0,40.64
2024-04-06,West,Technology,Corporate,2150.42,6,0.0,602.69
2024-04-06,West,Furniture,Consumer,420.1,2,0.1,114.64
2024-04-06,East,Technology,Consumer,820.98,3,0.2,171.12
2024-04-06,East,Office Supplies,Consumer,3.24,6,0.2,15.99
2024-04-06,West,Technology,Corporate,1008.73,6,0.1,237.14
2024-04-06,Central,Furniture,Home Office,236.49,5,0.2,30.04
2024-04-06,West,Office Supplies,Home Office,98.53,4,0.1,54.69
2024-04-07,Central,Office Supplies,Corporate,79.58,2,0.0,20.67
2024-04-07,West,Office Supplies,Home Office,88.77,3,0.0,38.3
2024-04-07,Central,Office Supplies,Consumer,67.72,3,0.1,50.66
2024-04-07,East,Office Supplies,Home Office,23.07,7,0.0,32.63
2024-04-07,West,Technology,Corporate,633.44,4,0.1,153.06
2024-04-08,Central,Office Supplies,Consumer,484.18,6,0.0,169.73
2024-04-08,West,Furniture,Consumer,48.75,6,0.1,4.41
2024-04-08,Central,Furniture,Consumer,78.39,1,0.0,-6.49
2024-04-08,East,Furniture,Corporate,302.98,2,0.0,98.76
2024-04-08,East,Furniture,Consumer,477.61,5,0.0,130.69
2024-04-09,West,Office Supplies,Corporate,129.44,3,0.0,39.52
2024-04-09,West,Furniture,Corporate,158.37,5,0.2,31.17
2024-04-09,West,Furniture,Home Office,72.45,1,0.0,19.85
2024-04-09,West,Office Supplies,Corporate,62.27,6,0.1,-5.58
2024-04-10,Central,Technology,Corporate,180.65,1,0.2,63.95
2024-04-10,East,Technology,Consumer,294.45,6,0.2,48.15
2024-04-10,East,Technology,Consumer,1185.21,6,0.0,326.27
2024-04-10,West,Technology,Consumer,553.59,1,0.0,155.48
2024-04-10,West,Furniture,Consumer,525.09,6,0.0,149.07
2024-04-11,East,Office Supplies,Home Office,86.79,6,0.0,1.35
2024-04-11,West,Furniture,Corporate,373.22,7,0.0,93.2
2024-04-12,East,Technology,Home Office,172.89,7,0.1,36.59
2024-04-12,West,Office Supplies,Home Office,98.95,6,0.1,7.8
2024-04-12,West,Technology,Consumer,152.69,1,0.1,39.2
2024-04-12,West,Furniture,Corporate,388.07,2,0.0,83.11
2024-04-13,West,Office Supplies,Consumer,88.49,6,0.0,21.4
2024-04-13,West,Office Supplies,Consumer,38.08,4,0.1,25.31
2024-04-13,East,Office Supplies,Consumer,57.85,3,0.1,-6.14
2024-04-14,West,Technology,Home Office,197.34,7,0.0,74.4
2024-04-14,South,Furniture,Consumer,462.74,4,0.0,123.47
2024-04-14,South,Furniture,Consumer,72.08,3,0.0,17.04
2024-04-14,East,Technology,Home Office,67.65,5,0.3,8.06
2024-04-14,East,Furniture,Consumer,468.18,4,0.1,118.3
2024-04-14,Central,Office Supplies,Consumer,96.26,3,0.1,18.23
2024-04-15,Central,Office Supplies,Consumer,73.47,3,0.0,10.95
2024-04-15,East,Office Supplies,Consumer,24.75,1,0.3,16.34
2024-04-16,West,Technology,Corporate,566.04,2,0.0,168.32
2024-04-16,Central,Technology,Consumer,457.4,6,0.1,105.42
2024-04-16,East,Technology,Consumer,362.26,4,0.0,98.37
2024-04-17,West,Furniture,Corporate,342.48,5,0.0,96.04
2024-04-17,West,Office Supplies,Corporate,117.13,1,0.0,23.94
2024-04-17,Central,Office Supplies,Consumer,87.57,7,0.0,3.3
2024-04-17,West,Office Supplies,Consumer,66.36,1,0.1,35.73
2024-04-18,East,Technology,Consumer,43.73,7,0.1,14.78
2024-04-18,Central,Technology,Home Office,514.42,7,0.0,163.35
2024-04-18,West,Furniture,Consumer,473.39,5,0.1,120.46
2024-04-18,South,Technology,Consumer,535.51,2,0.1,119.9
2024-04-18,South,Office Supplies,Consumer,17.36,4,0.0,5.78
2024-04-19,West,Furniture,Consumer,179.51,1,0.1,50.17
2024-04-19,South,Office Supplies,Consumer,66.63,2,0.0,44.32
2024-04-19,East,Technology,Consumer,163.62,1,0.3,-2.2
2024-04-19,East,Furniture,Consumer,558.32,7,0.1,131.26
2024-04-20,Central,Technology,Corporate,466.34,6,0.0,132.03
2024-04-20,West,Technology,Home Office,85.02,3,0.1,26.44
2024-04-20,East,Technology,Corporate,415.7,2,0.3,37.32
2024-04-20,East,Technology,Corporate,394.07,4,0.0,100.38
2024-04-20,Central,Furniture,Consumer,58.4,3,0.1,19.99
2024-04-20,West,Technology,Home Office,192.46,4,0.0,38.61
2024-04-20,South,Technology,Consumer,209.04,1,0.2,45.74
2024-04-21,East,Office Supplies,Home Office,102.76,3,0.1,45.73
2024-04-21,Central,Technology,Consumer,515.28,7,0.0,139.9
2024-04-22,East,Technology,Corporate,712.53,1,0.1,167.8
2024-04-22,West,Technology,Corporate,435.75,3,0.0,119.79
2024-04-22,West,Technology,Consumer,237.49,6,0.1,52.14
2024-04-23,West,Technology,Consumer,582.81,6,0.0,157.96
2024-04-23,East,Furniture,Consumer,415.32,2,0.1,125.28
2024-04-23,West,Office Supplies,Consumer,73.08,1,0.0,40.95
2024-04-23,West,Furniture,Home Office,454.38,3,0.1,83.24
2024-04-24,East,Furniture,Consumer,806.36,4,0.0,245.38
2024-04-24,West,Furniture,Corporate,510.3,7,0.1,131.57
2024-04-24,West,Technology,Home Office,185.67,5,0.0,40.45
2024-04-25,South,Technology,Home Office,282.68,7,0.2,18.61
2024-04-25,West,Office Supplies,Corporate,76.44,6,0.0,39.52
2024-04-25,East,Office Supplies,Consumer,84.05,4,0.1,22.9
2024-04-26,East,Office Supplies,Consumer,48.08,4,0.0,20.61
2024-04-26,Central,Office Supplies,Corporate,127.74,6,0.0,24.02
2024-04-27,West,Technology,Corporate,819.83,7,0.2,149.71
2024-04-27,Central,Office Supplies,Consumer,59.62,6,0.0,-2.26
2024-04-27,East,Office Supplies,Corporate,56.27,7,0.0,34.25
2024-04-28,East,Furniture,Corporate,1028.1,3,0.2,188.47
2024-04-29,West,Furniture,Consumer,139.22,5,0.1,39.15
2024-04-29,Central,Technology,Home Office,105.71,1,0.3,11.29
2024-04-29,West,Furniture,Home Office,173.86,7,0.0,38.66
2024-04-29,West,Technology,Corporate,248.89,5,0.0,60.09
2024-04-30,West,Technology,Corporate,329.04,7,0.1,64.89
2024-04-30,West,Office Supplies,Consumer,27.32,5,0.0,28.16
2024-04-30,South,Furniture,Home Office,88.58,3,0.0,24.11
2024-05-01,East,Office Supplies,Consumer,37.58,2,0.1,17.65
2024-05-01,East,Technology,Consumer,364.15,7,0.0,120.79
2024-05-01,Central,Furniture,Corporate,246.63,2,0.3,36.62
2024-05-02,West,Technology,Consumer,522.85,3,0.1,118.63
2024-05-03,East,Technology,Corporate,104.95,5,0.1,9.77
2024-05-03,West,Furniture,Consumer,1083.31,5,0.2,191.08
2024-05-03,South,Technology,Consumer,220.02,3,0.1,65.28
2024-05-04,Central,Technology,Home Office,600.16,5,0.2,108.64
2024-05-04,Central,Furniture,Corporate,379.11,6,0.0,132.58
2024-05-04,South,Office Supplies,Home Office,243.65,1,0.3,51.75
2024-05-05,West,Technology,Corporate,540.58,4,0.0,123.43
2024-05-05,West,Office Supplies,Corporate,33.81,6,0.0,-10.48
2024-05-05,Central,Furniture,Corporate,211.92,3,0.2,8.41
2024-05-05,East,Technology,Home Office,587.98,3,0.2,95.44
2024-05-06,Central,Technology,Corporate,549.18,1,0.2,94.9
2024-05-06,East,Office Supplies,Consumer,178.51,7,0.2,24.03
2024-05-06,West,Furniture,Corporate,302.82,2,0.2,74.41
2024-05-06,East,Office Supplies,Consumer,230.24,1,0.2,19.63
2024-05-06,Central,Technology,Home Office,86.64,5,0.2,-3.59
2024-05-07,West,Technology,Home Office,206.89,7,0.2,13.17
2024-05-07,West,Office Supplies,Consumer,18.12,6,0.0,-12.7
2024-05-07,East,Technology,Home Office,828.43,7,0.0,239.78
2024-05-07,West,Office Supplies,Consumer,58.04,1,0.0,10.92
2024-05-07,South,Office Supplies,Consumer,31.24,4,0.0,16.97
2024-05-07,West,Office Supplies,Corporate,59.29,4,0.1,-4.16
2024-05-08,East,Office Supplies,Consumer,15.18,6,0.0,15.17
2024-05-08,Central,Technology,Home Office,933.3,5,0.0,294.56
2024-05-08,Central,Office Supplies,Consumer,250.3,4,0.0,105.23
2024-05-08,South,Technology,Consumer,966.56,3,0.1,223.22
2024-05-08,West,Technology,Consumer,595.63,7,0.3,77.56
2024-05-08,South,Furniture,Consumer,244.17,4,0.1,60.92
2024-05-08,East,Furniture,Corporate,113.54,6,0.0,18.58
2024-05-09,West,Office Supplies,Consumer,63.79,6,0.2,47.98
2024-05-09,East,Office Supplies,Consumer,162.51,4,0.0,51.75
2024-05-09,West,Technology,Corporate,1068.74,6,0.0,308.13
2024-05-10,South,Office Supplies,Consumer,55.71,3,0.0,17.8
2024-05-10,Central,Technology,Corporate,476.21,2,0.1,117.78
2024-05-10,East,Office Supplies,Home Office,211.05,7,0.2,14.03
2024-05-10,East,Technology,Consumer,116.9,7,0.0,62.71
2024-05-10,South,Office Supplies,Home Office,130.04,7,0.2,39.83
2024-05-10,West,Office Supplies,Corporate,39.59,4,0.1,21.12
2024-05-11,West,Technology,Corporate,824.76,4,0.2,122.4
2024-05-11,Central,Office Supplies,Corporate,233.99,5,0.2,52.33
2024-05-11,West,Furniture,Home Office,86.81,1,0.0,11.86
2024-05-11,East,Technology,Consumer,373.97,6,0.1,64.53
2024-05-11,West,Office Supplies,Corporate,268.26,4,0.1,76.63
2024-05-12,West,Office Supplies,Consumer,47.73,3,0.0,0.83
2024-05-12,Central,Furniture,Home Office,430.84,7,0.1,96.42
2024-05-12,Central,Technology,Consumer,795.37,3,0.2,156.79
2024-05-12,West,Office Supplies,Home Office,300.28,5,0.1,50.0
2024-05-12,Central,Furniture,Home Office,393.09,4,0.1,83.65
2024-05-12,West,Technology,Consumer,121.34,3,0.0,35.26
2024-05-13,Central,Furniture,Corporate,149.81,6,0.1,39.89
2024-05-13,East,Furniture,Corporate,112.77,3,0.2,44.12
2024-05-13,West,Technology,Corporate,433.9,1,0.0,141.08
2024-05-13,West,Office Supplies,Corporate,109.67,7,0.0,53.33
2024-05-13,West,Technology,Home Office,663.85,5,0.0,181.28
2024-05-13,West,Office Supplies,Corporate,15.32,2,0.0,25.06
2024-05-13,West,Furniture,Consumer,74.99,2,0.1,23.72
2024-05-13,East,Office Supplies,Corporate,67.48,4,0.1,0.91
2024-05-14,West,Office Supplies,Home Office,109.39,4,0.0,1.48
2024-05-14,West,Technology,Corporate,3535.16,7,0.1,814.04
2024-05-14,East,Furniture,Corporate,158.98,6,0.1,10.95
2024-05-14,Central,Office Supplies,Corporate,29.19,6,0.0,5.06
2024-05-14,West,Technology,Consumer,806.55,5,0.0,255.91
2024-05-14,West,Furniture,Consumer,183.3,4,0.2,42.25
2024-05-15,South,Office Supplies,Home Office,128.54,1,0.1,43.94
2024-05-15,Central,Technology,Corporate,416.99,3,0.0,84.3
2024-05-15,East,Furniture,Consumer,548.18,3,0.2,102.65
2024-05-15,East,Technology,Home Office,1247.89,4,0.1,251.21
2024-05-15,West,Technology,Home Office,233.5,6,0.0,60.94
2024-05-15,West,Office Supplies,Consumer,13.7,2,0.1,-12.96
2024-05-16,West,Technology,Corporate,279.19,6,0.0,69.36
2024-05-16,Central,Office Supplies,Home Office,153.42,1,0.0,27.71
2024-05-16,South,Office Supplies,Corporate,67.94,1,0.0,19.57
2024-05-17,West,Technology,Consumer,411.07,5,0.0,127.29
2024-05-17,West,Furniture,Consumer,319.52,1,0.0,74.25
2024-05-17,West,Technology,Home Office,448.13,4,0.2,112.98
2024-05-18,South,Office Supplies,Corporate,125.48,3,0.0,31.53
2024-05-18,East,Furniture,Consumer,617.21,4,0.0,166.48
2024-05-18,West,Furniture,Corporate,202.61,3,0.0,43.57
2024-05-18,West,Technology,Consumer,428.77,6,0.0,113.42
2024-05-18,South,Technology,Corporate,383.85,7,0.0,125.01
2024-05-18,West,Office Supplies,Consumer,101.6,6,0.1,34.46
2024-05-19,East,Office Supplies,Corporate,50.17,1,0.1,12.11
2024-05-19,Central,Technology,Consumer,687.87,4,0.1,180.94
2024-05-19,East,Technology,Consumer,248.97,5,0.2,37.11
2024-05-20,West,Furniture,Consumer,162.01,6,0.0,52.04
2024-05-20,Central,Furniture,Corporate,570.16,1,0.1,119.76
2024-05-20,East,Office Supplies,Home Office,10.9,1,0.2,-8.36
2024-05-20,South,Technology,Corporate,949.26,2,0.0,264.68
2024-05-20,West,Technology,Corporate,371.24,3,0.1,80.73
2024-05-21,East,Office Supplies,Corporate,32.92,6,0.0,24.51
2024-05-21,Central,Technology,Consumer,133.64,5,0.1,-3.38
2024-05-21,Central,Technology,Corporate,170.74,5,0.2,28.69
2024-05-21,West,Office Supplies,Corporate,12.7,4,0.0,3.7
2024-05-22,Central,Technology,Consumer,518.78,6,0.2,91.13
2024-05-23,South,Technology,Corporate,1306.58,2,0.1,318.69
2024-05-23,West,Technology,Consumer,436.45,5,0.0,125.61
2024-05-23,West,Furniture,Corporate,325.29,2,0.0,104.89
2024-05-23,South,Technology,Corporate,177.06,3,0.0,20.61
2024-05-24,West,Technology,Corporate,749.56,1,0.2,132.14
2024-05-24,West,Office Supplies,Corporate,68.92,5,0.0,11.95
2024-05-24,South,Technology,Home Office,744.59,1,0.0,197.38
2024-05-24,West,Technology,Corporate,632.99,5,0.1,126.28
2024-05-24,East,Technology,Consumer,313.03,7,0.3,32.56
2024-05-25,West,Furniture,Consumer,139.27,2,0.2,36.41
2024-05-25,Central,Office Supplies,Home Office,118.72,4,0.0,13.86
2024-05-25,South,Office Supplies,Corporate,64.5,4,0.0,-1.7
2024-05-25,West,Furniture,Home Office,57.72,1,0.1,10.96
2024-05-25,East,Technology,Corporate,293.32,1,0.0,48.99
2024-05-25,West,Office Supplies,Consumer,80.74,1,0.2,6.91
2024-05-26,West,Office Supplies,Corporate,49.91,6,0.0,-0.71
2024-05-26,South,Furniture,Consumer,772.3,7,0.1,184.55
2024-05-26,Central,Office Supplies,Home Office,12.75,2,0.0,6.33
2024-05-26,West,Office Supplies,Corporate,144.03,6,0.0,34.01
2024-05-27,West,Technology,Corporate,366.8,6,0.1,86.61
2024-05-27,East,Technology,Corporate,294.94,2,0.0,87.7
2024-05-27,West,Office Supplies,Corporate,55.98,1,0.0,20.5
2024-05-27,Central,Technology,Consumer,1116.85,3,0.0,337.33
2024-05-27,Central,Technology,Consumer,199.7,1,0.1,42.02
2024-05-28,East,Technology,Home Office,44.14,7,0.2,33.82
2024-05-28,West,Furniture,Corporate,495.28,3,0.0,124.53
2024-05-29,West,Furniture,Consumer,231.9,3,0.0,55.51
2024-05-29,West,Technology,Corporate,957.81,2,0.0,269.38
2024-05-29,East,Technology,Home Office,497.17,4,0.1,126.26
2024-05-29,West,Furniture,Corporate,458.01,4,0.0,136.99
2024-05-30,East,Technology,Consumer,145.65,1,0.0,39.74
2024-05-30,West,Office Supplies,Consumer,117.98,1,0.1,25.42
2024-05-30,West,Office Supplies,Consumer,72.48,1,0.1,-3.14
2024-05-31,East,Office Supplies,Consumer,53.21,4,0.3,53.54
2024-05-31,East,Office Supplies,Consumer,97.57,3,0.0,9.42
2024-05-31,West,Technology,Home Office,420.66,5,0.1,93.07
2024-05-31,East,Furniture,Corporate,261.52,2,0.3,31.12
2024-05-31,East,Furniture,Corporate,235.25,2,0.0,63.62
2024-06-01,Central,Office Supplies,Consumer,87.49,6,0.2,18.94
2024-06-01,Central,Furniture,Consumer,311.49,2,0.1,53.3
2024-06-01,West,Technology,Corporate,96.76,6,0.1,10.83
2024-06-01,South,Office Supplies,Home Office,56.31,4,0.1,7.58
2024-06-01,South,Furniture,Consumer,301.9,3,0.0,85.33
2024-06-01,East,Office Supplies,Home Office,16.14,7,0.0,-0.12
2024-06-01,South,Office Supplies,Consumer,23.32,3,0.0,8.75
2024-06-02,West,Technology,Corporate,431.87,6,0.0,136.71
2024-06-02,West,Furniture,Consumer,752.89,6,0.0,191.69
2024-06-02,West,Office Supplies,Consumer,90.97,1,0.1,36.19
2024-06-02,East,Furniture,Consumer,225.91,5,0.0,57.22
2024-06-02,East,Office Supplies,Consumer,68.38,2,0.2,17.61
2024-06-02,South,Office Supplies,Home Office,180.21,4,0.0,54.07
2024-06-03,West,Furniture,Consumer,1398.57,2,0.3,160.7
2024-06-03,East,Technology,Consumer,1060.79,6,0.1,212.6
2024-06-03,West,Technology,Corporate,560.68,7,0.0,175.77
2024-06-04,West,Technology,Consumer,465.41,4,0.2,101.6
2024-06-04,West,Technology,Consumer,170.79,2,0.0,36.23
2024-06-04,West,Technology,Corporate,619.3,2,0.2,112.52
2024-06-04,East,Technology,Corporate,263.78,7,0.0,85.27
2024-06-05,South,Furniture,Home Office,212.18,3,0.1,55.33
2024-06-05,West,Office Supplies,Corporate,130.77,3,0.1,-10.09
2024-06-05,Central,Technology,Corporate,651.2,5,0.1,170.76
2024-06-05,East,Office Supplies,Consumer,173.89,3,0.0,60.61
2024-06-05,South,Furniture,Home Office,160.31,2,0.0,28.31
2024-06-05,West,Technology,Consumer,207.64,2,0.0,72.97
2024-06-06,West,Technology,Corporate,551.45,7,0.0,195.88
2024-06-06,South,Technology,Consumer,85.53,3,0.0,31.15
2024-06-06,South,Furniture,Home Office,196.75,4,0.0,42.68
2024-06-06,West,Technology,Consumer,1571.15,6,0.1,373.26
2024-06-06,West,Furniture,Corporate,303.23,6,0.1,74.98
2024-06-06,South,Technology,Consumer,1531.63,7,0.1,374.57
2024-06-06,West,Technology,Consumer,24.65,2,0.0,-17.83
2024-06-06,East,Office Supplies,Corporate,37.65,1,0.3,25.79
2024-06-06,Central,Office Supplies,Consumer,54.98,2,0.2,21.9
2024-06-06,East,Office Supplies,Corporate,148.57,2,0.2,22.97
2024-06-07,West,Furniture,Corporate,288.09,6,0.0,49.56
2024-06-07,East,Office Supplies,Consumer,187.39,1,0.0,58.61
2024-06-07,East,Technology,Consumer,228.53,7,0.1,61.15
2024-06-07,West,Office Supplies,Consumer,154.4,5,0.0,50.97
2024-06-08,South,Furniture,Home Office,301.16,2,0.0,69.21
2024-06-09,West,Technology,Home Office,131.48,5,0.1,12.33
2024-06-09,Central,Technology,Corporate,156.23,5,0.0,59.36
2024-06-09,Central,Technology,Consumer,63.34,1,0.0,22.37
2024-06-09,East,Furniture,Home Office,678.37,1,0.0,171.0
2024-06-09,West,Technology,Home Office,819.97,3,0.0,208.62
2024-06-09,West,Office Supplies,Corporate,36.44,6,0.1,-9.5
2024-06-09,West,Office Supplies,Corporate,52.07,2,0.0,-6.28
2024-06-10,West,Technology,Home Office,188.09,6,0.0,46.01
2024-06-10,West,Office Supplies,Consumer,89.1,2,0.0,15.27
2024-06-10,West,Technology,Consumer,329.4,6,0.0,112.94
2024-06-10,West,Office Supplies,Home Office,84.59,2,0.3,-11.05
2024-06-10,West,Furniture,Home Office,238.26,6,0.2,36.28
2024-06-10,West,Office Supplies,Consumer,259.87,3,0.0,57.64
2024-06-10,West,Furniture,Home Office,353.1,4,0.0,106.04
2024-06-11,West,Office Supplies,Consumer,115.99,3,0.0,40.64
2024-06-11,West,Office Supplies,Home Office,57.04,6,0.1,21.42
2024-06-11,East,Office Supplies,Consumer,142.32,7,0.0,58.5
2024-06-11,West,Furniture,Consumer,254.95,3,0.1,54.89
2024-06-12,Central,Office Supplies,Corporate,26.79,7,0.1,20.12
2024-06-12,East,Furniture,Consumer,176.78,3,0.1,16.61
2024-06-12,Central,Technology,Corporate,434.16,6,0.0,142.84
2024-06-13,Central,Technology,Home Office,146.42,5,0.0,51.83
2024-06-13,West,Office Supplies,Consumer,68.03,7,0.0,17.3
2024-06-13,West,Office Supplies,Consumer,70.68,5,0.0,0.26
2024-06-13,South,Technology,Home Office,318.37,4,0.1,78.44
2024-06-13,West,Office Supplies,Consumer,40.56,4,0.1,-2.17
2024-06-13,South,Technology,Corporate,270.39,3,0.1,42.08
2024-06-13,West,Furniture,Corporate,118.4,5,0.0,23.02
2024-06-13,South,Office Supplies,Consumer,94.8,4,0.0,47.89
2024-06-13,Central,Office Supplies,Consumer,72.3,6,0.2,16.49
2024-06-13,Central,Office Supplies,Consumer,52.11,4,0.1,7.63
2024-06-13,Central,Office Supplies,Consumer,47.37,4,0.2,48.87
2024-06-14,South,Furniture,Consumer,79.57,5,0.1,-14.16
2024-06-14,East,Technology,Consumer,996.59,4,0.0,282.26
2024-06-14,West,Technology,Home Office,124.75,5,0.0,48.15
2024-06-15,South,Office Supplies,Consumer,176.34,4,0.0,45.68
2024-06-15,Central,Office Supplies,Consumer,102.35,1,0.3,1.48
2024-06-15,Central,Office Supplies,Corporate,60.19,4,0.2,4.1
2024-06-15,West,Technology,Consumer,421.48,4,0.2,63.26
2024-06-15,East,Technology,Consumer,769.83,4,0.0,228.12
2024-06-15,West,Office Supplies,Consumer,203.69,2,0.0,70.31
2024-06-15,East,Technology,Consumer,1039.06,6,0.0,289.42
2024-06-16,South,Technology,Consumer,264.11,7,0.0,104.98
2024-06-16,West,Office Supplies,Corporate,17.14,4,0.2,8.02
2024-06-16,East,Furniture,Home Office,421.05,3,0.0,132.94
2024-06-16,East,Furniture,Consumer,156.22,1,0.1,9.7
2024-06-17,South,Office Supplies,Corporate,178.47,5,0.0,50.36
2024-06-17,West,Office Supplies,Corporate,294.77,3,0.1,80.65
2024-06-17,South,Furniture,Consumer,419.81,2,0.1,90.19
2024-06-18,South,Office Supplies,Consumer,51.41,5,0.0,0.05
2024-06-18,East,Technology,Consumer,647.92,6,0.0,170.84
2024-06-18,Central,Office Supplies,Consumer,25.14,4,0.1,30.03
2024-06-19,West,Technology,Corporate,559.14,2,0.0,164.56
2024-06-19,East,Technology,Consumer,92.89,2,0.1,28.8
2024-06-19,West,Technology,Consumer,184.95,3,0.0,34.49
2024-06-19,Central,Furniture,Home Office,369.93,2,0.0,93.19
2024-06-19,West,Technology,Consumer,351.95,6,0.1,86.26
2024-06-20,East,Office Supplies,Home Office,98.61,1,0.0,47.84
2024-06-20,Central,Office Supplies,Consumer,81.66,7,0.0,13.72
2024-06-20,West,Office Supplies,Corporate,43.59,1,0.0,14.5
2024-06-20,West,Office Supplies,Consumer,100.84,3,0.0,14.36
2024-06-20,West,Office Supplies,Consumer,39.9,7,0.0,16.63
2024-06-21,East,Office Supplies,Home Office,41.44,5,0.1,11.31
2024-06-21,East,Furniture,Home Office,333.37,3,0.1,80.2
2024-06-21,West,Technology,Corporate,339.62,7,0.0,86.21
2024-06-21,West,Technology,Home Office,785.88,6,0.1,203.05
2024-06-21,West,Office Supplies,Consumer,75.1,5,0.1,8.99
2024-06-21,East,Furniture,Home Office,221.78,6,0.1,36.2
2024-06-21,South,Office Supplies,Corporate,92.81,1,0.3,6.27
2024-06-21,East,Technology,Home Office,297.21,1,0.0,70.43
2024-06-22,East,Office Supplies,Consumer,33.58,2,0.2,12.34
2024-06-22,West,Office Supplies,Home Office,39.65,1,0.1,19.32
2024-06-22,East,Furniture,Consumer,237.1,6,0.2,36.57
2024-06-22,Central,Technology,Consumer,299.03,5,0.0,94.16
2024-06-22,Central,Technology,Consumer,493.87,4,0.2,73.83
2024-06-22,South,Furniture,Consumer,329.9,1,0.1,80.59
2024-06-22,Central,Technology,Corporate,464.7,2,0.0,126.49
2024-06-22,East,Technology,Corporate,352.42,5,0.0,109.07
2024-06-22,West,Furniture,Consumer,404.74,4,0.1,83.15
2024-06-23,East,Furniture,Corporate,426.25,2,0.1,115.9
2024-06-23,West,Technology,Corporate,48.17,3,0.0,14.69
2024-06-23,South,Technology,Consumer,58.59,4,0.0,3.95
2024-06-23,West,Office Supplies,Corporate,217.57,2,0.0,62.89
2024-06-23,West,Technology,Consumer,287.65,5,0.3,26.63
2024-06-23,East,Technology,Consumer,284.58,7,0.2,61.7
2024-06-23,West,Office Supplies,Corporate,45.92,4,0.1,7.84
2024-06-24,East,Technology,Consumer,240.36,7,0.0,75.71
2024-06-24,Central,Technology,Consumer,404.58,6,0.0,143.43
2024-06-24,West,Furniture,Home Office,311.58,1,0.0,85.34
2024-06-24,East,Office Supplies,Consumer,40.33,3,0.1,24.92
2024-06-24,South,Technology,Consumer,1956.55,3,0.3,275.86
2024-06-24,Central,Technology,Consumer,176.13,7,0.3,43.63
2024-06-25,East,Technology,Consumer,662.07,3,0.0,169.71
2024-06-25,West,Furniture,Consumer,343.81,4,0.0,99.35
2024-06-26,West,Technology,Consumer,397.66,2,0.2,70.74
2024-06-26,Central,Technology,Corporate,544.34,1,0.0,163.23
2024-06-26,West,Technology,Home Office,496.46,7,0.2,91.6
2024-06-26,Central,Technology,Corporate,303.06,4,0.1,71.22
2024-06-26,Central,Technology,Corporate,640.95,5,0.0,204.79
2024-06-26,East,Technology,Corporate,313.52,4,0.1,44.72
2024-06-27,East,Technology,Corporate,293.75,3,0.1,77.06
2024-06-27,West,Furniture,Corporate,275.76,3,0.0,58.18
2024-06-27,South,Technology,Corporate,142.91,6,0.2,5.89
2024-06-27,East,Technology,Consumer,182.48,1,0.2,13.75
2024-06-27,West,Office Supplies,Consumer,112.62,6,0.1,53.8
2024-06-28,Central,Technology,Consumer,248.05,5,0.0,99.97
2024-06-28,East,Technology,Home Office,1394.88,4,0.1,330.4
2024-06-28,West,Technology,Home Office,907.28,5,0.0,250.11
2024-06-29,West,Technology,Consumer,814.66,5,0.0,232.58
2024-06-29,West,Furniture,Consumer,144.24,7,0.0,56.52
2024-06-29,East,Office Supplies,Home Office,88.26,4,0.0,13.76
2024-06-29,West,Furniture,Corporate,248.92,7,0.0,87.25
2024-06-30,West,Technology,Consumer,499.91,1,0.3,36.33
2024-06-30,East,Office Supplies,Consumer,111.23,1,0.0,34.05
2024-06-30,East,Office Supplies,Consumer,32.3,3,0.1,-4.48
2024-06-30,West,Technology,Corporate,757.71,7,0.0,244.62
2024-06-30,Central,Technology,Consumer,169.0,5,0.0,75.9
2024-06-30,Central,Technology,Home Office,213.07,3,0.1,70.21
2024-07-01,East,Office Supplies,Corporate,27.12,1,0.2,14.18
2024-07-01,West,Technology,Corporate,238.66,5,0.2,79.66
2024-07-01,South,Technology,Consumer,44.86,1,0.1,13.54
2024-07-01,South,Office Supplies,Home Office,227.31,2,0.0,69.23
2024-07-01,West,Furniture,Home Office,596.59,3,0.0,163.0
2024-07-02,West,Technology,Home Office,537.09,1,0.0,155.89
2024-07-02,West,Technology,Corporate,747.66,3,0.1,184.48
2024-07-03,West,Technology,Home Office,672.18,4,0.1,162.39
2024-07-03,West,Technology,Consumer,614.61,1,0.0,173.46
2024-07-03,West,Office Supplies,Consumer,82.38,1,0.0,21.55
2024-07-03,East,Furniture,Corporate,890.47,3,0.0,254.21
2024-07-03,West,Office Supplies,Consumer,81.0,7,0.0,43.02
2024-07-03,Central,Technology,Consumer,835.08,3,0.0,201.11
2024-07-03,Central,Technology,Consumer,929.88,6,0.0,253.12
2024-07-04,South,Technology,Corporate,606.76,3,0.0,196.72
2024-07-04,South,Technology,Consumer,338.74,4,0.3,28.95
2024-07-04,West,Furniture,Consumer,314.45,6,0.0,100.28
2024-07-05,West,Technology,Consumer,437.91,1,0.0,115.34
2024-07-05,Central,Office Supplies,Consumer,102.66,4,0.2,30.15
2024-07-05,West,Office Supplies,Consumer,55.74,2,0.1,17.58
2024-07-05,Central,Furniture,Home Office,873.22,4,0.3,119.37
2024-07-05,West,Technology,Consumer,354.04,6,0.1,75.47
2024-07-05,South,Technology,Corporate,386.31,1,0.0,111.48
2024-07-05,South,Office Supplies,Consumer,114.03,6,0.0,14.08
2024-07-05,Central,Office Supplies,Consumer,75.73,6,0.1,46.31
2024-07-05,West,Technology,Corporate,175.36,7,0.1,33.14
2024-07-05,Central,Technology,Home Office,126.82,4,0.0,30.77
2024-07-06,West,Technology,Corporate,136.8,5,0.3,27.71
2024-07-06,Central,Office Supplies,Home Office,43.37,6,0.0,12.01
2024-07-06,East,Technology,Corporate,715.12,5,0.0,182.58
2024-07-06,South,Technology,Corporate,256.11,3,0.0,69.22
2024-07-06,South,Technology,Corporate,227.74,7,0.1,85.65
2024-07-07,South,Technology,Home Office,233.74,4,0.2,62.73
2024-07-07,West,Technology,Corporate,409.53,1,0.0,81.14
2024-07-07,East,Technology,Consumer,508.39,5,0.1,129.93
2024-07-08,West,Technology,Corporate,772.15,2,0.0,186.25
2024-07-08,Central,Office Supplies,Consumer,31.5,7,0.1,23.3
2024-07-08,East,Technology,Consumer,141.85,5,0.2,28.25
2024-07-08,South,Furniture,Home Office,268.64,2,0.1,59.61
2024-07-08,East,Technology,Corporate,1168.69,2,0.0,323.93
2024-07-08,South,Office Supplies,Corporate,59.24,4,0.2,10.46
2024-07-10,East,Furniture,Corporate,56.51,3,0.0,-2.8
2024-07-10,West,Office Supplies,Consumer,88.27,6,0.0,35.52
2024-07-11,West,Office Supplies,Consumer,85.09,3,0.0,36.13
2024-07-12,West,Technology,Home Office,235.08,4,0.0,71.41
2024-07-12,West,Office Supplies,Consumer,58.93,3,0.2,10.74
2024-07-13,East,Office Supplies,Corporate,49.71,3,0.2,-11.06
2024-07-14,East,Furniture,Consumer,465.07,2,0.2,79.37
2024-07-14,East,Office Supplies,Corporate,33.9,6,0.2,9.47
2024-07-15,East,Office Supplies,Consumer,44.26,2,0.0,25.17
2024-07-15,West,Technology,Consumer,269.23,5,0.3,26.95
2024-07-15,South,Technology,Corporate,467.94,7,0.0,140.15
2024-07-15,East,Office Supplies,Consumer,13.99,2,0.0,-2.99
2024-07-15,West,Furniture,Consumer,144.1,3,0.1,9.97
2024-07-15,South,Technology,Consumer,456.33,1,0.1,86.12
2024-07-15,South,Office Supplies,Consumer,195.4,7,0.0,73.42
2024-07-16,East,Office Supplies,Home Office,27.57,4,0.2,1.81
2024-07-16,East,Office Supplies,Corporate,233.32,7,0.1,67.88
2024-07-16,West,Furniture,Corporate,635.94,3,0.1,176.8
2024-07-16,Central,Technology,Consumer,682.35,5,0.0,191.41
2024-07-16,West,Office Supplies,Corporate,19.18,1,0.1,18.62
2024-07-16,West,Office Supplies,Home Office,168.33,2,0.0,68.94
2024-07-17,Central,Technology,Home Office,815.99,7,0.2,139.89
2024-07-17,West,Furniture,Home Office,350.1,6,0.0,94.5
2024-07-17,Central,Technology,Corporate,227.79,4,0.1,79.55
2024-07-17,Central,Technology,Corporate,418.34,7,0.1,85.95
2024-07-18,West,Furniture,Home Office,121.3,2,0.0,50.85
2024-07-18,Central,Office Supplies,Consumer,178.58,2,0.0,24.76
2024-07-18,East,Office Supplies,Home Office,86.98,7,0.1,54.35
2024-07-18,Central,Technology,Home Office,554.55,2,0.0,185.17
2024-07-18,West,Office Supplies,Consumer,216.56,3,0.0,67.08
2024-07-18,West,Office Supplies,Consumer,69.81,6,0.2,29.03
2024-07-18,East,Technology,Consumer,437.56,3,0.0,119.96
2024-07-19,Central,Furniture,Corporate,510.79,7,0.1,121.01
2024-07-19,East,Technology,Consumer,233.24,3,0.0,79.43
2024-07-19,West,Furniture,Consumer,188.04,6,0.1,34.7
2024-07-19,West,Technology,Consumer,154.44,2,0.3,48.39
2024-07-20,East,Office Supplies,Corporate,1.39,1,0.0,11.12
2024-07-20,West,Technology,Corporate,459.09,4,0.1,102.85
2024-07-20,West,Furniture,Consumer,283.52,1,0.3,50.59
2024-07-21,East,Office Supplies,Corporate,80.95,4,0.1,-0.35
2024-07-21,West,Furniture,Home Office,217.32,1,0.0,43.98
2024-07-21,West,Furniture,Consumer,520.76,4,0.1,120.14
2024-07-21,West,Technology,Corporate,919.67,5,0.0,259.01
2024-07-21,West,Furniture,Consumer,299.01,7,0.1,50.25
2024-07-21,West,Office Supplies,Consumer,56.38,1,0.1,8.63
2024-07-21,West,Office Supplies,Consumer,46.73,4,0.2,18.91
2024-07-21,West,Furniture,Consumer,447.66,5,0.1,119.09
2024-07-22,West,Office Supplies,Corporate,145.62,2,0.1,35.91
2024-07-22,West,Technology,Consumer,388.2,1,0.0,116.29
2024-07-22,Central,Technology,Consumer,254.84,4,0.0,49.78
2024-07-22,West,Office Supplies,Corporate,68.73,4,0.0,-5.41
2024-07-22,East,Technology,Corporate,624.85,5,0.1,155.76
2024-07-23,West,Technology,Consumer,1323.13,3,0.1,320.68
2024-07-24,West,Technology,Corporate,70.26,4,0.2,2.39
2024-07-24,West,Technology,Consumer,353.7,3,0.3,58.49
2024-07-24,West,Office Supplies,Corporate,122.26,4,0.1,41.52
2024-07-24,Central,Technology,Consumer,1482.44,3,0.1,339.5
2024-07-25,Central,Office Supplies,Home Office,70.22,7,0.0,38.5
2024-07-25,West,Technology,Home Office,318.3,1,0.1,78.03
2024-07-26,West,Furniture,Consumer,239.77,3,0.0,55.66
2024-07-26,East,Office Supplies,Home Office,282.83,3,0.2,86.24
2024-07-26,East,Office Supplies,Consumer,103.15,3,0.0,37.86
2024-07-27,West,Technology,Consumer,453.04,5,0.0,129.22
2024-07-27,East,Furniture,Consumer,56.82,2,0.2,8.6
2024-07-27,South,Office Supplies,Consumer,110.41,7,0.0,19.44
2024-07-28,West,Technology,Home Office,297.78,6,0.0,72.63
2024-07-28,Central,Office Supplies,Consumer,96.6,5,0.1,8.7
2024-07-28,West,Office Supplies,Corporate,36.3,5,0.3,10.97
2024-07-28,West,Office Supplies,Consumer,187.35,4,0.0,64.65
2024-07-28,South,Technology,Home Office,389.09,6,0.2,55.4
2024-07-28,East,Furniture,Consumer,440.6,6,0.0,99.95
2024-07-28,East,Office Supplies,Corporate,274.75,3,0.1,76.97
2024-07-29,East,Furniture,Consumer,299.61,5,0.0,84.09
2024-07-29,East,Technology,Corporate,942.35,7,0.0,283.1
2024-07-30,West,Technology,Consumer,601.01,6,0.1,139.4
2024-07-30,East,Technology,Home Office,559.45,2,0.0,168.77
2024-07-30,East,Office Supplies,Consumer,158.41,6,0.3,25.74
2024-07-31,Central,Technology,Corporate,714.47,7,0.0,225.87
2024-08-01,East,Technology,Home Office,28.65,2,0.0,25.55
2024-08-01,West,Technology,Corporate,382.38,3,0.0,90.9
2024-08-01,West,Office Supplies,Consumer,25.78,5,0.0,24.43
2024-08-01,Central,Technology,Consumer,545.46,3,0.0,158.02
2024-08-02,West,Technology,Consumer,190.24,3,0.0,47.55
2024-08-02,South,Office Supplies,Home Office,96.71,5,0.3,8.64
2024-08-02,East,Office Supplies,Corporate,91.62,4,0.2,17.51
2024-08-02,West,Technology,Consumer,779.91,1,0.1,173.6
2024-08-02,Central,Technology,Consumer,1211.43,2,0.2,230.07
2024-08-02,East,Technology,Consumer,1016.89,5,0.2,190.55
2024-08-02,Central,Furniture,Consumer,532.5,5,0.1,99.7
2024-08-02,East,Office Supplies,Consumer,55.57,7,0.1,-2.65
2024-08-02,West,Technology,Corporate,791.65,5,0.0,222.9
2024-08-03,West,Office Supplies,Home Office,54.65,1,0.1,24.05
2024-08-03,South,Office Supplies,Consumer,30.36,2,0.0,10.66
2024-08-03,Central,Office Supplies,Consumer,7.23,6,0.2,24.32
2024-08-03,West,Office Supplies,Corporate,112.38,3,0.1,22.07
2024-08-04,West,Office Supplies,Consumer,42.09,2,0.1,24.12
2024-08-04,West,Furniture,Corporate,400.43,7,0.1,113.19
2024-08-04,South,Office Supplies,Home Office,20.85,3,0.0,-13.09
2024-08-05,East,Office Supplies,Home Office,153.95,2,0.1,25.5
2024-08-05,East,Furniture,Consumer,163.55,6,0.0,31.34
2024-08-05,Central,Technology,Corporate,140.09,2,0.0,51.79
2024-08-06,East,Furniture,Consumer,313.91,4,0.0,93.52
2024-08-06,Central,Technology,Corporate,174.76,1,0.0,24.77
2024-08-06,West,Office Supplies,Consumer,72.02,4,0.0,-35.34
2024-08-06,West,Technology,Corporate,468.5,7,0.0,121.87
2024-08-06,East,Office Supplies,Corporate,105.68,3,0.1,33.34
2024-08-07,West,Furniture,Home Office,400.22,3,0.1,99.28
2024-08-07,West,Furniture,Consumer,217.89,3,0.2,22.93
2024-08-07,Central,Office Supplies,Consumer,385.23,1,0.0,114.58
2024-08-07,East,Office Supplies,Corporate,50.02,4,0.0,34.03
2024-08-07,West,Office Supplies,Consumer,84.32,3,0.0,31.83
2024-08-08,West,Furniture,Consumer,314.98,3,0.2,68.94
2024-08-08,East,Technology,Home Office,779.0,7,0.0,241.41
2024-08-08,East,Technology,Consumer,507.32,5,0.3,79.61
2024-08-09,East,Furniture,Home Office,251.56,7,0.0,71.41
2024-08-09,South,Technology,Home Office,617.07,2,0.1,148.45
2024-08-09,Central,Technology,Consumer,252.97,7,0.3,37.34
2024-08-10,West,Technology,Home Office,419.57,2,0.0,123.27
2024-08-10,Central,Technology,Consumer,330.52,1,0.0,107.22
2024-08-10,West,Office Supplies,Consumer,212.89,3,0.0,71.25
2024-08-10,East,Technology,Corporate,633.0,4,0.0,177.63
2024-08-10,West,Technology,Consumer,705.17,4,0.0,168.44
2024-08-10,West,Technology,Consumer,36.05,7,0.0,20.02
2024-08-10,South,Office Supplies,Corporate,16.67,4,0.0,6.91
2024-08-11,West,Office Supplies,Corporate,216.2,3,0.1,70.44
2024-08-11,Central,Furniture,Consumer,770.41,2,0.0,195.25
2024-08-11,Central,Office Supplies,Consumer,55.1,1,0.1,26.48
2024-08-11,West,Office Supplies,Corporate,70.8,1,0.0,-1.31
2024-08-11,Central,Furniture,Consumer,127.58,6,0.0,35.64
2024-08-11,West,Office Supplies,Consumer,57.35,7,0.0,-2.23
2024-08-12,West,Technology,Corporate,565.72,4,0.2,80.13
2024-08-12,West,Furniture,Consumer,612.09,6,0.1,135.34
2024-08-12,Central,Office Supplies,Corporate,60.18,5,0.0,16.63
2024-08-12,East,Technology,Consumer,900.21,7,0.0,243.21
2024-08-12,West,Furniture,Home Office,62.19,7,0.2,21.84
2024-08-13,Central,Technology,Corporate,386.06,1,0.0,98.08
2024-08-13,West,Office Supplies,Consumer,21.71,5,0.0,-3.6
2024-08-13,West,Technology,Home Office,2239.43,1,0.0,606.64
2024-08-13,East,Office Supplies,Consumer,26.02,1,0.0,21.49
2024-08-14,West,Office Supplies,Home Office,109.75,4,0.1,31.11
2024-08-14,Central,Office Supplies,Corporate,115.87,5,0.2,13.77
2024-08-14,East,Office Supplies,Home Office,100.8,2,0.0,11.71
2024-08-14,East,Office Supplies,Home Office,123.57,4,0.2,32.78
2024-08-14,East,Technology,Consumer,33.6,7,0.0,0.91
2024-08-14,East,Office Supplies,Consumer,89.3,3,0.0,25.86
2024-08-14,East,Technology,Home Office,305.36,6,0.3,42.8
2024-08-14,South,Furniture,Home Office,280.86,4,0.0,78.26
2024-08-15,Central,Furniture,Consumer,203.98,6,0.0,40.55
2024-08-15,East,Furniture,Consumer,400.21,7,0.0,107.16
2024-08-15,South,Technology,Consumer,95.14,4,0.0,-12.17
2024-08-15,South,Technology,Consumer,411.17,7,0.0,96.72
2024-08-15,West,Office Supplies,Consumer,72.76,1,0.1,16.35
2024-08-15,West,Technology,Corporate,163.33,1,0.0,69.67
2024-08-15,Central,Furniture,Corporate,62.07,4,0.0,-4.25
2024-08-15,West,Office Supplies,Consumer,36.16,5,0.2,3.55
2024-08-16,South,Technology,Corporate,457.54,7,0.0,133.6
2024-08-16,East,Furniture,Consumer,308.12,3,0.0,100.99
2024-08-16,West,Technology,Corporate,256.25,3,0.0,42.89
2024-08-16,East,Office Supplies,Home Office,67.37,6,0.1,1.7
2024-08-16,West,Office Supplies,Consumer,77.42,7,0.0,31.42
2024-08-16,West,Technology,Home Office,149.86,4,0.0,40.23
2024-08-16,West,Office Supplies,Home Office,65.5,5,0.0,8.42
2024-08-16,East,Office Supplies,Consumer,17.44,5,0.3,-37.06
2024-08-17,Central,Office Supplies,Consumer,13.7,4,0.1,16.34
2024-08-17,South,Office Supplies,Consumer,119.39,6,0.0,28.04
2024-08-18,Central,Office Supplies,Corporate,55.33,4,0.2,-7.74
2024-08-18,Central,Technology,Corporate,372.96,5,0.1,63.05
2024-08-18,West,Furniture,Consumer,303.84,3,0.0,76.76
2024-08-18,Central,Technology,Home Office,406.64,2,0.1,107.71
2024-08-18,Central,Furniture,Consumer,961.06,6,0.0,261.52
2024-08-19,West,Office Supplies,Consumer,5.87,1,0.1,11.41
2024-08-19,East,Furniture,Home Office,593.83,1,0.2,88.03
2024-08-19,East,Office Supplies,Consumer,83.3,2,0.1,24.29
2024-08-19,South,Office Supplies,Consumer,160.0,6,0.0,37.97
2024-08-20,East,Furniture,Corporate,9.94,6,0.0,-5.99
2024-08-20,West,Technology,Consumer,599.59,4,0.1,128.07
2024-08-21,East,Office Supplies,Corporate,236.34,4,0.3,27.87
2024-08-21,West,Furniture,Consumer,341.95,3,0.0,94.89
2024-08-21,West,Technology,Home Office,263.81,2,0.0,69.06
2024-08-22,Central,Technology,Consumer,119.66,5,0.0,28.12
2024-08-22,Central,Technology,Corporate,396.36,5,0.0,106.24
2024-08-23,Central,Office Supplies,Corporate,64.35,6,0.0,20.84
2024-08-23,West,Office Supplies,Home Office,64.77,4,0.1,30.48
2024-08-23,East,Office Supplies,Corporate,180.91,3,0.0,64.22
2024-08-23,South,Office Supplies,Consumer,300.65,4,0.0,80.36
2024-08-23,West,Technology,Home Office,318.26,5,0.3,45.43
2024-08-23,South,Technology,Home Office,712.7,2,0.0,225.18
2024-08-23,Central,Technology,Consumer,1320.05,4,0.0,380.87
2024-08-24,West,Furniture,Consumer,197.05,6,0.2,26.84
2024-08-24,West,Technology,Corporate,99.09,2,0.3,-4.54
2024-08-24,South,Office Supplies,Corporate,78.98,5,0.0,29.72
2024-08-24,West,Technology,Consumer,105.7,4,0.0,29.84
2024-08-24,West,Furniture,Consumer,1037.01,4,0.2,189.56
2024-08-24,West,Technology,Consumer,749.02,4,0.0,232.65
2024-08-24,West,Technology,Corporate,764.98,7,0.0,198.78
2024-08-24,West,Furniture,Corporate,253.5,5,0.2,51.78
2024-08-25,West,Technology,Corporate,513.51,4,0.2,101.1
2024-08-25,Central,Technology,Consumer,223.38,2,0.3,17.15
2024-08-25,West,Office Supplies,Home Office,198.73,3,0.1,44.02
2024-08-25,East,Technology,Consumer,89.59,7,0.0,43.77
2024-08-26,South,Technology,Consumer,68.14,2,0.0,22.17
2024-08-26,East,Office Supplies,Home Office,51.74,7,0.0,15.97
2024-08-26,West,Office Supplies,Consumer,95.17,6,0.0,1.08
2024-08-26,East,Office Supplies,Home Office,55.84,6,0.2,-27.85
2024-08-26,West,Technology,Consumer,146.28,6,0.0,31.8
2024-08-27,Central,Technology,Corporate,823.99,6,0.0,233.01
2024-08-27,Central,Technology,Corporate,544.43,4,0.0,178.78
2024-08-27,East,Furniture,Consumer,344.45,5,0.0,115.21
2024-08-27,West,Office Supplies,Corporate,38.2,7,0.0,31.95
2024-08-27,West,Technology,Home Office,566.35,3,0.0,160.26
2024-08-28,West,Technology,Consumer,561.84,6,0.0,179.02
2024-08-28,West,Office Supplies,Consumer,52.94,2,0.2,32.68
2024-08-29,East,Office Supplies,Consumer,64.9,2,0.0,16.12
2024-08-29,West,Technology,Consumer,69.09,4,0.1,31.61
2024-08-29,East,Furniture,Consumer,146.29,2,0.1,45.37
2024-08-29,East,Furniture,Consumer,185.1,7,0.0,54.06
2024-08-29,South,Furniture,Corporate,171.2,4,0.2,49.01
2024-08-29,West,Technology,Corporate,435.81,6,0.0,135.64
2024-08-30,West,Technology,Consumer,118.09,5,0.2,-5.45
2024-08-30,Central,Office Supplies,Home Office,81.64,5,0.0,24.21
2024-08-30,West,Office Supplies,Home Office,153.2,5,0.2,24.56
2024-08-30,West,Technology,Consumer,492.8,2,0.1,75.37
2024-08-31,West,Office Supplies,Consumer,133.07,6,0.1,53.31
2024-08-31,East,Furniture,Consumer,107.13,7,0.0,28.89
2024-08-31,East,Technology,Corporate,695.36,7,0.0,206.44
2024-08-31,West,Technology,Corporate,329.99,7,0.0,100.46
2024-08-31,Central,Office Supplies,Home Office,108.7,3,0.0,27.0
2024-08-31,South,Technology,Consumer,152.96,4,0.0,38.49
2024-09-01,West,Technology,Consumer,1349.63,7,0.1,309.14
2024-09-01,East,Technology,Home Office,440.04,5,0.0,145.2
2024-09-01,South,Office Supplies,Corporate,64.0,3,0.1,22.79
2024-09-01,West,Technology,Consumer,151.16,7,0.2,37.42
2024-09-01,West,Technology,Consumer,100.74,5,0.1,-3.56
2024-09-01,South,Technology,Consumer,219.14,6,0.0,89.24
2024-09-01,West,Office Supplies,Consumer,133.72,3,0.2,34.96
2024-09-02,East,Office Supplies,Consumer,62.01,6,0.3,-0.51
2024-09-02,West,Technology,Consumer,549.69,6,0.0,152.27
2024-09-02,West,Technology,Consumer,590.49,1,0.2,108.76
2024-09-02,East,Furniture,Consumer,550.87,5,0.2,93.88
2024-09-02,West,Office Supplies,Consumer,161.97,3,0.2,43.49
2024-09-02,East,Office Supplies,Consumer,34.68,3,0.1,-0.38
2024-09-02,West,Technology,Corporate,317.36,4,0.0,101.53
2024-09-02,West,Office Supplies,Consumer,158.04,1,0.1,46.67
2024-09-02,East,Office Supplies,Consumer,64.56,4,0.0,1.22
2024-09-03,Central,Furniture,Consumer,109.99,1,0.1,10.92
2024-09-03,Central,Office Supplies,Corporate,68.69,1,0.1,27.94
2024-09-03,West,Office Supplies,Consumer,130.1,5,0.0,18.38
2024-09-04,Central,Furniture,Corporate,363.71,3,0.1,87.11
2024-09-04,Central,Technology,Consumer,1977.33,7,0.1,460.74
2024-09-04,East,Technology,Home Office,78.07,1,0.3,0.95
2024-09-04,South,Office Supplies,Consumer,37.66,1,0.1,18.31
2024-09-04,East,Technology,Consumer,634.89,7,0.0,148.91
2024-09-04,West,Technology,Consumer,943.15,2,0.2,177.97
2024-09-04,East,Technology,Consumer,50.07,7,0.1,5.35
2024-09-04,South,Furniture,Corporate,728.32,6,0.0,210.02
2024-09-04,South,Furniture,Corporate,644.79,5,0.0,188.6
2024-09-04,West,Office Supplies,Consumer,63.41,4,0.0,17.25
2024-09-05,West,Technology,Consumer,470.88,7,0.0,132.84
2024-09-05,West,Furniture,Consumer,299.33,2,0.2,63.61
2024-09-05,Central,Technology,Corporate,26.46,6,0.0,-10.55
2024-09-05,West,Technology,Consumer,314.0,4,0.0,96.44
2024-09-05,West,Furniture,Consumer,401.13,5,0.0,129.95
2024-09-05,West,Technology,Corporate,708.15,7,0.0,191.7
2024-09-06,West,Office Supplies,Consumer,88.56,7,0.2,-0.51
2024-09-06,West,Technology,Consumer,328.84,4,0.0,79.59
2024-09-06,East,Technology,Consumer,783.43,1,0.0,200.24
2024-09-06,East,Furniture,Home Office,98.01,3,0.0,27.16
2024-09-06,West,Technology,Corporate,252.21,3,0.0,73.56
2024-09-07,East,Office Supplies,Consumer,55.3,4,0.0,38.76
2024-09-07,East,Technology,Home Office,493.66,2,0.0,118.24
2024-09-07,West,Technology,Consumer,815.9,2,0.0,224.17
2024-09-07,East,Office Supplies,Home Office,103.16,5,0.0,55.17
2024-09-08,West,Office Supplies,Consumer,96.14,5,0.0,24.78
2024-09-08,South,Office Supplies,Corporate,80.32,2,0.0,29.34
2024-09-08,West,Office Supplies,Home Office,47.94,2,0.1,16.08
2024-09-08,West,Furniture,Consumer,752.63,7,0.0,209.9
2024-09-08,West,Furniture,Consumer,253.72,5,0.1,69.75
2024-09-08,West,Office Supplies,Consumer,258.39,5,0.2,51.33
2024-09-08,West,Office Supplies,Consumer,200.15,7,0.0,60.99
2024-09-09,East,Technology,Corporate,1156.1,5,0.0,324.07
2024-09-09,West,Office Supplies,Home Office,36.21,4,0.1,-28.9
2024-09-09,Central,Technology,Consumer,316.74,4,0.0,90.24
2024-09-09,South,Technology,Corporate,556.65,5,0.0,166.05
2024-09-09,South,Office Supplies,Home Office,94.89,1,0.3,27.12
2024-09-09,South,Technology,Consumer,114.82,7,0.1,11.37
2024-09-10,West,Furniture,Home Office,242.07,4,0.1,61.43
2024-09-10,West,Office Supplies,Corporate,38.05,6,0.0,18.38
2024-09-10,East,Furniture,Corporate,676.49,7,0.3,86.89
2024-09-10,East,Furniture,Home Office,578.38,7,0.3,61.43
2024-09-10,West,Office Supplies,Corporate,105.34,6,0.1,41.33
2024-09-11,East,Technology,Consumer,802.74,5,0.1,175.71
2024-09-11,West,Technology,Consumer,138.71,3,0.1,57.77
2024-09-11,West,Office Supplies,Consumer,43.61,2,0.2,12.96
2024-09-11,West,Office Supplies,Corporate,128.23,6,0.0,17.99
2024-09-11,East,Technology,Consumer,300.81,7,0.2,79.94
2024-09-11,West,Technology,Corporate,407.76,6,0.0,104.58
2024-09-12,West,Technology,Corporate,391.11,1,0.2,77.71
2024-09-12,West,Furniture,Home Office,1570.76,3,0.0,448.66
2024-09-12,Central,Office Supplies,Consumer,108.79,6,0.1,23.03
2024-09-12,West,Office Supplies,Consumer,83.81,5,0.1,27.83
2024-09-12,Central,Furniture,Corporate,1197.83,6,0.0,341.49
2024-09-12,West,Furniture,Corporate,293.05,1,0.0,78.86
2024-09-13,South,Technology,Consumer,152.95,6,0.2,34.86
2024-09-13,Central,Office Supplies,Home Office,102.47,3,0.1,-10.0
2024-09-13,Central,Technology,Corporate,544.69,2,0.1,93.65
2024-09-13,Central,Technology,Consumer,203.67,6,0.0,93.96
2024-09-14,West,Office Supplies,Consumer,20.85,7,0.1,-6.1
2024-09-14,West,Technology,Consumer,725.14,4,0.2,145.54
2024-09-14,Central,Office Supplies,Corporate,87.0,6,0.0,31.48
2024-09-14,Central,Technology,Consumer,231.86,5,0.0,70.56
2024-09-15,West,Office Supplies,Consumer,28.18,4,0.0,-18.28
2024-09-15,East,Technology,Consumer,535.59,1,0.1,121.3
2024-09-15,East,Furniture,Corporate,291.14,6,0.1,67.26
2024-09-15,West,Furniture,Consumer,567.83,3,0.0,157.66
2024-09-15,South,Technology,Corporate,615.91,5,0.0,181.11
2024-09-16,West,Office Supplies,Consumer,106.62,2,0.0,38.45
2024-09-16,West,Furniture,Corporate,145.07,6,0.1,44.42
2024-09-16,South,Office Supplies,Consumer,185.06,3,0.0,79.65
2024-09-16,West,Furniture,Home Office,207.45,7,0.0,65.39
2024-09-16,East,Technology,Corporate,479.42,7,0.0,139.03
2024-09-16,Central,Technology,Corporate,469.45,1,0.0,113.12
2024-09-16,Central,Technology,Consumer,176.93,1,0.1,28.59
2024-09-17,West,Technology,Corporate,443.14,6,0.0,127.89
2024-09-17,South,Office Supplies,Corporate,54.24,7,0.0,-6.49
2024-09-17,Central,Office Supplies,Home Office,196.93,4,0.2,55.71
2024-09-17,East,Technology,Corporate,783.6,6,0.0,223.08
2024-09-17,West,Office Supplies,Consumer,29.37,3,0.0,-1.81
2024-09-17,Central,Office Supplies,Consumer,284.4,1,0.0,90.97
2024-09-18,Central,Office Supplies,Consumer,97.96,5,0.0,36.72
2024-09-18,South,Furniture,Consumer,120.42,4,0.0,11.7
2024-09-18,West,Technology,Consumer,261.82,5,0.0,61.69
2024-09-18,West,Technology,Consumer,796.03,6,0.0,214.09
2024-09-19,West,Technology,Consumer,99.76,1,0.0,33.18
2024-09-19,West,Technology,Corporate,350.12,1,0.0,119.67
2024-09-19,West,Furniture,Home Office,777.67,3,0.0,212.53
2024-09-19,West,Office Supplies,Consumer,126.26,3,0.0,38.83
2024-09-20,East,Technology,Corporate,200.22,2,0.1,19.93
2024-09-20,South,Office Supplies,Home Office,100.95,1,0.0,31.9
2024-09-21,West,Office Supplies,Corporate,6.38,2,0.0,5.24
2024-09-22,West,Technology,Home Office,595.26,4,0.1,173.11
2024-09-22,East,Technology,Corporate,486.44,7,0.2,92.43
2024-09-23,South,Technology,Consumer,1302.33,3,0.3,175.6
2024-09-23,Central,Furniture,Home Office,857.53,4,0.2,134.82
2024-09-23,Central,Technology,Consumer,628.48,7,0.0,166.9
2024-09-23,Central,Furniture,Corporate,245.65,3,0.1,54.15
2024-09-23,East,Furniture,Consumer,702.24,5,0.1,146.41
2024-09-23,Central,Furniture,Home Office,89.79,2,0.0,47.59
2024-09-24,Central,Office Supplies,Consumer,24.04,6,0.2,28.93
2024-09-24,Central,Technology,Consumer,388.58,2,0.0,120.03
2024-09-24,West,Furniture,Home Office,484.23,2,0.0,141.4
2024-09-24,Central,Technology,Consumer,184.59,2,0.0,77.53
2024-09-24,South,Technology,Corporate,229.8,5,0.0,74.68
2024-09-25,East,Technology,Home Office,247.11,5,0.0,55.4
2024-09-25,Central,Technology,Consumer,913.23,6,0.0,243.58
2024-09-25,Central,Office Supplies,Consumer,96.0,3,0.0,15.25
2024-09-25,East,Office Supplies,Home Office,25.66,3,0.2,6.35
2024-09-26,Central,Furniture,Home Office,90.3,6,0.0,57.56
2024-09-26,East,Technology,Consumer,489.19,5,0.1,110.74
2024-09-26,South,Technology,Consumer,182.36,3,0.0,51.73
2024-09-26,East,Office Supplies,Corporate,77.74,3,0.2,6.55
2024-09-26,South,Furniture,Consumer,545.98,7,0.2,80.59
2024-09-27,West,Office Supplies,Corporate,124.08,1,0.0,29.4
2024-09-27,West,Office Supplies,Home Office,217.3,1,0.1,62.44
2024-09-27,West,Technology,Consumer,1024.4,6,0.1,218.39
2024-09-27,East,Technology,Corporate,298.16,3,0.0,89.49
2024-09-27,South,Technology,Corporate,739.94,4,0.2,145.98
2024-09-28,West,Office Supplies,Consumer,122.08,3,0.0,63.1
2024-09-28,South,Office Supplies,Corporate,210.69,6,0.1,31.63
2024-09-28,Central,Technology,Corporate,149.3,4,0.0,53.2
2024-09-29,South,Furniture,Consumer,273.18,3,0.0,67.73
2024-09-29,East,Technology,Corporate,255.63,2,0.0,58.27
2024-09-29,West,Technology,Home Office,511.27,6,0.1,118.72
2024-09-29,West,Technology,Consumer,988.61,7,0.1,244.04
2024-09-29,South,Office Supplies,Corporate,204.42,4,0.1,49.82
2024-09-30,East,Furniture,Consumer,344.7,2,0.0,91.37
2024-09-30,East,Technology,Home Office,126.48,5,0.0,16.91
2024-10-01,West,Furniture,Home Office,698.8,6,0.1,173.15
2024-10-01,West,Furniture,Consumer,94.71,1,0.0,43.82
2024-10-01,Central,Technology,Corporate,900.72,6,0.0,254.2
2024-10-01,East,Office Supplies,Consumer,53.81,5,0.0,-14.44
2024-10-01,Central,Furniture,Home Office,728.05,6,0.2,143.34
2024-10-01,West,Office Supplies,Home Office,34.57,6,0.3,14.0
2024-10-01,South,Technology,Corporate,217.6,6,0.0,71.81
2024-10-01,East,Technology,Consumer,111.58,4,0.0,54.23
2024-10-01,West,Furniture,Corporate,84.22,7,0.0,15.65
2024-10-02,West,Office Supplies,Consumer,29.77,4,0.2,-3.35
2024-10-02,Central,Technology,Consumer,58.86,6,0.1,29.82
2024-10-02,South,Office Supplies,Corporate,29.72,3,0.1,19.56
2024-10-02,East,Furniture,Home Office,69.92,2,0.0,29.95
2024-10-02,South,Office Supplies,Home Office,36.13,5,0.0,17.9
2024-10-02,East,Furniture,Corporate,86.55,5,0.1,13.69
2024-10-03,East,Office Supplies,Consumer,271.07,2,0.0,82.99
2024-10-03,South,Technology,Home Office,521.72,7,0.2,109.15
2024-10-03,East,Furniture,Consumer,296.3,4,0.1,48.45
2024-10-03,Central,Technology,Consumer,688.37,5,0.0,153.91
2024-10-04,South,Office Supplies,Corporate,141.67,7,0.0,34.54
2024-10-04,South,Office Supplies,Consumer,273.13,6,0.0,65.5
2024-10-04,West,Furniture,Corporate,185.97,6,0.0,51.58
2024-10-04,East,Technology,Consumer,625.6,2,0.1,164.42
2024-10-04,South,Technology,Home Office,129.04,1,0.3,20.26
2024-10-04,West,Furniture,Consumer,613.2,7,0.0,159.06
2024-10-06,West,Technology,Corporate,144.83,5,0.0,44.2
2024-10-06,West,Office Supplies,Consumer,140.72,5,0.1,44.69
2024-10-06,West,Office Supplies,Consumer,13.0,7,0.0,23.77
2024-10-07,East,Technology,Consumer,176.29,4,0.1,30.37
2024-10-07,East,Technology,Consumer,322.08,6,0.1,94.0
2024-10-07,West,Technology,Home Office,485.12,5,0.0,146.42
2024-10-07,West,Furniture,Consumer,273.55,1,0.1,87.58
2024-10-07,East,Furniture,Corporate,309.25,7,0.1,52.82
2024-10-07,Central,Office Supplies,Corporate,74.63,6,0.1,41.45
2024-10-07,West,Technology,Consumer,665.61,6,0.0,209.12
2024-10-08,West,Technology,Consumer,488.6,3,0.1,107.78
2024-10-08,East,Office Supplies,Corporate,140.94,7,0.1,6.21
2024-10-08,East,Technology,Corporate,897.75,2,0.0,247.95
2024-10-08,South,Office Supplies,Home Office,124.79,4,0.0,16.28
2024-10-08,East,Technology,Corporate,802.22,4,0.2,133.55
2024-10-09,Central,Office Supplies,Corporate,59.58,2,0.0,33.54
2024-10-09,Central,Technology,Corporate,914.55,5,0.0,252.64
2024-10-09,West,Technology,Consumer,167.5,3,0.0,66.63
2024-10-10,West,Technology,Home Office,60.48,7,0.0,1.04
2024-10-10,South,Furniture,Corporate,442.5,1,0.0,143.35
2024-10-10,East,Furniture,Consumer,232.37,7,0.3,32.11
2024-10-10,East,Office Supplies,Corporate,117.81,6,0.0,12.5
2024-10-10,South,Furniture,Consumer,159.03,7,0.3,14.74
2024-10-10,West,Office Supplies,Consumer,74.69,2,0.0,43.76
2024-10-10,South,Technology,Corporate,985.26,3,0.1,244.88
2024-10-10,East,Technology,Consumer,290.52,6,0.0,81.83
2024-10-11,West,Office Supplies,Corporate,50.42,5,0.0,0.11
2024-10-11,West,Office Supplies,Consumer,142.34,7,0.2,22.2
2024-10-11,West,Office Supplies,Corporate,52.24,4,0.3,29.62
2024-10-11,South,Office Supplies,Home Office,58.45,1,0.0,22.82
2024-10-11,Central,Office Supplies,Corporate,263.38,5,0.0,98.5
2024-10-12,East,Technology,Home Office,4.46,5,0.0,-0.16
2024-10-12,West,Technology,Consumer,184.83,7,0.1,45.61
2024-10-12,East,Office Supplies,Home Office,79.21,6,0.1,8.23
2024-10-12,West,Office Supplies,Corporate,257.81,1,0.1,48.26
2024-10-13,East,Office Supplies,Home Office,40.56,7,0.2,20.89
2024-10-13,West,Office Supplies,Home Office,171.03,2,0.2,5.27
2024-10-13,West,Office Supplies,Home Office,52.81,6,0.0,18.85
2024-10-13,East,Office Supplies,Consumer,239.57,2,0.1,62.03
2024-10-13,West,Furniture,Home Office,98.56,1,0.0,52.38
2024-10-13,Central,Furniture,Corporate,395.4,4,0.3,76.9
2024-10-13,West,Office Supplies,Home Office,15.23,5,0.2,20.52
2024-10-15,West,Furniture,Consumer,269.81,2,0.2,37.68
2024-10-15,West,Technology,Consumer,806.11,5,0.1,172.12
2024-10-15,Central,Office Supplies,Home Office,64.5,5,0.0,7.77
2024-10-15,West,Office Supplies,Home Office,154.68,3,0.0,54.59
2024-10-15,East,Furniture,Consumer,280.31,4,0.0,100.9
2024-10-16,West,Technology,Consumer,552.39,4,0.0,155.93
2024-10-16,East,Furniture,Corporate,1177.39,5,0.3,138.2
2024-10-16,West,Furniture,Corporate,858.6,6,0.0,244.44
2024-10-16,West,Technology,Corporate,287.31,7,0.0,80.21
2024-10-16,East,Office Supplies,Corporate,144.27,5,0.0,54.17
2024-10-16,West,Furniture,Consumer,198.48,1,0.0,55.52
2024-10-16,West,Technology,Consumer,117.97,4,0.0,16.96
2024-10-16,West,Office Supplies,Consumer,51.47,1,0.0,11.41
2024-10-16,East,Furniture,Consumer,342.58,2,0.0,104.49
2024-10-16,South,Office Supplies,Consumer,30.44,3,0.2,14.42
2024-10-17,West,Office Supplies,Corporate,41.28,1,0.0,-9.11
2024-10-17,West,Furniture,Corporate,190.98,2,0.3,49.21
2024-10-17,East,Furniture,Home Office,300.53,7,0.0,114.77
2024-10-17,West,Office Supplies,Consumer,306.82,7,0.0,93.62
2024-10-17,West,Technology,Home Office,1745.39,2,0.2,320.02
2024-10-17,East,Office Supplies,Home Office,8.67,3,0.2,20.93
2024-10-17,South,Technology,Consumer,688.44,1,0.1,153.07
2024-10-17,East,Office Supplies,Corporate,111.32,1,0.1,37.85
2024-10-18,West,Furniture,Consumer,40.69,7,0.1,20.32
2024-10-18,Central,Office Supplies,Consumer,26.96,1,0.0,-2.84
2024-10-18,West,Furniture,Corporate,234.51,6,0.0,48.98
2024-10-19,West,Office Supplies,Consumer,211.14,1,0.3,-4.34
2024-10-19,Central,Furniture,Consumer,472.78,4,0.0,131.01
2024-10-19,South,Office Supplies,Consumer,124.33,7,0.0,39.64
2024-10-19,East,Furniture,Corporate,261.9,2,0.0,100.41
2024-10-19,West,Furniture,Consumer,279.69,6,0.1,88.09
2024-10-20,East,Furniture,Consumer,600.23,3,0.0,169.31
2024-10-20,Central,Furniture,Consumer,836.48,6,0.0,246.19
2024-10-20,West,Office Supplies,Corporate,105.43,4,0.0,38.46
2024-10-21,West,Furniture,Consumer,71.21,7,0.0,25.1
2024-10-21,Central,Furniture,Corporate,197.23,6,0.0,63.21
2024-10-21,West,Furniture,Consumer,701.41,7,0.2,137.06
2024-10-21,West,Furniture,Home Office,935.88,4,0.0,252.61
2024-10-21,East,Office Supplies,Corporate,45.58,5,0.1,24.0
2024-10-21,West,Technology,Consumer,654.32,3,0.0,170.04
2024-10-22,South,Furniture,Corporate,63.6,1,0.0,18.76
2024-10-22,East,Office Supplies,Corporate,47.94,7,0.0,28.42
2024-10-22,West,Furniture,Consumer,891.72,4,0.0,255.74
2024-10-22,Central,Technology,Corporate,575.31,7,0.3,67.07
2024-10-22,West,Office Supplies,Corporate,86.75,7,0.1,6.89
2024-10-23,East,Technology,Home Office,763.11,3,0.1,176.97
2024-10-23,South,Furniture,Home Office,105.34,3,0.0,28.06
2024-10-23,East,Technology,Home Office,143.79,6,0.1,35.35
2024-10-23,South,Furniture,Home Office,205.51,5,0.1,4.12
2024-10-24,East,Office Supplies,Consumer,78.49,6,0.2,8.4
2024-10-24,East,Office Supplies,Corporate,63.09,2,0.1,-1.17
2024-10-24,West,Technology,Consumer,209.43,5,0.1,51.74
2024-10-24,South,Furniture,Corporate,406.96,7,0.1,91.24
2024-10-24,Central,Office Supplies,Home Office,47.67,7,0.1,-1.68
2024-10-25,West,Technology,Home Office,414.08,7,0.1,108.71
2024-10-25,East,Office Supplies,Consumer,121.19,5,0.0,43.08
2024-10-25,West,Technology,Consumer,929.73,5,0.0,237.17
2024-10-25,East,Office Supplies,Corporate,20.65,1,0.2,19.2
2024-10-25,South,Technology,Home Office,242.76,3,0.0,76.59
2024-10-26,West,Technology,Consumer,121.04,2,0.0,18.43
2024-10-26,Central,Office Supplies,Consumer,325.77,5,0.0,93.77
2024-10-27,West,Office Supplies,Corporate,49.07,3,0.1,12.15
2024-10-27,East,Technology,Corporate,288.22,5,0.1,76.89
2024-10-27,West,Technology,Consumer,802.67,3,0.0,238.41
2024-10-28,South,Technology,Home Office,537.59,7,0.1,134.99
2024-10-28,West,Office Supplies,Corporate,62.04,3,0.0,29.85
2024-10-28,South,Office Supplies,Consumer,194.93,3,0.1,62.56
2024-10-28,East,Office Supplies,Consumer,13.19,6,0.1,-5.36
2024-10-28,East,Technology,Home Office,905.01,2,0.1,218.8
2024-10-28,South,Technology,Home Office,530.19,6,0.2,89.96
2024-10-28,West,Office Supplies,Home Office,80.59,4,0.1,33.4
2024-10-28,West,Furniture,Home Office,431.68,7,0.0,117.75
2024-10-28,West,Technology,Consumer,243.11,7,0.2,59.91
2024-10-28,East,Furniture,Consumer,426.48,6,0.0,127.78
2024-10-29,East,Furniture,Consumer,735.73,7,0.1,156.15
2024-10-29,South,Office Supplies,Home Office,218.71,2,0.0,64.97
2024-10-29,South,Technology,Consumer,1151.13,4,0.0,322.84
2024-10-29,South,Furniture,Consumer,78.21,5,0.0,10.36
2024-10-29,South,Office Supplies,Home Office,59.14,4,0.0,7.86
2024-10-29,West,Technology,Consumer,252.0,3,0.0,64.2
2024-10-29,West,Technology,Home Office,472.13,5,0.2,102.39
2024-10-29,East,Office Supplies,Corporate,85.01,6,0.0,14.46
2024-10-29,East,Technology,Consumer,457.93,1,0.1,101.14
2024-10-30,West,Technology,Corporate,527.43,4,0.0,140.37
2024-10-30,West,Furniture,Consumer,424.14,7,0.2,48.58
2024-10-30,West,Technology,Consumer,703.51,1,0.1,170.49
2024-10-30,West,Office Supplies,Corporate,348.07,5,0.0,95.84
2024-10-31,West,Furniture,Consumer,141.81,2,0.0,29.23
2024-10-31,West,Technology,Home Office,100.21,5,0.0,29.8
2024-10-31,South,Office Supplies,Corporate,125.19,3,0.2,12.46
2024-11-01,East,Technology,Consumer,1549.37,2,0.0,445.01
2024-11-01,South,Furniture,Corporate,2115.2,7,0.0,593.09
2024-11-02,West,Furniture,Home Office,243.99,6,0.0,81.96
2024-11-02,South,Technology,Consumer,1162.83,3,0.1,271.25
2024-11-02,East,Office Supplies,Home Office,19.97,3,0.2,-38.32
2024-11-03,West,Office Supplies,Consumer,367.63,7,0.3,19.95
2024-11-03,South,Technology,Consumer,622.96,5,0.2,109.81
2024-11-03,West,Furniture,Consumer,494.18,7,0.0,142.54
2024-11-04,East,Office Supplies,Home Office,295.84,1,0.0,71.23
2024-11-04,East,Office Supplies,Corporate,111.72,4,0.2,41.48
2024-11-04,South,Technology,Corporate,1345.91,7,0.0,380.56
2024-11-04,West,Office Supplies,Consumer,302.49,7,0.2,65.66
2024-11-04,West,Office Supplies,Home Office,345.2,5,0.0,105.57
2024-11-04,West,Office Supplies,Consumer,113.85,2,0.3,-13.7
2024-11-04,East,Office Supplies,Consumer,178.62,7,0.0,72.28
2024-11-05,East,Technology,Consumer,117.43,3,0.0,38.94
2024-11-05,East,Technology,Home Office,202.75,6,0.0,50.6
2024-11-06,Central,Office Supplies,Home Office,49.44,2,0.0,2.14
2024-11-06,West,Furniture,Corporate,983.32,2,0.2,172.86
2024-11-06,South,Office Supplies,Consumer,44.57,2,0.0,2.59
2024-11-07,Central,Furniture,Corporate,691.98,7,0.0,194.22
2024-11-07,West,Furniture,Home Office,152.02,7,0.0,46.17
2024-11-07,West,Office Supplies,Corporate,41.38,1,0.0,-1.46
2024-11-07,West,Technology,Consumer,436.75,3,0.0,129.8
2024-11-07,West,Technology,Consumer,815.05,6,0.0,235.42
2024-11-07,West,Technology,Corporate,441.47,2,0.0,106.21
2024-11-07,Central,Technology,Consumer,471.08,6,0.1,133.48
2024-11-07,East,Technology,Home Office,1748.4,7,0.1,406.42
2024-11-08,Central,Office Supplies,Consumer,104.41,7,0.0,23.92
2024-11-08,West,Technology,Consumer,1685.59,6,0.1,387.09
2024-11-09,West,Technology,Consumer,1731.98,5,0.1,378.25
2024-11-09,Central,Office Supplies,Consumer,64.42,2,0.0,27.88
2024-11-09,West,Technology,Home Office,1487.34,3,0.1,321.82
2024-11-09,East,Technology,Consumer,518.78,5,0.2,80.66
2024-11-10,West,Furniture,Corporate,1599.83,5,0.0,429.88
2024-11-10,West,Technology,Corporate,654.48,5,0.1,167.65
2024-11-11,South,Furniture,Consumer,253.33,2,0.0,66.06
2024-11-11,West,Furniture,Consumer,1461.39,2,0.0,393.29
2024-11-11,South,Technology,Consumer,745.28,7,0.0,202.31
2024-11-12,Central,Office Supplies,Corporate,114.55,1,0.1,25.68
2024-11-12,West,Technology,Consumer,104.76,4,0.1,29.79
2024-11-12,West,Technology,Consumer,453.38,3,0.0,132.77
2024-11-12,West,Office Supplies,Consumer,73.21,2,0.0,18.96
2024-11-13,Central,Technology,Consumer,427.61,3,0.0,105.69
2024-11-13,Central,Technology,Corporate,120.16,6,0.1,4.63
2024-11-14,West,Furniture,Consumer,34.86,5,0.2,32.15
2024-11-14,West,Office Supplies,Corporate,374.3,2,0.0,128.37
2024-11-14,East,Office Supplies,Home Office,177.06,4,0.0,67.3
2024-11-14,Central,Office Supplies,Corporate,353.84,5,0.0,117.75
2024-11-14,East,Office Supplies,Consumer,63.99,2,0.3,16.33
2024-11-14,East,Furniture,Consumer,349.16,3,0.0,90.84
2024-11-15,East,Furniture,Consumer,1077.95,6,0.0,323.11
2024-11-15,Central,Office Supplies,Corporate,238.98,1,0.1,60.39
2024-11-15,Central,Furniture,Corporate,352.87,5,0.0,119.03
2024-11-15,West,Technology,Corporate,433.62,5,0.0,122.0
2024-11-15,West,Office Supplies,Consumer,385.39,6,0.1,88.46
2024-11-16,West,Technology,Consumer,401.11,5,0.0,124.92
2024-11-16,Central,Office Supplies,Corporate,25.45,6,0.0,31.84
2024-11-16,East,Technology,Consumer,1367.98,4,0.0,388.73
2024-11-16,Central,Technology,Corporate,950.67,5,0.0,258.01
2024-11-16,West,Furniture,Consumer,834.01,7,0.0,254.58
2024-11-16,Central,Office Supplies,Corporate,23.55,3,0.0,5.57
2024-11-17,West,Technology,Corporate,278.67,2,0.3,34.58
2024-11-17,West,Technology,Consumer,2083.12,5,0.0,571.13
2024-11-17,South,Office Supplies,Corporate,138.77,1,0.0,63.51
2024-11-17,West,Office Supplies,Consumer,56.19,5,0.0,-23.55
2024-11-17,East,Office Supplies,Corporate,201.47,4,0.0,40.34
2024-11-17,South,Furniture,Consumer,783.97,2,0.0,218.9
2024-11-17,West,Furniture,Home Office,1012.45,3,0.1,201.94
2024-11-18,South,Office Supplies,Home Office,193.17,4,0.0,59.92
2024-11-18,West,Office Supplies,Consumer,166.16,4,0.0,41.64
2024-11-18,West,Office Supplies,Consumer,24.23,5,0.0,-3.42
2024-11-19,East,Office Supplies,Consumer,124.06,1,0.0,37.28
2024-11-19,East,Technology,Corporate,1040.95,2,0.2,193.38
2024-11-19,Central,Furniture,Consumer,85.77,7,0.0,26.14
2024-11-20,South,Technology,Corporate,830.71,4,0.1,195.71
2024-11-20,East,Office Supplies,Consumer,169.13,2,0.1,46.35
2024-11-20,East,Technology,Home Office,682.4,4,0.0,202.2
2024-11-20,South,Furniture,Corporate,679.75,4,0.0,169.73
2024-11-21,East,Office Supplies,Consumer,442.53,1,0.1,80.97
2024-11-21,South,Furniture,Consumer,839.25,6,0.0,245.23
2024-11-21,West,Technology,Corporate,2358.9,3,0.0,654.14
2024-11-21,Central,Technology,Corporate,1812.63,2,0.2,309.61
2024-11-22,Central,Office Supplies,Corporate,128.62,3,0.0,38.12
2024-11-22,West,Technology,Consumer,809.33,5,0.1,181.28
2024-11-22,East,Technology,Corporate,164.34,6,0.2,55.02
2024-11-22,West,Technology,Consumer,610.65,6,0.0,178.32
2024-11-22,East,Office Supplies,Consumer,551.78,7,0.2,112.13
2024-11-23,West,Technology,Corporate,1111.69,4,0.0,300.8
2024-11-23,East,Office Supplies,Home Office,102.61,4,0.1,0.11
2024-11-23,West,Office Supplies,Consumer,267.49,7,0.0,88.16
2024-11-23,Central,Technology,Consumer,2300.24,7,0.2,419.08
2024-11-23,Central,Technology,Consumer,469.1,5,0.1,121.81
2024-11-24,Central,Furniture,Consumer,114.45,1,0.2,6.09
2024-11-24,Central,Technology,Corporate,1106.99,5,0.0,309.22
2024-11-24,West,Office Supplies,Corporate,182.58,1,0.0,50.24
2024-11-24,South,Office Supplies,Consumer,26.2,3,0.0,21.42
2024-11-24,East,Furniture,Corporate,1589.05,6,0.0,436.42
2024-11-25,West,Office Supplies,Corporate,215.68,7,0.0,87.4
2024-11-25,South,Office Supplies,Consumer,150.96,7,0.0,16.24
2024-11-26,Central,Office Supplies,Consumer,185.85,4,0.0,82.06
2024-11-26,West,Technology,Home Office,528.77,5,0.0,145.4
2024-11-26,South,Technology,Home Office,674.53,1,0.0,183.59
2024-11-26,West,Technology,Consumer,173.4,4,0.0,59.97
2024-11-27,Central,Furniture,Home Office,349.89,7,0.0,68.31
2024-11-27,South,Technology,Home Office,192.25,5,0.1,2.67
2024-11-27,West,Office Supplies,Home Office,78.93,7,0.2,2.45
2024-11-28,West,Furniture,Corporate,660.62,5,0.0,205.82
2024-11-28,West,Furniture,Corporate,1253.3,1,0.0,342.1
2024-11-28,West,Furniture,Consumer,518.75,6,0.2,92.13
2024-11-28,East,Furniture,Corporate,501.95,7,0.2,100.22
2024-11-28,East,Technology,Consumer,629.11,5,0.0,165.95
2024-11-28,West,Technology,Consumer,927.83,1,0.1,188.28
2024-11-29,West,Office Supplies,Consumer,103.23,2,0.2,21.9
2024-11-29,South,Furniture,Corporate,287.08,7,0.1,77.03
2024-11-29,West,Technology,Consumer,425.32,6,0.0,115.97
2024-11-30,West,Furniture,Consumer,784.52,5,0.1,167.7
2024-11-30,East,Office Supplies,Consumer,103.49,3,0.1,51.69
2024-11-30,East,Furniture,Home Office,293.47,2,0.2,32.39
2024-11-30,East,Office Supplies,Corporate,108.61,7,0.1,16.69
2024-11-30,West,Technology,Corporate,218.26,4,0.0,71.39
2024-12-01,West,Furniture,Home Office,235.82,6,0.0,56.53
2024-12-01,West,Technology,Home Office,926.06,4,0.0,249.23
2024-12-01,West,Office Supplies,Corporate,90.35,7,0.1,13.28
2024-12-01,South,Technology,Consumer,298.21,6,0.0,105.73
2024-12-02,West,Office Supplies,Consumer,80.08,5,0.2,9.31
2024-12-02,Central,Technology,Consumer,120.46,7,0.0,26.13
2024-12-02,Central,Technology,Consumer,845.07,7,0.0,237.75
2024-12-02,West,Office Supplies,Home Office,113.19,3,0.0,30.08
2024-12-03,West,Office Supplies,Consumer,10.06,7,0.0,16.4
2024-12-03,East,Technology,Consumer,213.95,6,0.1,68.5
2024-12-03,East,Technology,Consumer,309.88,5,0.1,56.61
2024-12-03,West,Office Supplies,Consumer,12.63,2,0.1,20.66
2024-12-03,Central,Technology,Home Office,517.95,3,0.2,69.8
2024-12-03,Central,Furniture,Consumer,203.32,5,0.0,68.36
2024-12-04,East,Office Supplies,Consumer,158.65,7,0.0,25.15
2024-12-04,East,Furniture,Consumer,211.89,1,0.0,58.58
2024-12-04,South,Furniture,Consumer,516.94,1,0.2,95.7
2024-12-04,South,Technology,Consumer,505.19,1,0.0,127.33
2024-12-04,West,Office Supplies,Consumer,120.06,5,0.0,15.62
2024-12-05,West,Furniture,Corporate,406.41,2,0.0,110.76
2024-12-05,West,Furniture,Consumer,376.32,7,0.0,82.62
2024-12-05,South,Technology,Consumer,435.98,6,0.0,129.87
2024-12-06,South,Technology,Home Office,775.4,7,0.0,195.82
2024-12-06,West,Technology,Consumer,150.95,5,0.1,17.54
2024-12-07,East,Furniture,Home Office,415.88,6,0.0,111.26
2024-12-07,West,Technology,Home Office,503.09,1,0.0,155.7
2024-12-07,West,Furniture,Corporate,433.69,3,0.0,111.01
2024-12-07,South,Furniture,Home Office,190.5,1,0.0,49.66
2024-12-08,East,Technology,Home Office,179.96,2,0.0,49.36
2024-12-08,West,Technology,Consumer,462.01,3,0.2,93.0
2024-12-08,West,Office Supplies,Consumer,126.87,2,0.0,52.39
2024-12-08,West,Technology,Consumer,274.64,2,0.0,23.12
2024-12-09,West,Technology,Consumer,783.02,3,0.0,231.04
2024-12-09,South,Technology,Corporate,231.29,4,0.0,61.79
2024-12-09,West,Technology,Home Office,111.25,2,0.3,-17.29
2024-12-09,West,Technology,Consumer,48.77,5,0.1,24.55
2024-12-10,Central,Office Supplies,Consumer,280.52,4,0.0,86.94
2024-12-10,East,Office Supplies,Home Office,54.07,7,0.0,12.25
2024-12-10,West,Technology,Home Office,521.17,6,0.0,117.52
2024-12-10,East,Office Supplies,Consumer,62.51,7,0.2,7.36
2024-12-10,West,Technology,Corporate,1621.94,3,0.1,395.14
2024-12-10,West,Office Supplies,Corporate,36.47,7,0.3,34.74
2024-12-11,West,Furniture,Home Office,162.1,7,0.0,45.39
2024-12-11,West,Technology,Consumer,479.01,4,0.1,137.9
2024-12-11,South,Office Supplies,Home Office,2.8,6,0.1,-14.57
2024-12-11,West,Technology,Corporate,660.71,4,0.0,183.6
2024-12-11,West,Technology,Corporate,171.29,7,0.0,50.13
2024-12-11,East,Furniture,Corporate,322.79,2,0.0,96.79
2024-12-11,East,Office Supplies,Consumer,255.33,6,0.3,3.86
2024-12-11,East,Office Supplies,Consumer,95.32,7,0.1,2.49
2024-12-11,East,Technology,Consumer,378.85,4,0.0,96.54
2024-12-12,East,Office Supplies,Consumer,63.69,4,0.0,2.22
2024-12-12,East,Technology,Consumer,1046.84,4,0.0,288.57
2024-12-12,East,Technology,Corporate,773.79,5,0.1,190.56
2024-12-12,Central,Technology,Corporate,1175.08,6,0.0,340.37
2024-12-12,South,Technology,Corporate,291.02,3,0.0,103.61
2024-12-13,West,Technology,Consumer,439.62,6,0.1,101.51
2024-12-13,Central,Technology,Consumer,137.05,3,0.0,24.65
2024-12-13,West,Furniture,Consumer,243.9,1,0.1,44.05
2024-12-13,East,Technology,Consumer,711.13,7,0.0,201.09
2024-12-13,East,Office Supplies,Home Office,304.2,2,0.2,59.76
2024-12-13,West,Technology,Home Office,469.1,5,0.0,108.61
2024-12-14,Central,Technology,Consumer,68.27,7,0.0,3.3
2024-12-14,West,Furniture,Consumer,1100.15,1,0.0,294.46
2024-12-14,West,Office Supplies,Corporate,88.93,5,0.2,55.57
2024-12-15,Central,Office Supplies,Home Office,50.95,7,0.0,29.6
2024-12-16,West,Office Supplies,Corporate,78.15,7,0.2,-7.45
2024-12-16,Central,Furniture,Home Office,2.64,5,0.0,1.15
2024-12-16,East,Furniture,Consumer,935.02,2,0.0,229.41
2024-12-17,West,Technology,Consumer,309.11,7,0.2,65.36
2024-12-17,West,Technology,Corporate,49.08,2,0.2,11.43
2024-12-18,West,Furniture,Corporate,135.83,4,0.0,45.69
2024-12-18,West,Technology,Consumer,269.15,6,0.2,46.46
2024-12-18,West,Office Supplies,Corporate,172.63,3,0.1,45.1
2024-12-18,East,Furniture,Corporate,1121.19,1,0.0,335.31
2024-12-19,Central,Technology,Consumer,266.52,6,0.0,77.05
2024-12-19,West,Office Supplies,Consumer,13.0,7,0.2,5.74
2024-12-19,East,Technology,Consumer,466.79,6,0.2,97.26
2024-12-19,South,Technology,Consumer,199.54,3,0.0,48.72
2024-12-20,East,Technology,Consumer,701.93,2,0.0,206.37
2024-12-20,Central,Technology,Corporate,84.31,2,0.0,47.82
2024-12-20,Central,Technology,Corporate,1038.55,2,0.3,149.07
2024-12-20,East,Office Supplies,Consumer,60.01,3,0.0,22.73
2024-12-20,East,Technology,Home Office,890.88,1,0.1,236.72
2024-12-20,West,Technology,Corporate,917.45,5,0.0,273.84
2024-12-20,Central,Technology,Consumer,108.71,2,0.1,29.16
2024-12-21,South,Office Supplies,Corporate,105.0,4,0.1,1.56
2024-12-21,East,Technology,Consumer,131.75,6,0.1,25.87
2024-12-21,South,Furniture,Consumer,290.52,5,0.1,83.86
2024-12-21,East,Office Supplies,Corporate,152.26,3,0.3,14.32
2024-12-21,East,Technology,Consumer,797.7,7,0.1,201.48
2024-12-21,West,Office Supplies,Corporate,28.62,7,0.1,-9.39
2024-12-21,Central,Furniture,Consumer,401.77,5,0.0,125.33
2024-12-21,West,Furniture,Corporate,317.57,7,0.0,105.57
2024-12-21,East,Technology,Home Office,57.29,7,0.0,4.77
2024-12-21,West,Technology,Consumer,438.74,2,0.1,125.64
2024-12-22,West,Technology,Home Office,398.21,4,0.0,107.44
2024-12-22,East,Furniture,Consumer,191.39,7,0.1,32.17
2024-12-22,Central,Office Supplies,Consumer,10.36,4,0.0,21.81
2024-12-22,West,Office Supplies,Consumer,94.05,1,0.2,-0.05
2024-12-22,West,Technology,Home Office,1179.45,5,0.0,320.11
2024-12-23,Central,Office Supplies,Corporate,82.1,5,0.3,9.4
2024-12-23,West,Technology,Corporate,1484.73,5,0.0,424.16
2024-12-23,Central,Office Supplies,Consumer,72.19,5,0.0,19.11
2024-12-24,East,Technology,Consumer,280.29,7,0.2,51.41
2024-12-24,West,Furniture,Corporate,308.58,5,0.1,58.18
2024-12-24,Central,Furniture,Corporate,152.73,6,0.0,81.15
2024-12-24,East,Technology,Home Office,238.29,4,0.0,90.04
2024-12-24,South,Technology,Home Office,942.67,7,0.0,254.58
2024-12-24,South,Office Supplies,Corporate,46.99,5,0.0,7.75
2024-12-25,West,Technology,Corporate,163.36,5,0.0,37.86
2024-12-25,West,Office Supplies,Corporate,81.47,7,0.0,17.6
2024-12-25,East,Furniture,Corporate,213.79,3,0.0,77.67
2024-12-25,East,Furniture,Consumer,354.0,2,0.1,101.41
2024-12-25,West,Technology,Consumer,1070.46,1,0.2,184.16
2024-12-26,Central,Office Supplies,Corporate,79.54,7,0.1,24.18
2024-12-26,East,Furniture,Consumer,470.49,3,0.1,120.14
2024-12-26,West,Office Supplies,Corporate,167.95,7,0.1,62.78
2024-12-27,West,Office Supplies,Corporate,94.39,6,0.1,37.45
2024-12-27,West,Technology,Consumer,862.69,5,0.0,262.17
2024-12-27,East,Office Supplies,Consumer,54.47,3,0.0,38.7
2024-12-27,South,Office Supplies,Consumer,18.46,2,0.0,-5.12
2024-12-27,West,Office Supplies,Home Office,16.22,6,0.0,22.87
2024-12-27,South,Technology,Consumer,1628.06,4,0.0,445.32
2024-12-28,South,Furniture,Consumer,278.35,2,0.1,63.38
2024-12-28,East,Furniture,Consumer,896.46,1,0.1,208.88
2024-12-28,West,Office Supplies,Consumer,178.01,7,0.0,48.16
2024-12-28,East,Office Supplies,Home Office,48.5,6,0.0,21.92
2024-12-28,South,Office Supplies,Corporate,57.05,5,0.2,17.4
2024-12-29,West,Furniture,Home Office,382.53,6,0.2,63.71
2024-12-29,West,Office Supplies,Corporate,69.49,7,0.1,22.73
2024-12-30,West,Technology,Consumer,331.07,7,0.0,103.38
2024-12-30,South,Technology,Consumer,328.89,7,0.1,84.7
2024-12-30,West,Furniture,Home Office,189.87,7,0.0,59.93
2024-12-31,West,Technology,Corporate,376.32,3,0.1,81.15
2024-12-31,West,Office Supplies,Consumer,52.63,7,0.1,18.69
2024-12-31,West,Office Supplies,Consumer,32.47,5,0.2,11.56
2024-12-31,South,Technology,Corporate,229.52,6,0.1,84.08
2024-12-31,West,Technology,Consumer,1142.29,6,0.0,316.64
2024-12-31,East,Office Supplies,Corporate,166.99,4,0.2,22.18
2025-01-01,Central,Technology,Home Office,342.65,3,0.1,78.81
2025-01-01,East,Technology,Consumer,494.55,6,0.0,139.72
2025-01-01,East,Technology,Consumer,52.86,7,0.0,3.06
2025-01-01,East,Office Supplies,Consumer,58.06,1,0.1,13.08
2025-01-02,West,Technology,Corporate,603.54,6,0.0,154.1
2025-01-02,West,Technology,Home Office,304.76,3,0.0,71.15
2025-01-02,East,Technology,Consumer,80.16,3,0.0,14.47
2025-01-02,West,Office Supplies,Consumer,7.98,7,0.0,-7.4
2025-01-02,West,Technology,Consumer,1678.78,3,0.1,380.39
2025-01-03,East,Office Supplies,Consumer,22.64,3,0.0,8.46
2025-01-03,South,Technology,Consumer,517.01,4,0.0,146.73
2025-01-04,West,Furniture,Corporate,1164.93,6,0.0,360.14
2025-01-04,Central,Office Supplies,Consumer,127.33,6,0.0,48.3
2025-01-04,Central,Office Supplies,Home Office,121.24,4,0.0,30.05
2025-01-04,West,Furniture,Consumer,69.43,1,0.0,12.66
2025-01-04,Central,Furniture,Consumer,661.99,6,0.0,212.41
2025-01-04,Central,Technology,Corporate,419.93,2,0.2,79.07
2025-01-05,Central,Office Supplies,Home Office,68.1,1,0.2,4.34
2025-01-05,East,Office Supplies,Consumer,160.34,2,0.0,45.81
2025-01-05,Central,Office Supplies,Consumer,48.06,4,0.0,18.19
2025-01-05,South,Furniture,Consumer,45.7,2,0.0,4.96
2025-01-05,East,Office Supplies,Consumer,154.94,6,0.0,48.88
2025-01-06,West,Office Supplies,Home Office,105.38,2,0.0,26.92
2025-01-06,Central,Furniture,Corporate,77.62,1,0.0,33.44
2025-01-06,West,Office Supplies,Corporate,132.13,7,0.0,25.03
2025-01-06,Central,Technology,Consumer,357.12,1,0.1,112.04
2025-01-07,East,Technology,Corporate,441.02,1,0.0,114.87
2025-01-07,South,Furniture,Corporate,292.2,5,0.1,64.71
2025-01-07,East,Technology,Home Office,302.8,7,0.0,72.98
2025-01-07,West,Technology,Consumer,500.74,4,0.0,143.85
2025-01-07,West,Technology,Consumer,245.57,6,0.0,75.32
2025-01-08,East,Office Supplies,Corporate,149.15,1,0.0,29.58
2025-01-08,East,Office Supplies,Consumer,223.34,4,0.1,53.0
2025-01-08,West,Furniture,Corporate,335.31,4,0.0,117.43
2025-01-08,West,Furniture,Corporate,379.1,7,0.1,91.56
2025-01-08,Central,Technology,Consumer,275.15,3,0.0,90.14
2025-01-08,West,Furniture,Home Office,230.45,5,0.0,51.95
2025-01-08,East,Technology,Consumer,439.38,6,0.1,129.45
2025-01-09,West,Office Supplies,Consumer,28.82,3,0.0,28.98
2025-01-09,East,Furniture,Consumer,185.23,3,0.0,42.93
2025-01-09,West,Office Supplies,Corporate,156.59,4,0.0,71.09
2025-01-10,West,Furniture,Home Office,702.68,1,0.0,204.0
2025-01-10,West,Technology,Consumer,103.14,4,0.0,12.46
2025-01-11,East,Furniture,Corporate,529.74,1,0.2,77.03
2025-01-11,West,Office Supplies,Corporate,87.22,7,0.0,20.96
2025-01-12,West,Furniture,Consumer,147.39,3,0.0,43.51
2025-01-13,West,Furniture,Home Office,304.71,6,0.1,93.26
2025-01-13,East,Office Supplies,Consumer,163.99,7,0.3,40.32
2025-01-14,East,Technology,Home Office,371.45,7,0.1,50.73
2025-01-14,West,Technology,Home Office,390.22,1,0.1,106.45
2025-01-14,West,Technology,Consumer,1035.74,1,0.2,178.94
2025-01-15,South,Technology,Home Office,505.31,1,0.0,150.69
2025-01-15,West,Technology,Consumer,359.38,4,0.3,57.19
2025-01-15,Central,Technology,Consumer,399.56,4,0.0,108.74
2025-01-15,Central,Office Supplies,Home Office,117.02,5,0.0,47.43
2025-01-16,Central,Office Supplies,Consumer,54.14,5,0.2,-1.03
2025-01-16,West,Furniture,Corporate,401.64,2,0.1,77.35
2025-01-16,South,Office Supplies,Consumer,16.26,5,0.1,5.79
2025-01-16,East,Office Supplies,Consumer,20.79,6,0.0,9.65
2025-01-16,West,Technology,Home Office,285.14,6,0.1,75.12
2025-01-16,East,Technology,Home Office,564.28,7,0.2,103.44
2025-01-16,West,Office Supplies,Corporate,107.93,2,0.1,23.37
2025-01-16,East,Technology,Home Office,232.28,4,0.0,86.26
2025-01-16,East,Furniture,Consumer,702.98,5,0.0,175.93
2025-01-16,South,Technology,Consumer,906.0,6,0.1,246.77
2025-01-16,East,Technology,Consumer,505.63,3,0.2,59.58
2025-01-17,East,Technology,Consumer,269.82,2,0.1,105.4
2025-01-17,West,Technology,Consumer,491.67,5,0.0,133.72
2025-01-17,East,Furniture,Consumer,348.68,5,0.2,62.22
2025-01-18,West,Office Supplies,Home Office,61.19,3,0.2,6.44
2025-01-18,East,Furniture,Consumer,679.45,7,0.0,203.37
2025-01-19,South,Technology,Corporate,798.45,1,0.0,232.89
2025-01-19,South,Office Supplies,Home Office,41.98,6,0.2,33.39
2025-01-19,South,Office Supplies,Consumer,92.97,2,0.0,15.74
2025-01-19,West,Technology,Consumer,246.73,7,0.0,67.0
2025-01-19,West,Furniture,Corporate,524.21,5,0.0,133.97
2025-01-20,West,Technology,Corporate,221.62,4,0.1,51.41
2025-01-21,West,Technology,Corporate,652.15,5,0.0,192.75
2025-01-21,Central,Technology,Consumer,330.14,2,0.0,75.92
2025-01-21,East,Technology,Corporate,185.3,3,0.0,69.45
2025-01-21,West,Office Supplies,Consumer,187.55,4,0.1,35.99
2025-01-21,Central,Furniture,Corporate,593.13,5,0.3,85.41
2025-01-22,West,Technology,Consumer,513.27,1,0.2,101.6
2025-01-22,West,Office Supplies,Corporate,104.88,7,0.1,9.23
2025-01-22,Central,Furniture,Consumer,177.86,5,0.2,31.44
2025-01-22,West,Technology,Consumer,556.31,2,0.0,138.61
2025-01-22,West,Technology,Home Office,194.53,7,0.3,46.31
2025-01-23,West,Office Supplies,Corporate,93.34,4,0.0,25.37
2025-01-23,West,Office Supplies,Consumer,121.7,7,0.0,45.78
2025-01-24,Central,Office Supplies,Corporate,60.46,6,0.0,13.06
2025-01-24,East,Furniture,Consumer,361.68,1,0.0,105.87
2025-01-24,East,Furniture,Consumer,266.38,3,0.0,81.12
2025-01-24,West,Office Supplies,Consumer,155.92,5,0.2,11.89
2025-01-25,East,Technology,Corporate,562.57,6,0.0,154.6
2025-01-25,West,Office Supplies,Consumer,41.56,6,0.0,10.34
2025-01-26,West,Furniture,Home Office,377.85,6,0.0,109.27
2025-01-26,West,Technology,Consumer,1280.57,1,0.0,367.69
2025-01-26,West,Furniture,Consumer,118.26,4,0.1,11.45
2025-01-26,Central,Office Supplies,Home Office,42.46,4,0.2,-1.31
2025-01-26,East,Technology,Consumer,52.69,4,0.0,-15.64
2025-01-27,West,Office Supplies,Corporate,88.99,1,0.2,30.54
2025-01-27,West,Technology,Home Office,154.04,6,0.0,48.1
2025-01-27,East,Office Supplies,Consumer,90.18,2,0.2,19.21
2025-01-27,West,Office Supplies,Corporate,38.88,1,0.1,-2.07
2025-01-27,South,Technology,Corporate,776.71,7,0.1,145.7
2025-01-27,West,Technology,Home Office,397.74,7,0.0,123.38
2025-01-27,West,Technology,Home Office,599.22,3,0.1,114.47
2025-01-28,East,Office Supplies,Home Office,102.15,6,0.2,43.32
2025-01-28,West,Office Supplies,Corporate,43.37,4,0.1,28.68
2025-01-28,East,Technology,Consumer,84.6,5,0.1,20.07
2025-01-28,West,Furniture,Corporate,521.83,1,0.0,126.6
2025-01-28,East,Furniture,Consumer,437.66,4,0.0,111.41
2025-01-28,West,Technology,Corporate,224.87,2,0.0,62.29
2025-01-29,Central,Office Supplies,Consumer,64.46,3,0.0,19.56
2025-01-29,East,Technology,Consumer,331.8,3,0.1,102.99
2025-01-29,West,Office Supplies,Home Office,55.23,3,0.2,26.29
2025-01-30,West,Office Supplies,Consumer,29.21,4,0.2,-3.34
2025-01-30,Central,Technology,Consumer,410.1,5,0.1,110.81
2025-01-30,Central,Technology,Home Office,230.46,3,0.0,80.92
2025-01-30,South,Technology,Corporate,303.2,5,0.0,83.0
2025-01-30,West,Technology,Consumer,84.13,5,0.1,2.24
2025-01-30,Central,Office Supplies,Consumer,21.95,3,0.0,-2.43
2025-01-31,West,Furniture,Consumer,195.29,2,0.1,58.61
2025-01-31,West,Office Supplies,Corporate,40.44,1,0.0,-8.4
2025-01-31,Central,Technology,Corporate,704.04,1,0.1,139.59
2025-01-31,South,Furniture,Consumer,158.64,4,0.1,60.18
2025-01-31,East,Technology,Corporate,604.75,6,0.0,175.8
2025-02-01,Central,Technology,Corporate,495.31,3,0.0,143.76
2025-02-01,Central,Office Supplies,Home Office,207.25,7,0.0,32.59
2025-02-02,West,Technology,Corporate,1244.0,2,0.2,245.1
2025-02-02,West,Furniture,Corporate,123.33,3,0.2,67.13
2025-02-02,South,Technology,Consumer,378.65,4,0.3,25.08
2025-02-02,West,Furniture,Consumer,264.75,6,0.0,65.6
2025-02-03,East,Office Supplies,Corporate,156.38,2,0.0,48.0
2025-02-03,West,Technology,Home Office,1182.04,5,0.0,328.46
2025-02-03,East,Technology,Consumer,262.57,5,0.0,79.25
2025-02-03,East,Furniture,Home Office,968.65,6,0.1,211.98
2025-02-03,West,Technology,Corporate,214.59,2,0.2,28.36
2025-02-04,South,Office Supplies,Corporate,118.44,7,0.0,40.07
2025-02-04,East,Technology,Corporate,498.45,4,0.2,75.96
2025-02-04,West,Furniture,Consumer,519.9,6,0.0,145.97
2025-02-04,West,Office Supplies,Corporate,181.34,4,0.2,42.33
2025-02-04,West,Technology,Consumer,189.32,7,0.1,47.16
2025-02-04,Central,Office Supplies,Corporate,35.43,2,0.0,5.09
2025-02-04,West,Technology,Corporate,235.17,7,0.1,59.1
2025-02-04,South,Furniture,Consumer,698.35,2,0.3,101.47
2025-02-05,Central,Office Supplies,Corporate,66.11,1,0.0,40.38
2025-02-05,West,Office Supplies,Corporate,26.13,3,0.0,4.31
2025-02-05,East,Office Supplies,Home Office,242.98,7,0.1,54.56
2025-02-05,Central,Technology,Home Office,581.07,3,0.1,124.46
2025-02-05,East,Office Supplies,Consumer,81.22,3,0.0,10.19
2025-02-05,East,Technology,Corporate,469.0,5,0.1,98.11
2025-02-05,West,Office Supplies,Corporate,15.84,7,0.1,7.3
2025-02-06,Central,Technology,Home Office,628.54,1,0.0,154.81
2025-02-06,East,Furniture,Consumer,91.44,6,0.0,12.15
2025-02-06,West,Technology,Consumer,171.57,5,0.2,35.91
2025-02-06,South,Technology,Consumer,1038.74,2,0.3,170.41
2025-02-06,West,Office Supplies,Consumer,116.46,7,0.0,29.13
2025-02-06,West,Furniture,Consumer,102.01,7,0.2,15.07
2025-02-06,East,Furniture,Home Office,83.05,7,0.0,0.9
2025-02-06,West,Furniture,Corporate,111.62,4,0.0,31.7
2025-02-06,West,Technology,Consumer,229.75,3,0.0,76.62
2025-02-06,East,Office Supplies,Corporate,3.68,5,0.0,-5.55
2025-02-07,East,Technology,Consumer,98.38,6,0.1,25.2
2025-02-07,West,Technology,Consumer,26.93,7,0.0,7.44
2025-02-08,Central,Technology,Consumer,506.42,1,0.2,78.08
2025-02-08,West,Furniture,Home Office,577.07,6,0.0,164.07
2025-02-08,East,Office Supplies,Consumer,84.76,4,0.0,21.09
2025-02-08,South,Furniture,Corporate,1057.26,2,0.2,166.32
2025-02-08,West,Office Supplies,Corporate,63.19,6,0.1,11.12
2025-02-08,East,Technology,Consumer,262.65,3,0.1,51.09
2025-02-09,West,Furniture,Consumer,492.46,3,0.0,129.51
2025-02-09,Central,Technology,Consumer,241.84,7,0.0,84.24
2025-02-09,West,Technology,Consumer,708.6,7,0.0,210.53
2025-02-09,South,Technology,Home Office,460.81,6,0.0,114.53
2025-02-09,Central,Office Supplies,Home Office,128.6,2,0.0,45.15
2025-02-10,West,Furniture,Corporate,72.86,6,0.1,26.12
2025-02-10,West,Technology,Home Office,214.74,2,0.0,78.83
2025-02-10,East,Technology,Corporate,542.26,7,0.0,147.52
2025-02-10,Central,Technology,Consumer,562.4,5,0.0,167.33
2025-02-10,West,Technology,Home Office,176.83,6,0.1,76.11
2025-02-10,West,Furniture,Home Office,889.02,5,0.0,259.86
2025-02-10,East,Technology,Consumer,157.55,7,0.0,45.22
2025-02-10,West,Technology,Consumer,723.13,3,0.3,103.41
2025-02-11,West,Office Supplies,Corporate,44.65,4,0.1,25.26
2025-02-11,Central,Office Supplies,Home Office,142.42,3,0.0,17.09
2025-02-11,East,Office Supplies,Consumer,123.14,5,0.0,51.91
2025-02-12,West,Technology,Consumer,548.82,5,0.3,47.91
2025-02-12,West,Technology,Corporate,1151.99,5,0.0,338.46
2025-02-12,West,Technology,Home Office,76.84,3,0.1,19.62
2025-02-12,South,Office Supplies,Consumer,53.51,1,0.0,13.24
2025-02-12,West,Furniture,Home Office,169.51,1,0.1,43.09
2025-02-12,East,Technology,Consumer,680.8,6,0.0,178.86
2025-02-13,West,Technology,Home Office,1881.51,5,0.0,546.41
2025-02-13,West,Technology,Home Office,950.78,6,0.2,185.96
2025-02-13,West,Technology,Corporate,589.04,3,0.0,160.66
2025-02-13,Central,Technology,Consumer,336.77,1,0.0,97.31
2025-02-13,West,Furniture,Corporate,407.79,3,0.0,104.63
2025-02-13,East,Office Supplies,Consumer,245.24,1,0.0,68.35
2025-02-14,West,Office Supplies,Consumer,87.72,4,0.1,33.09
2025-02-14,East,Technology,Home Office,917.76,3,0.0,269.49
2025-02-14,South,Office Supplies,Corporate,56.79,5,0.1,1.16
2025-02-14,West,Office Supplies,Consumer,176.9,1,0.0,73.66
2025-02-14,West,Office Supplies,Home Office,192.33,1,0.1,35.13
2025-02-15,West,Technology,Corporate,790.03,4,0.1,168.92
2025-02-15,Central,Office Supplies,Consumer,97.89,5,0.0,46.98
2025-02-16,Central,Technology,Consumer,155.13,7,0.2,31.59
2025-02-16,West,Office Supplies,Consumer,102.74,6,0.0,48.86
2025-02-17,West,Technology,Corporate,321.82,3,0.2,50.39
2025-02-17,East,Technology,Home Office,513.94,6,0.0,159.23
2025-02-17,East,Technology,Corporate,45.43,6,0.2,-4.84
2025-02-17,East,Office Supplies,Consumer,86.06,2,0.0,43.46
2025-02-18,Central,Furniture,Corporate,851.08,7,0.2,144.08
2025-02-18,South,Technology,Corporate,170.78,3,0.0,27.18
2025-02-18,East,Office Supplies,Consumer,293.83,7,0.1,102.72
2025-02-18,East,Furniture,Consumer,1223.74,2,0.0,332.91
2025-02-18,East,Technology,Home Office,944.13,6,0.1,210.63
2025-02-18,West,Technology,Consumer,307.64,1,0.0,70.45
2025-02-19,South,Technology,Corporate,340.99,2,0.0,102.88
2025-02-19,West,Technology,Consumer,371.91,1,0.0,92.73
2025-02-19,West,Technology,Corporate,171.89,6,0.0,38.34
2025-02-19,East,Technology,Corporate,391.36,3,0.0,131.97
2025-02-19,East,Furniture,Consumer,655.73,7,0.1,155.24
2025-02-19,South,Office Supplies,Consumer,107.6,5,0.1,22.66
2025-02-20,West,Furniture,Consumer,205.2,1,0.3,33.99
2025-02-20,South,Technology,Corporate,196.1,7,0.3,13.71
2025-02-20,West,Furniture,Consumer,269.99,7,0.0,102.82
2025-02-20,South,Furniture,Home Office,565.52,4,0.1,128.02
2025-02-20,West,Technology,Home Office,694.0,7,0.0,176.07
2025-02-21,East,Office Supplies,Corporate,167.24,1,0.0,30.82
2025-02-21,East,Office Supplies,Corporate,142.14,3,0.0,49.81
2025-02-21,Central,Furniture,Corporate,508.9,2,0.0,146.71
2025-02-21,East,Furniture,Corporate,854.68,7,0.2,147.83
2025-02-22,West,Office Supplies,Consumer,99.63,1,0.3,40.82
2025-02-22,East,Technology,Home Office,826.37,1,0.0,227.04
2025-02-22,South,Furniture,Consumer,424.14,1,0.1,98.93
2025-02-23,South,Office Supplies,Consumer,21.79,7,0.1,4.57
2025-02-23,West,Technology,Consumer,229.97,1,0.1,64.49
2025-02-23,West,Technology,Consumer,338.35,2,0.0,102.33
2025-02-23,East,Office Supplies,Corporate,101.35,5,0.0,54.9
2025-02-23,South,Office Supplies,Consumer,161.58,1,0.0,47.01
2025-02-24,East,Office Supplies,Corporate,65.71,3,0.0,20.43
2025-02-24,West,Office Supplies,Consumer,116.15,5,0.1,64.0
2025-02-24,East,Technology,Corporate,747.41,4,0.0,203.83
2025-02-24,East,Office Supplies,Corporate,134.54,5,0.0,45.35
2025-02-24,West,Technology,Corporate,1330.97,7,0.0,390.91
2025-02-24,South,Technology,Consumer,1225.98,6,0.0,332.54
2025-02-25,West,Furniture,Consumer,309.93,2,0.0,113.51
2025-02-25,Central,Technology,Consumer,365.28,1,0.0,135.24
2025-02-25,South,Technology,Corporate,598.55,7,0.0,171.0
2025-02-25,West,Office Supplies,Consumer,60.07,3,0.3,3.11
2025-02-25,South,Technology,Home Office,301.41,5,0.3,43.42
2025-02-26,West,Technology,Corporate,404.86,1,0.0,111.58
2025-02-26,Central,Technology,Corporate,500.35,2,0.0,116.15
2025-02-26,West,Technology,Corporate,568.88,6,0.2,99.8
2025-02-26,East,Furniture,Corporate,466.92,7,0.0,163.64
2025-02-27,Central,Technology,Consumer,359.68,5,0.1,78.83
2025-02-27,West,Office Supplies,Home Office,55.66,1,0.0,25.52
2025-02-27,West,Furniture,Corporate,156.94,6,0.0,41.31
2025-02-27,West,Technology,Corporate,1258.6,7,0.1,304.47
2025-02-27,West,Furniture,Home Office,199.04,3,0.2,38.28
2025-02-27,West,Office Supplies,Corporate,106.22,5,0.2,22.33
2025-02-28,South,Office Supplies,Consumer,27.65,2,0.2,-12.4
2025-02-28,West,Technology,Corporate,341.5,1,0.0,109.43
2025-02-28,West,Technology,Home Office,404.14,5,0.1,88.6
2025-02-28,West,Office Supplies,Consumer,77.97,5,0.0,9.27
2025-02-28,East,Furniture,Corporate,808.31,4,0.0,232.24
2025-02-28,East,Furniture,Consumer,968.75,7,0.1,208.34
2025-02-28,South,Technology,Consumer,144.08,4,0.1,41.42
2025-02-28,East,Technology,Consumer,818.04,7,0.0,235.56
2025-02-28,East,Technology,Consumer,623.08,2,0.0,158.21
2025-02-28,Central,Technology,Consumer,311.83,6,0.0,79.52
2025-03-01,West,Technology,Corporate,988.49,7,0.0,255.28
2025-03-01,East,Furniture,Consumer,731.43,4,0.1,168.82
2025-03-01,East,Technology,Home Office,482.01,6,0.0,155.73
2025-03-01,East,Office Supplies,Consumer,8.64,5,0.2,12.28
2025-03-01,West,Technology,Corporate,501.6,5,0.2,83.67
2025-03-01,West,Furniture,Consumer,342.64,2,0.0,135.8
2025-03-02,West,Technology,Consumer,560.8,3,0.1,95.22
2025-03-02,East,Technology,Corporate,188.94,5,0.0,39.15
2025-03-02,Central,Technology,Home Office,410.99,4,0.0,115.34
2025-03-02,East,Office Supplies,Consumer,44.12,6,0.1,7.42
2025-03-03,West,Furniture,Consumer,685.77,7,0.0,190.14
2025-03-03,Central,Office Supplies,Consumer,97.46,4,0.1,10.53
2025-03-03,South,Office Supplies,Consumer,105.33,6,0.0,31.67
2025-03-03,Central,Furniture,Consumer,316.59,7,0.0,115.98
2025-03-03,East,Technology,Consumer,365.3,1,0.2,56.03
2025-03-04,West,Technology,Corporate,558.06,2,0.1,107.86
2025-03-04,West,Technology,Consumer,305.11,7,0.0,86.3
2025-03-04,West,Technology,Consumer,824.98,3,0.3,119.14
2025-03-04,West,Office Supplies,Corporate,121.91,4,0.3,28.87
2025-03-04,Central,Furniture,Home Office,45.11,4,0.0,25.8
2025-03-05,West,Technology,Home Office,957.63,6,0.0,257.79
2025-03-05,East,Office Supplies,Home Office,35.47,6,0.2,-1.68
2025-03-05,East,Technology,Corporate,1132.38,7,0.3,163.14
2025-03-05,West,Office Supplies,Home Office,246.29,6,0.0,76.17
2025-03-06,South,Office Supplies,Consumer,119.34,5,0.0,22.89
2025-03-06,West,Office Supplies,Corporate,85.88,3,0.1,15.29
2025-03-06,Central,Technology,Home Office,369.6,7,0.0,112.59
2025-03-07,West,Office Supplies,Home Office,24.03,2,0.0,-8.71
2025-03-07,West,Furniture,Consumer,202.98,4,0.0,65.88
2025-03-08,West,Furniture,Consumer,442.12,2,0.2,74.3
2025-03-08,Central,Technology,Consumer,521.18,7,0.1,139.1
2025-03-08,East,Technology,Corporate,364.65,4,0.0,110.14
2025-03-08,West,Office Supplies,Home Office,63.93,4,0.0,19.97
2025-03-08,Central,Office Supplies,Corporate,134.22,7,0.0,31.57
2025-03-08,West,Technology,Corporate,808.91,1,0.2,136.82
2025-03-08,West,Office Supplies,Consumer,157.03,3,0.0,43.61
2025-03-09,East,Furniture,Consumer,93.49,4,0.0,28.23
2025-03-09,East,Technology,Corporate,152.4,4,0.1,46.34
2025-03-09,South,Furniture,Consumer,222.94,4,0.0,81.24
2025-03-09,South,Office Supplies,Consumer,56.39,4,0.2,25.29
2025-03-09,East,Technology,Consumer,1001.25,5,0.1,256.47
2025-03-10,West,Technology,Corporate,613.58,2,0.3,83.01
2025-03-10,West,Furniture,Corporate,212.34,2,0.2,69.05
2025-03-10,Central,Office Supplies,Consumer,105.56,3,0.3,3.1
2025-03-10,East,Office Supplies,Corporate,362.38,2,0.0,79.65
2025-03-10,South,Office Supplies,Consumer,49.97,7,0.0,7.64
2025-03-10,West,Furniture,Consumer,905.19,4,0.0,230.01
2025-03-11,West,Furniture,Consumer,340.79,6,0.0,93.2
2025-03-11,South,Office Supplies,Home Office,214.67,7,0.0,65.48
2025-03-11,West,Technology,Corporate,431.9,4,0.0,104.59
2025-03-12,South,Technology,Corporate,149.59,6,0.2,29.13
2025-03-12,West,Furniture,Corporate,292.74,3,0.0,98.53
2025-03-12,West,Furniture,Consumer,196.76,2,0.1,63.76
2025-03-12,West,Furniture,Consumer,446.15,5,0.0,135.05
2025-03-12,West,Technology,Corporate,533.16,2,0.1,114.44
2025-03-12,West,Office Supplies,Consumer,72.3,7,0.2,21.9
2025-03-12,West,Office Supplies,Corporate,87.57,6,0.1,33.84
2025-03-12,East,Technology,Corporate,961.02,3,0.0,274.91
2025-03-13,East,Office Supplies,Consumer,259.8,1,0.3,47.24
2025-03-13,East,Office Supplies,Consumer,208.77,3,0.2,45.42
2025-03-13,East,Office Supplies,Corporate,62.25,2,0.0,-7.7
2025-03-13,East,Furniture,Consumer,512.12,3,0.0,165.13
2025-03-14,Central,Office Supplies,Home Office,115.03,6,0.2,26.73
2025-03-14,East,Furniture,Home Office,72.5,2,0.0,4.94
2025-03-14,West,Technology,Corporate,278.68,2,0.0,53.31
2025-03-14,West,Technology,Consumer,302.94,1,0.3,40.74
2025-03-14,West,Technology,Consumer,236.73,4,0.0,71.62
2025-03-14,West,Technology,Corporate,37.22,2,0.2,4.46
2025-03-14,South,Technology,Consumer,366.24,6,0.2,70.71
2025-03-16,Central,Office Supplies,Home Office,175.55,3,0.0,33.21
2025-03-16,South,Furniture,Consumer,314.36,6,0.2,34.2
2025-03-16,West,Office Supplies,Corporate,204.79,7,0.1,68.06
2025-03-16,West,Technology,Corporate,337.41,5,0.0,102.24
2025-03-16,East,Technology,Corporate,491.02,6,0.3,47.04
2025-03-16,East,Technology,Corporate,935.83,2,0.0,258.84
2025-03-16,East,Furniture,Corporate,822.08,3,0.1,200.86
2025-03-17,East,Technology,Corporate,733.05,6,0.0,200.91
2025-03-19,East,Technology,Home Office,636.7,4,0.2,112.44
2025-03-19,East,Technology,Corporate,158.59,3,0.0,61.08
2025-03-19,Central,Technology,Consumer,125.5,6,0.0,32.33
2025-03-19,East,Office Supplies,Consumer,73.96,5,0.0,43.2
2025-03-19,South,Technology,Consumer,94.29,2,0.0,15.83
2025-03-20,West,Technology,Consumer,403.86,1,0.0,115.81
2025-03-20,Central,Office Supplies,Consumer,42.14,4,0.1,-15.63
2025-03-21,West,Technology,Consumer,551.46,5,0.0,155.27
2025-03-21,West,Technology,Consumer,379.15,7,0.0,112.42
2025-03-21,East,Office Supplies,Corporate,51.21,6,0.1,32.35
2025-03-21,West,Office Supplies,Consumer,67.93,5,0.0,22.45
2025-03-21,West,Furniture,Corporate,308.04,6,0.1,86.92
2025-03-22,West,Technology,Consumer,683.56,7,0.1,175.01
2025-03-22,West,Technology,Consumer,331.73,5,0.0,115.31
2025-03-22,East,Technology,Consumer,242.46,1,0.0,67.76
2025-03-23,East,Technology,Home Office,752.09,4,0.0,214.06
2025-03-23,South,Technology,Corporate,1243.59,1,0.2,219.32
2025-03-23,East,Furniture,Corporate,206.46,1,0.3,41.32
2025-03-23,East,Technology,Corporate,798.15,7,0.0,192.79
2025-03-24,West,Technology,Corporate,816.6,6,0.0,216.21
2025-03-24,East,Office Supplies,Consumer,85.14,3,0.1,12.84
2025-03-24,Central,Technology,Consumer,675.76,6,0.1,144.05
2025-03-24,West,Technology,Corporate,508.29,1,0.0,126.59
2025-03-24,West,Office Supplies,Corporate,187.63,4,0.1,42.02
2025-03-24,West,Office Supplies,Corporate,198.91,1,0.2,38.18
2025-03-25,South,Furniture,Home Office,636.5,5,0.0,182.75
2025-03-25,South,Office Supplies,Consumer,183.0,1,0.1,39.94
2025-03-25,Central,Technology,Corporate,248.59,3,0.0,73.59
2025-03-26,Central,Office Supplies,Corporate,69.72,4,0.1,11.94
2025-03-26,South,Office Supplies,Home Office,104.1,3,0.1,43.19
2025-03-26,West,Office Supplies,Consumer,115.06,2,0.0,29.36
2025-03-26,West,Office Supplies,Consumer,84.05,3,0.1,29.16
2025-03-26,Central,Furniture,Consumer,717.73,7,0.0,187.99
2025-03-26,Central,Office Supplies,Corporate,142.93,1,0.0,68.0
2025-03-26,South,Office Supplies,Consumer,95.43,1,0.0,22.86
2025-03-26,East,Office Supplies,Consumer,78.67,3,0.1,10.54
2025-03-27,West,Furniture,Consumer,308.01,3,0.0,95.18
2025-03-27,West,Furniture,Consumer,208.9,6,0.0,85.03
2025-03-27,West,Technology,Home Office,390.92,3,0.2,76.89
2025-03-27,West,Technology,Consumer,794.76,6,0.0,235.12
2025-03-28,South,Furniture,Corporate,624.86,6,0.2,116.1
2025-03-28,West,Technology,Corporate,717.49,4,0.0,191.46
2025-03-28,West,Technology,Consumer,388.15,6,0.0,139.15
2025-03-28,South,Furniture,Corporate,218.66,5,0.0,36.56
2025-03-28,West,Technology,Consumer,1074.08,7,0.0,297.76
2025-03-29,Central,Office Supplies,Corporate,8.14,2,0.1,-4.07
2025-03-29,Central,Furniture,Consumer,355.3,1,0.2,77.89
2025-03-29,West,Technology,Corporate,879.59,1,0.0,253.16
2025-03-29,South,Office Supplies,Consumer,201.23,3,0.0,73.33
2025-03-29,Central,Technology,Corporate,380.79,6,0.2,69.35
2025-03-30,South,Furniture,Corporate,52.51,1,0.0,23.22
2025-03-30,East,Technology,Corporate,394.15,5,0.0,125.61
2025-03-30,East,Technology,Consumer,261.61,2,0.0,94.85
2025-03-31,East,Technology,Consumer,80.91,2,0.0,9.82
2025-03-31,South,Technology,Consumer,481.01,2,0.0,146.22
2025-03-31,East,Furniture,Consumer,159.4,5,0.2,4.47
2025-03-31,East,Office Supplies,Consumer,15.67,5,0.2,20.27
2025-04-01,West,Office Supplies,Corporate,45.61,1,0.1,-14.77
2025-04-01,Central,Office Supplies,Home Office,179.53,4,0.0,41.4
2025-04-01,West,Technology,Consumer,967.73,5,0.0,271.46
2025-04-01,South,Office Supplies,Home Office,134.78,7,0.2,35.7
2025-04-02,West,Furniture,Consumer,273.2,2,0.0,77.12
2025-04-02,West,Technology,Consumer,480.11,6,0.3,79.12
2025-04-02,South,Technology,Corporate,392.39,1,0.1,97.1
2025-04-02,South,Office Supplies,Consumer,75.67,5,0.0,37.28
2025-04-02,East,Office Supplies,Consumer,13.97,6,0.0,-0.14
2025-04-02,South,Technology,Home Office,480.59,6,0.0,132.94
2025-04-02,Central,Furniture,Home Office,78.55,1,0.0,17.08
2025-04-02,South,Office Supplies,Corporate,70.64,6,0.1,8.27
2025-04-03,West,Furniture,Home Office,195.33,5,0.3,40.94
2025-04-03,South,Office Supplies,Corporate,198.54,3,0.0,89.55
2025-04-03,West,Technology,Home Office,496.38,5,0.2,64.12
2025-04-03,West,Office Supplies,Corporate,35.42,7,0.0,-16.0
2025-04-03,Central,Office Supplies,Consumer,28.69,1,0.0,10.29
2025-04-03,East,Office Supplies,Home Office,147.92,6,0.0,52.31
2025-04-03,West,Technology,Consumer,1090.89,6,0.2,216.11
2025-04-04,Central,Technology,Home Office,63.44,5,0.2,9.77
2025-04-04,Central,Furniture,Home Office,559.97,5,0.0,155.8
2025-04-04,West,Office Supplies,Consumer,35.22,5,0.0,27.72
2025-04-04,Central,Furniture,Home Office,702.63,7,0.0,165.97
2025-04-05,West,Technology,Corporate,974.63,5,0.0,266.83
2025-04-05,South,Technology,Home Office,596.2,5,0.1,106.84
2025-04-05,East,Office Supplies,Consumer,111.33,3,0.1,10.6
2025-04-05,Central,Office Supplies,Consumer,16.45,2,0.0,8.94
2025-04-05,Central,Office Supplies,Consumer,194.18,2,0.1,71.86
2025-04-05,West,Technology,Corporate,134.66,1,0.1,10.8
2025-04-06,East,Office Supplies,Consumer,49.39,3,0.1,22.66
2025-04-06,West,Technology,Home Office,682.94,3,0.0,220.8
2025-04-06,South,Technology,Corporate,845.8,6,0.1,226.51
2025-04-06,East,Office Supplies,Consumer,76.88,2,0.0,34.53
2025-04-06,West,Office Supplies,Consumer,35.3,1,0.0,-9.24
2025-04-06,Central,Office Supplies,Home Office,317.98,6,0.0,69.44
2025-04-06,West,Technology,Home Office,913.18,7,0.0,262.72
2025-04-07,Central,Technology,Consumer,1141.23,2,0.3,147.68
2025-04-07,West,Technology,Home Office,559.51,4,0.0,179.79
2025-04-07,West,Furniture,Home Office,357.27,3,0.2,72.1
2025-04-07,West,Technology,Consumer,423.61,5,0.2,72.73
2025-04-07,Central,Technology,Home Office,802.11,6,0.3,99.82
2025-04-08,West,Technology,Corporate,1265.35,1,0.0,339.28
2025-04-08,Central,Technology,Corporate,335.6,7,0.1,76.19
2025-04-08,West,Technology,Consumer,894.93,6,0.0,255.86
2025-04-08,East,Technology,Corporate,611.21,4,0.3,90.06
2025-04-08,West,Office Supplies,Corporate,153.99,1,0.0,46.84
2025-04-08,Central,Office Supplies,Corporate,219.54,5,0.2,52.0
2025-04-08,East,Office Supplies,Home Office,161.38,3,0.0,47.64
2025-04-08,South,Office Supplies,Consumer,57.69,3,0.0,19.72
2025-04-09,South,Office Supplies,Consumer,167.05,6,0.0,59.27
2025-04-09,East,Furniture,Corporate,118.56,3,0.0,61.83
2025-04-09,West,Technology,Home Office,235.76,5,0.0,50.82
2025-04-09,East,Office Supplies,Consumer,40.6,1,0.0,6.29
2025-04-10,East,Office Supplies,Home Office,49.08,1,0.0,-5.69
2025-04-10,East,Technology,Consumer,442.29,1,0.0,130.9
2025-04-10,East,Technology,Corporate,1524.1,1,0.0,419.15
2025-04-10,South,Technology,Consumer,135.22,1,0.2,29.78
2025-04-10,East,Office Supplies,Consumer,71.2,4,0.2,-14.5
2025-04-10,East,Office Supplies,Corporate,184.44,3,0.0,59.37
2025-04-10,South,Technology,Consumer,331.66,3,0.0,80.34
2025-04-10,West,Office Supplies,Corporate,65.47,1,0.0,27.59
2025-04-10,South,Office Supplies,Home Office,76.22,7,0.0,9.98
2025-04-11,East,Technology,Consumer,23.89,7,0.0,15.23
2025-04-11,West,Office Supplies,Consumer,209.37,2,0.1,32.1
2025-04-11,West,Technology,Consumer,513.69,5,0.0,134.88
2025-04-11,South,Furniture,Consumer,815.35,5,0.1,178.43
2025-04-11,West,Office Supplies,Consumer,67.93,3,0.0,19.91
2025-04-11,Central,Technology,Consumer,29.56,7,0.0,28.17
2025-04-11,East,Technology,Corporate,1266.42,7,0.0,361.19
2025-04-12,West,Furniture,Corporate,666.23,4,0.0,190.76
2025-04-12,East,Technology,Consumer,615.58,4,0.2,113.05
2025-04-12,Central,Technology,Home Office,1131.68,5,0.1,230.48
2025-04-12,West,Office Supplies,Consumer,77.65,7,0.0,17.13
2025-04-13,East,Technology,Consumer,437.48,4,0.0,136.11
2025-04-13,South,Office Supplies,Corporate,59.75,4,0.2,12.7
2025-04-13,West,Office Supplies,Corporate,81.98,3,0.0,32.48
2025-04-14,East,Technology,Consumer,552.11,6,0.0,177.08
2025-04-14,East,Technology,Corporate,959.88,6,0.2,181.28
2025-04-14,Central,Office Supplies,Corporate,115.39,3,0.0,33.02
2025-04-14,West,Furniture,Corporate,393.77,7,0.2,50.31
2025-04-14,West,Furniture,Corporate,529.07,7,0.0,138.12
2025-04-14,Central,Technology,Consumer,536.69,5,0.0,128.2
2025-04-14,Central,Technology,Corporate,554.3,2,0.0,154.4
2025-04-15,East,Office Supplies,Consumer,223.15,5,0.0,50.85
2025-04-15,West,Furniture,Consumer,322.78,4,0.3,54.45
2025-04-15,West,Office Supplies,Consumer,92.41,7,0.0,36.23
2025-04-15,East,Office Supplies,Consumer,65.63,7,0.1,3.49
2025-04-16,Central,Office Supplies,Consumer,124.57,4,0.3,15.35
2025-04-16,East,Technology,Home Office,782.64,1,0.0,191.45
2025-04-16,East,Technology,Consumer,238.06,6,0.0,52.59
2025-04-17,East,Technology,Home Office,645.0,6,0.0,168.41
2025-04-17,East,Furniture,Consumer,1002.73,5,0.0,301.02
2025-04-17,West,Furniture,Consumer,191.27,6,0.0,44.88
2025-04-17,Central,Office Supplies,Home Office,29.83,4,0.0,-3.64
2025-04-18,Central,Technology,Consumer,663.93,1,0.0,193.09
2025-04-19,East,Technology,Corporate,278.78,1,0.1,84.8
2025-04-20,East,Office Supplies,Consumer,28.25,5,0.1,10.47
2025-04-20,West,Technology,Corporate,931.67,5,0.0,226.47
2025-04-21,Central,Office Supplies,Consumer,72.54,6,0.0,18.7
2025-04-21,Central,Technology,Consumer,548.58,2,0.2,93.34
2025-04-21,South,Office Supplies,Home Office,157.61,5,0.0,24.65
2025-04-21,East,Office Supplies,Corporate,245.0,7,0.0,74.08
2025-04-21,East,Office Supplies,Consumer,27.84,5,0.1,1.71
2025-04-21,West,Technology,Consumer,152.1,2,0.1,15.37
2025-04-21,East,Technology,Consumer,274.39,2,0.0,53.18
2025-04-21,West,Technology,Home Office,354.19,7,0.0,102.74
2025-04-21,East,Technology,Home Office,2455.5,4,0.3,290.7
2025-04-22,Central,Furniture,Consumer,357.45,2,0.0,118.68
2025-04-23,West,Furniture,Consumer,91.28,3,0.1,-4.66
2025-04-23,Central,Furniture,Corporate,168.95,2,0.2,7.32
2025-04-23,South,Technology,Consumer,486.66,5,0.2,85.27
2025-04-23,East,Furniture,Home Office,295.12,7,0.0,100.2
2025-04-24,East,Technology,Consumer,185.95,2,0.0,61.36
2025-04-24,South,Office Supplies,Consumer,129.09,4,0.2,36.68
2025-04-24,East,Technology,Corporate,237.82,6,0.0,47.65
2025-04-24,West,Technology,Consumer,150.88,4,0.1,29.08
2025-04-24,West,Technology,Corporate,409.56,1,0.0,99.91
2025-04-24,South,Furniture,Consumer,262.52,6,0.0,70.07
2025-04-24,West,Technology,Corporate,828.53,4,0.0,230.83
2025-04-25,South,Office Supplies,Home Office,89.81,3,0.1,25.76
2025-04-25,East,Technology,Consumer,535.42,2,0.0,137.76
2025-04-25,South,Office Supplies,Consumer,65.89,5,0.1,36.76
2025-04-26,Central,Technology,Corporate,1759.7,6,0.1,408.06
2025-04-26,West,Furniture,Home Office,274.64,2,0.1,63.98
2025-04-27,East,Office Supplies,Corporate,244.31,3,0.3,30.81
2025-04-28,West,Technology,Consumer,417.81,1,0.0,130.24
2025-04-28,South,Technology,Corporate,251.29,5,0.0,78.23
2025-04-28,East,Office Supplies,Home Office,197.37,1,0.0,50.27
2025-04-28,South,Office Supplies,Home Office,82.74,3,0.3,-5.44
2025-04-28,Central,Office Supplies,Consumer,35.74,7,0.2,-17.78
2025-04-28,East,Office Supplies,Corporate,215.9,2,0.0,60.58
2025-04-28,East,Office Supplies,Consumer,105.0,1,0.0,29.38
2025-04-28,West,Furniture,Consumer,337.41,1,0.1,78.24
2025-04-29,Central,Technology,Corporate,1024.34,3,0.1,215.53
2025-04-29,South,Furniture,Home Office,409.05,3,0.0,106.58
2025-04-29,West,Furniture,Consumer,188.56,6,0.0,44.02
2025-04-30,West,Office Supplies,Corporate,215.45,4,0.0,30.69
2025-04-30,Central,Furniture,Consumer,138.33,4,0.1,62.11
2025-04-30,Central,Technology,Corporate,449.11,2,0.0,128.64
2025-04-30,West,Office Supplies,Consumer,89.14,3,0.1,17.6
2025-04-30,South,Furniture,Corporate,201.66,5,0.0,62.45
2025-05-01,West,Office Supplies,Consumer,14.73,1,0.0,23.13
2025-05-01,West,Furniture,Corporate,202.54,7,0.0,74.64
2025-05-01,West,Office Supplies,Corporate,11.63,4,0.1,-3.0
2025-05-01,Central,Office Supplies,Home Office,102.35,4,0.0,35.3
2025-05-01,South,Furniture,Corporate,344.17,7,0.2,59.62
2025-05-01,East,Office Supplies,Home Office,60.51,2,0.0,14.27
2025-05-01,Central,Office Supplies,Corporate,99.22,7,0.0,41.52
2025-05-02,South,Office Supplies,Home Office,221.12,4,0.1,82.41
2025-05-02,East,Office Supplies,Consumer,260.43,2,0.0,62.56
2025-05-03,West,Furniture,Corporate,586.28,7,0.0,190.41
2025-05-03,West,Office Supplies,Consumer,108.23,6,0.0,28.71
2025-05-03,West,Furniture,Corporate,846.94,4,0.0,235.62
2025-05-03,East,Office Supplies,Corporate,18.64,7,0.2,20.8
2025-05-03,West,Technology,Home Office,525.59,4,0.2,116.65
2025-05-03,South,Technology,Consumer,484.67,1,0.0,116.12
2025-05-04,South,Furniture,Consumer,294.58,5,0.2,57.39
2025-05-04,West,Office Supplies,Consumer,134.26,4,0.0,42.47
2025-05-04,East,Technology,Consumer,430.65,4,0.1,117.01
2025-05-04,West,Office Supplies,Consumer,30.06,1,0.2,14.02
2025-05-05,Central,Technology,Consumer,699.7,5,0.1,171.91
2025-05-06,East,Technology,Home Office,871.27,6,0.0,260.53
2025-05-06,Central,Technology,Home Office,509.62,3,0.0,149.49
2025-05-06,West,Technology,Home Office,266.67,5,0.0,67.91
2025-05-06,East,Furniture,Consumer,237.89,4,0.0,32.54
2025-05-06,South,Technology,Consumer,447.87,7,0.0,106.98
2025-05-07,South,Technology,Corporate,560.24,5,0.1,125.15
2025-05-07,East,Technology,Corporate,484.33,4,0.0,134.42
2025-05-07,West,Technology,Home Office,2403.16,6,0.0,657.17
2025-05-08,Central,Technology,Home Office,722.91,6,0.0,209.04
2025-05-08,West,Furniture,Consumer,101.03,1,0.0,16.35
2025-05-08,East,Office Supplies,Corporate,25.61,7,0.0,26.99
2025-05-09,West,Technology,Home Office,62.81,1,0.2,20.34
2025-05-09,Central,Furniture,Corporate,982.94,5,0.0,263.68
2025-05-09,East,Office Supplies,Consumer,133.92,5,0.0,47.55
2025-05-10,South,Furniture,Corporate,595.4,4,0.0,150.59
2025-05-10,East,Office Supplies,Home Office,46.59,4,0.1,11.6
2025-05-10,West,Furniture,Consumer,356.92,1,0.0,101.41
2025-05-10,East,Furniture,Consumer,640.24,5,0.1,148.72
2025-05-10,East,Office Supplies,Home Office,150.27,7,0.0,44.14
2025-05-11,East,Furniture,Consumer,317.69,4,0.0,106.13
2025-05-11,East,Office Supplies,Consumer,127.99,2,0.1,46.65
2025-05-12,West,Office Supplies,Consumer,176.07,7,0.1,45.58
2025-05-12,Central,Office Supplies,Corporate,76.7,7,0.0,9.38
2025-05-12,West,Furniture,Home Office,462.22,2,0.1,111.88
2025-05-12,West,Technology,Consumer,293.64,6,0.2,52.88
2025-05-13,East,Office Supplies,Consumer,131.24,7,0.0,63.46
2025-05-13,South,Office Supplies,Consumer,424.95,6,0.0,115.51
2025-05-13,West,Technology,Consumer,552.38,7,0.1,128.74
2025-05-13,Central,Office Supplies,Corporate,173.72,5,0.1,38.82
2025-05-13,Central,Furniture,Consumer,307.42,1,0.0,104.29
2025-05-14,West,Technology,Corporate,1599.81,7,0.0,443.59
2025-05-14,Central,Furniture,Consumer,326.41,3,0.2,54.57
2025-05-14,West,Furniture,Consumer,150.14,5,0.0,45.59
2025-05-14,Central,Technology,Corporate,1341.1,2,0.2,236.83
2025-05-14,South,Office Supplies,Consumer,45.35,4,0.0,4.06
2025-05-15,East,Office Supplies,Consumer,98.34,1,0.0,51.27
2025-05-15,West,Office Supplies,Consumer,57.08,6,0.0,17.29
2025-05-15,West,Office Supplies,Corporate,125.58,1,0.0,12.83
2025-05-15,East,Technology,Consumer,607.54,2,0.0,188.55
2025-05-15,South,Office Supplies,Consumer,130.49,2,0.2,29.09
2025-05-15,Central,Office Supplies,Consumer,88.77,5,0.0,29.81
2025-05-15,West,Furniture,Home Office,540.19,1,0.0,145.91
2025-05-16,East,Office Supplies,Consumer,107.33,2,0.0,26.12
2025-05-16,Central,Technology,Consumer,273.73,6,0.1,47.06
2025-05-16,East,Office Supplies,Corporate,117.01,1,0.1,22.62
2025-05-16,East,Furniture,Home Office,345.33,5,0.1,87.06
2025-05-16,Central,Technology,Corporate,310.92,5,0.0,88.48
2025-05-16,East,Office Supplies,Consumer,141.44,7,0.2,17.72
2025-05-16,South,Office Supplies,Consumer,217.62,7,0.2,31.59
2025-05-17,Central,Furniture,Consumer,179.49,7,0.0,78.35
2025-05-17,West,Office Supplies,Consumer,135.52,5,0.1,47.89
2025-05-17,East,Furniture,Home Office,29.56,5,0.0,24.91
2025-05-18,West,Technology,Consumer,365.84,3,0.0,106.47
2025-05-18,West,Office Supplies,Home Office,80.0,7,0.2,12.67
2025-05-18,West,Furniture,Consumer,404.08,4,0.1,110.99
2025-05-18,Central,Office Supplies,Consumer,258.14,4,0.2,79.09
2025-05-18,West,Office Supplies,Corporate,19.46,2,0.1,5.05
2025-05-18,West,Technology,Consumer,103.63,7,0.3,33.51
2025-05-19,East,Technology,Consumer,416.05,1,0.1,98.54
2025-05-19,South,Furniture,Corporate,948.67,7,0.0,275.49
2025-05-19,West,Technology,Home Office,790.99,1,0.1,184.2
2025-05-19,Central,Technology,Corporate,175.49,5,0.1,24.66
2025-05-19,West,Technology,Consumer,480.15,6,0.1,100.59
2025-05-19,East,Technology,Consumer,837.6,6,0.0,204.35
2025-05-20,East,Technology,Home Office,195.71,5,0.0,48.04
2025-05-20,East,Technology,Corporate,1097.49,2,0.0,317.84
2025-05-20,West,Furniture,Consumer,326.2,6,0.0,87.05
2025-05-20,East,Furniture,Consumer,172.88,1,0.2,27.68
2025-05-20,Central,Office Supplies,Corporate,105.38,6,0.1,9.74
2025-05-21,Central,Technology,Consumer,1651.66,2,0.0,432.84
2025-05-21,West,Technology,Corporate,530.01,7,0.1,133.91
2025-05-22,West,Furniture,Consumer,400.98,3,0.1,83.14
2025-05-22,Central,Technology,Corporate,445.12,7,0.0,128.34
2025-05-22,South,Technology,Consumer,947.42,3,0.0,287.7
2025-05-22,South,Technology,Home Office,412.36,2,0.2,69.19
2025-05-22,West,Office Supplies,Consumer,87.78,7,0.0,13.04
2025-05-22,East,Office Supplies,Corporate,78.0,4,0.0,33.39
2025-05-22,West,Furniture,Corporate,290.07,5,0.0,64.0
2025-05-22,South,Technology,Consumer,1219.04,4,0.3,188.82
2025-05-23,West,Furniture,Corporate,194.56,6,0.0,42.82
2025-05-23,Central,Office Supplies,Consumer,152.42,6,0.0,62.16
2025-05-23,South,Technology,Consumer,426.67,6,0.1,77.92
2025-05-23,East,Furniture,Corporate,762.19,2,0.0,205.02
2025-05-24,East,Technology,Consumer,210.07,2,0.0,78.42
2025-05-24,Central,Furniture,Consumer,353.96,5,0.0,87.03
2025-05-24,South,Technology,Consumer,52.99,7,0.0,32.86
2025-05-24,West,Office Supplies,Corporate,124.66,4,0.0,36.47
2025-05-25,East,Technology,Home Office,854.54,1,0.0,245.73
2025-05-25,West,Technology,Consumer,915.12,1,0.0,244.55
2025-05-25,South,Office Supplies,Consumer,12.79,4,0.2,-0.57
2025-05-25,West,Office Supplies,Consumer,82.0,4,0.0,26.94
2025-05-25,East,Office Supplies,Corporate,387.22,5,0.2,67.2
2025-05-25,East,Technology,Corporate,419.14,2,0.1,73.62
2025-05-25,West,Furniture,Corporate,30.24,6,0.0,-3.26
2025-05-25,West,Furniture,Consumer,920.0,6,0.0,257.53
2025-05-26,East,Technology,Consumer,227.42,6,0.0,71.24
2025-05-26,Central,Office Supplies,Consumer,54.81,3,0.0,16.41
2025-05-26,South,Office Supplies,Consumer,10.59,1,0.2,22.29
2025-05-26,East,Furniture,Corporate,195.38,7,0.0,37.26
2025-05-26,Central,Furniture,Home Office,527.85,6,0.2,74.54
2025-05-27,West,Furniture,Consumer,1085.26,5,0.0,292.29
2025-05-27,Central,Furniture,Corporate,551.79,3,0.0,169.61
2025-05-27,Central,Office Supplies,Consumer,78.29,6,0.1,27.02
2025-05-27,South,Technology,Consumer,90.35,3,0.2,24.56
2025-05-27,West,Office Supplies,Consumer,143.25,6,0.0,58.87
2025-05-27,West,Technology,Consumer,197.97,7,0.0,41.0
2025-05-27,West,Office Supplies,Home Office,137.23,2,0.0,47.82
2025-05-28,East,Office Supplies,Consumer,52.59,5,0.1,0.53
2025-05-28,East,Technology,Consumer,416.14,4,0.0,91.38
2025-05-30,East,Technology,Consumer,540.17,6,0.0,177.73
2025-05-30,West,Furniture,Corporate,579.13,5,0.0,173.14
2025-05-30,East,Technology,Consumer,28.95,7,0.0,16.33
2025-05-30,West,Furniture,Corporate,380.55,5,0.0,99.34
2025-05-31,South,Office Supplies,Consumer,117.89,4,0.0,31.78
2025-05-31,West,Office Supplies,Corporate,152.86,2,0.0,25.62
2025-05-31,East,Office Supplies,Home Office,60.65,3,0.0,30.57
2025-06-01,East,Office Supplies,Home Office,132.0,6,0.1,27.26
2025-06-01,South,Office Supplies,Home Office,135.64,6,0.0,23.91
2025-06-01,East,Office Supplies,Corporate,159.78,1,0.1,9.52
2025-06-01,West,Furniture,Consumer,147.7,2,0.0,21.07
2025-06-01,South,Furniture,Corporate,326.32,4,0.2,55.82
2025-06-01,East,Office Supplies,Corporate,47.87,3,0.1,18.15
2025-06-01,East,Technology,Home Office,73.25,3,0.1,31.33
2025-06-02,East,Technology,Consumer,535.41,2,0.0,149.21
2025-06-02,East,Technology,Corporate,1824.51,4,0.0,505.21
2025-06-02,West,Office Supplies,Corporate,51.03,1,0.2,18.95
2025-06-03,East,Office Supplies,Consumer,85.56,7,0.0,33.73
2025-06-03,West,Technology,Corporate,333.47,6,0.2,89.31
2025-06-03,West,Technology,Home Office,743.1,1,0.1,185.69
2025-06-03,West,Office Supplies,Consumer,30.04,4,0.2,7.48
2025-06-03,Central,Furniture,Consumer,526.67,5,0.1,115.36
2025-06-03,East,Technology,Corporate,449.67,4,0.1,113.32
2025-06-03,West,Technology,Corporate,364.94,2,0.0,110.91
2025-06-03,West,Technology,Corporate,246.25,4,0.0,70.95
2025-06-04,Central,Furniture,Consumer,265.53,4,0.0,84.06
2025-06-04,Central,Technology,Corporate,624.32,4,0.0,186.1
2025-06-04,East,Office Supplies,Consumer,39.12,2,0.0,-1.29
2025-06-04,West,Technology,Consumer,637.91,3,0.0,171.29
2025-06-04,West,Technology,Consumer,309.29,6,0.0,73.67
2025-06-06,Central,Office Supplies,Consumer,82.37,7,0.0,26.86
2025-06-06,West,Technology,Home Office,732.96,5,0.0,192.5
2025-06-06,Central,Technology,Corporate,381.93,1,0.1,97.99
2025-06-06,Central,Furniture,Consumer,270.73,7,0.0,60.22
2025-06-06,East,Office Supplies,Consumer,77.07,1,0.1,22.37
2025-06-06,West,Office Supplies,Consumer,136.35,5,0.0,25.78
2025-06-06,East,Technology,Consumer,424.87,3,0.0,121.31
2025-06-07,Central,Furniture,Corporate,73.35,2,0.2,3.93
2025-06-07,West,Technology,Consumer,1155.13,6,0.0,302.17
2025-06-07,West,Technology,Corporate,684.22,1,0.0,206.08
2025-06-07,South,Technology,Consumer,723.91,4,0.0,191.13
2025-06-07,Central,Technology,Corporate,125.29,7,0.0,32.94
2025-06-07,West,Technology,Home Office,715.06,6,0.0,203.67
2025-06-07,West,Furniture,Corporate,476.92,2,0.0,131.8
2025-06-07,Central,Furniture,Consumer,882.71,4,0.0,283.52
2025-06-08,East,Technology,Corporate,45.94,4,0.1,15.85
2025-06-08,Central,Technology,Consumer,925.62,1,0.2,155.95
2025-06-08,East,Office Supplies,Corporate,301.81,5,0.2,25.52
2025-06-08,West,Office Supplies,Corporate,202.17,3,0.0,62.44
2025-06-08,Central,Furniture,Corporate,526.99,1,0.0,144.54
2025-06-08,South,Office Supplies,Home Office,47.41,7,0.0,19.93
2025-06-08,South,Office Supplies,Consumer,103.37,4,0.3,25.01
2025-06-08,South,Technology,Corporate,382.67,4,0.2,52.47
2025-06-08,Central,Technology,Corporate,1155.86,4,0.0,307.1
2025-06-08,West,Furniture,Corporate,292.18,3,0.0,76.89
2025-06-08,West,Office Supplies,Consumer,41.71,2,0.0,25.92
2025-06-08,West,Technology,Corporate,348.8,4,0.0,69.09
2025-06-08,East,Office Supplies,Home Office,19.84,3,0.0,26.36
2025-06-10,Central,Technology,Home Office,200.57,6,0.1,33.45
2025-06-11,West,Office Supplies,Consumer,13.82,2,0.1,-1.17
2025-06-11,East,Furniture,Home Office,796.14,4,0.0,257.85
2025-06-11,West,Technology,Corporate,747.19,4,0.0,189.16
2025-06-11,East,Furniture,Consumer,413.55,6,0.0,111.6
2025-06-11,West,Technology,Consumer,1012.61,4,0.1,218.75
2025-06-12,East,Furniture,Corporate,313.65,2,0.0,96.68
2025-06-12,West,Furniture,Corporate,345.6,4,0.0,90.62
2025-06-12,West,Office Supplies,Corporate,81.93,5,0.2,9.34
2025-06-12,Central,Technology,Home Office,2278.31,2,0.1,556.89
2025-06-12,West,Technology,Corporate,716.15,3,0.2,125.6
2025-06-13,South,Office Supplies,Consumer,162.67,5,0.0,30.32
2025-06-13,West,Office Supplies,Corporate,113.62,4,0.1,19.89
2025-06-13,West,Office Supplies,Corporate,19.03,2,0.1,-10.53
2025-06-13,West,Technology,Consumer,1177.53,1,0.2,222.02
2025-06-14,West,Office Supplies,Consumer,192.17,5,0.0,57.25
2025-06-14,Central,Technology,Consumer,341.41,7,0.0,99.78
2025-06-15,West,Technology,Consumer,180.67,3,0.0,57.84
2025-06-15,East,Furniture,Corporate,576.86,2,0.2,88.88
2025-06-15,West,Technology,Consumer,313.87,6,0.0,98.5
2025-06-15,South,Technology,Corporate,65.05,6,0.2,25.73
2025-06-15,West,Technology,Consumer,517.36,7,0.0,159.9
2025-06-16,Central,Furniture,Consumer,280.92,6,0.0,98.86
2025-06-16,East,Office Supplies,Consumer,40.02,7,0.1,16.9
2025-06-16,West,Office Supplies,Home Office,118.4,5,0.0,59.9
2025-06-16,East,Office Supplies,Home Office,103.22,1,0.0,34.22
2025-06-17,South,Technology,Consumer,652.2,2,0.1,157.88
2025-06-17,Central,Technology,Consumer,729.87,7,0.3,120.22
2025-06-17,East,Technology,Consumer,578.71,4,0.1,164.33
2025-06-18,East,Office Supplies,Home Office,39.05,4,0.0,21.93
2025-06-18,Central,Technology,Consumer,236.99,1,0.0,65.86
2025-06-18,Central,Office Supplies,Consumer,75.84,6,0.1,16.53
2025-06-18,East,Technology,Corporate,694.8,2,0.0,183.11
2025-06-18,West,Technology,Corporate,775.8,5,0.1,163.63
2025-06-19,South,Technology,Consumer,774.46,6,0.1,173.72
2025-06-19,East,Office Supplies,Consumer,67.22,4,0.1,3.6
2025-06-19,West,Furniture,Consumer,288.84,4,0.2,28.1
2025-06-19,West,Furniture,Home Office,34.86,1,0.2,-13.69
2025-06-20,East,Office Supplies,Consumer,195.38,1,0.1,56.13
2025-06-20,South,Technology,Consumer,469.29,3,0.0,146.52
2025-06-20,South,Technology,Consumer,681.75,2,0.3,118.19
2025-06-20,East,Technology,Consumer,397.68,5,0.0,100.83
2025-06-20,East,Technology,Home Office,910.65,6,0.1,199.53
2025-06-20,West,Technology,Consumer,480.38,5,0.0,132.21
2025-06-20,East,Technology,Consumer,28.3,4,0.0,-9.18
2025-06-20,West,Technology,Consumer,73.58,5,0.0,28.35
2025-06-21,East,Technology,Corporate,645.37,2,0.0,185.25
2025-06-21,West,Office Supplies,Home Office,25.98,2,0.1,20.01
2025-06-21,West,Technology,Consumer,329.7,2,0.1,77.93
2025-06-22,West,Furniture,Consumer,281.1,5,0.0,100.09
2025-06-22,Central,Office Supplies,Home Office,28.94,1,0.1,11.8
2025-06-22,East,Office Supplies,Consumer,111.1,2,0.0,4.62
2025-06-22,East,Furniture,Consumer,351.36,1,0.1,74.34
2025-06-23,South,Office Supplies,Consumer,62.59,2,0.0,27.7
2025-06-23,East,Technology,Consumer,535.05,6,0.0,135.98
2025-06-23,West,Technology,Consumer,407.19,2,0.0,99.14
2025-06-23,West,Technology,Home Office,168.34,2,0.2,43.3
2025-06-24,South,Office Supplies,Consumer,39.23,3,0.2,-7.19
2025-06-24,West,Furniture,Home Office,75.63,5,0.1,-3.65
2025-06-24,West,Technology,Corporate,176.09,5,0.0,60.05
2025-06-24,West,Technology,Consumer,120.84,3,0.1,24.2
2025-06-24,West,Office Supplies,Consumer,62.89,1,0.1,34.08
2025-06-25,West,Office Supplies,Consumer,487.78,7,0.2,88.25
2025-06-25,Central,Furniture,Corporate,63.27,3,0.2,8.08
2025-06-25,Central,Furniture,Consumer,608.67,1,0.0,154.23
2025-06-26,West,Office Supplies,Consumer,183.26,1,0.0,49.84
2025-06-26,Central,Office Supplies,Consumer,175.47,7,0.1,82.31
2025-06-26,West,Technology,Consumer,1012.86,7,0.1,219.67
2025-06-26,West,Furniture,Consumer,125.39,6,0.3,20.46
2025-06-26,East,Office Supplies,Consumer,17.61,1,0.1,-9.83
2025-06-26,West,Technology,Home Office,452.8,7,0.1,88.55
2025-06-27,East,Office Supplies,Corporate,154.86,5,0.3,-12.26
2025-06-27,West,Technology,Corporate,42.7,3,0.0,-10.57
2025-06-27,West,Technology,Corporate,309.32,7,0.1,87.54
2025-06-27,South,Office Supplies,Home Office,72.82,2,0.0,18.4
2025-06-27,West,Office Supplies,Consumer,120.48,7,0.0,21.29
2025-06-28,East,Office Supplies,Consumer,13.98,2,0.2,-0.66
2025-06-28,West,Furniture,Consumer,334.69,2,0.0,74.15
2025-06-28,West,Technology,Corporate,872.79,4,0.0,231.34
2025-06-28,East,Office Supplies,Corporate,5.04,3,0.1,-0.98
2025-06-28,Central,Office Supplies,Corporate,47.22,7,0.3,19.69
