Date,Dark_Store,Category,SKU,Units_Sold,Forecast_Units,On_Hand_Units,Promo_Flag
2025-01-01,DS-Amsterdam-01,Fresh Produce,FRE-01,49,48,337,0
2025-01-01,DS-Amsterdam-01,Fresh Produce,FRE-02,87,85,480,1
2025-01-01,DS-Amsterdam-01,Fresh Produce,FRE-03,38,50,232,0
2025-01-01,DS-Amsterdam-01,Fresh Produce,FRE-04,49,43,260,0
2025-01-01,DS-Amsterdam-01,Fresh Produce,FRE-05,45,51,271,0
2025-01-01,DS-Amsterdam-01,Fresh Produce,FRE-06,54,51,323,0
2025-01-01,DS-Amsterdam-01,Dairy,DAI-01,38,31,106,0
2025-01-01,DS-Amsterdam-01,Dairy,DAI-02,28,35,98,0
2025-01-01,DS-Amsterdam-01,Dairy,DAI-03,37,28,131,0
2025-01-01,DS-Amsterdam-01,Dairy,DAI-04,42,37,121,0
2025-01-01,DS-Amsterdam-01,Dairy,DAI-05,31,37,103,0
2025-01-01,DS-Amsterdam-01,Dairy,DAI-06,36,35,134,0
2025-01-01,DS-Amsterdam-01,Beverages,BEV-01,58,58,170,0
2025-01-01,DS-Amsterdam-01,Beverages,BEV-02,52,64,209,0
2025-01-01,DS-Amsterdam-01,Beverages,BEV-03,61,70,250,0
2025-01-01,DS-Amsterdam-01,Beverages,BEV-04,63,59,212,0
2025-01-01,DS-Amsterdam-01,Beverages,BEV-05,59,66,227,0
2025-01-01,DS-Amsterdam-01,Beverages,BEV-06,103,85,427,1
2025-01-01,DS-Amsterdam-01,Snacks,SNA-01,50,56,70,0
2025-01-01,DS-Amsterdam-01,Snacks,SNA-02,56,43,92,0
2025-01-01,DS-Amsterdam-01,Snacks,SNA-03,59,39,99,0
2025-01-01,DS-Amsterdam-01,Snacks,SNA-04,97,78,158,1
2025-01-01,DS-Amsterdam-01,Snacks,SNA-05,45,48,63,0
2025-01-01,DS-Amsterdam-01,Snacks,SNA-06,53,44,93,0
2025-01-01,DS-Amsterdam-01,Household,HOU-01,24,21,86,0
2025-01-01,DS-Amsterdam-01,Household,HOU-02,30,22,86,0
2025-01-01,DS-Amsterdam-01,Household,HOU-03,20,22,76,0
2025-01-01,DS-Amsterdam-01,Household,HOU-04,22,21,68,0
2025-01-01,DS-Amsterdam-01,Household,HOU-05,29,21,100,0
2025-01-01,DS-Amsterdam-01,Household,HOU-06,26,18,89,0
2025-01-01,DS-Amsterdam-02,Fresh Produce,FRE-01,36,47,238,0
2025-01-01,DS-Amsterdam-02,Fresh Produce,FRE-02,48,47,322,0
2025-01-01,DS-Amsterdam-02,Fresh Produce,FRE-03,44,54,214,0
2025-01-01,DS-Amsterdam-02,Fresh Produce,FRE-04,71,99,437,1
2025-01-01,DS-Amsterdam-02,Fresh Produce,FRE-05,80,102,388,1
2025-01-01,DS-Amsterdam-02,Fresh Produce,FRE-06,56,56,357,0
2025-01-01,DS-Amsterdam-02,Dairy,DAI-01,29,36,113,0
2025-01-01,DS-Amsterdam-02,Dairy,DAI-02,42,27,136,0
2025-01-01,DS-Amsterdam-02,Dairy,DAI-03,37,27,148,0
2025-01-01,DS-Amsterdam-02,Dairy,DAI-04,27,34,83,0
2025-01-01,DS-Amsterdam-02,Dairy,DAI-05,37,27,137,0
2025-01-01,DS-Amsterdam-02,Dairy,DAI-06,31,30,125,0
2025-01-01,DS-Amsterdam-02,Beverages,BEV-01,52,65,173,0
2025-01-01,DS-Amsterdam-02,Beverages,BEV-02,59,64,196,0
2025-01-01,DS-Amsterdam-02,Beverages,BEV-03,63,59,209,0
2025-01-01,DS-Amsterdam-02,Beverages,BEV-04,52,54,178,0
2025-01-01,DS-Amsterdam-02,Beverages,BEV-05,66,52,191,0
2025-01-01,DS-Amsterdam-02,Beverages,BEV-06,49,59,142,0
2025-01-01,DS-Amsterdam-02,Snacks,SNA-01,47,46,73,0
2025-01-01,DS-Amsterdam-02,Snacks,SNA-02,51,44,82,0
2025-01-01,DS-Amsterdam-02,Snacks,SNA-03,57,48,91,0
2025-01-01,DS-Amsterdam-02,Snacks,SNA-04,38,44,49,0
2025-01-01,DS-Amsterdam-02,Snacks,SNA-05,53,45,67,0
2025-01-01,DS-Amsterdam-02,Snacks,SNA-06,59,34,106,0
2025-01-01,DS-Amsterdam-02,Household,HOU-01,29,24,107,0
2025-01-01,DS-Amsterdam-02,Household,HOU-02,28,28,95,0
2025-01-01,DS-Amsterdam-02,Household,HOU-03,23,28,81,0
2025-01-01,DS-Amsterdam-02,Household,HOU-04,24,23,95,0
2025-01-01,DS-Amsterdam-02,Household,HOU-05,22,24,92,0
2025-01-01,DS-Amsterdam-02,Household,HOU-06,27,21,80,0
2025-01-01,DS-Rotterdam-01,Fresh Produce,FRE-01,25,36,146,0
2025-01-01,DS-Rotterdam-01,Fresh Produce,FRE-02,28,49,186,0
2025-01-01,DS-Rotterdam-01,Fresh Produce,FRE-03,60,60,332,1
2025-01-01,DS-Rotterdam-01,Fresh Produce,FRE-04,33,46,228,0
2025-01-01,DS-Rotterdam-01,Fresh Produce,FRE-05,29,36,147,0
2025-01-01,DS-Rotterdam-01,Fresh Produce,FRE-06,61,79,418,1
2025-01-01,DS-Rotterdam-01,Dairy,DAI-01,21,26,74,0
2025-01-01,DS-Rotterdam-01,Dairy,DAI-02,27,27,90,0
2025-01-01,DS-Rotterdam-01,Dairy,DAI-03,34,27,100,0
2025-01-01,DS-Rotterdam-01,Dairy,DAI-04,37,29,114,0
2025-01-01,DS-Rotterdam-01,Dairy,DAI-05,27,24,87,0
2025-01-01,DS-Rotterdam-01,Dairy,DAI-06,17,23,68,0
2025-01-01,DS-Rotterdam-01,Beverages,BEV-01,54,39,215,0
2025-01-01,DS-Rotterdam-01,Beverages,BEV-02,51,49,196,0
2025-01-01,DS-Rotterdam-01,Beverages,BEV-03,58,38,238,0
2025-01-01,DS-Rotterdam-01,Beverages,BEV-04,46,36,165,0
2025-01-01,DS-Rotterdam-01,Beverages,BEV-05,42,51,155,0
2025-01-01,DS-Rotterdam-01,Beverages,BEV-06,45,48,178,0
2025-01-01,DS-Rotterdam-01,Snacks,SNA-01,44,32,73,0
2025-01-01,DS-Rotterdam-01,Snacks,SNA-02,79,73,117,1
2025-01-01,DS-Rotterdam-01,Snacks,SNA-03,45,38,56,0
2025-01-01,DS-Rotterdam-01,Snacks,SNA-04,41,32,60,0
2025-01-01,DS-Rotterdam-01,Snacks,SNA-05,41,33,54,0
2025-01-01,DS-Rotterdam-01,Snacks,SNA-06,49,28,80,0
2025-01-01,DS-Rotterdam-01,Household,HOU-01,19,17,69,0
2025-01-01,DS-Rotterdam-01,Household,HOU-02,21,16,75,0
2025-01-01,DS-Rotterdam-01,Household,HOU-03,22,16,84,0
2025-01-01,DS-Rotterdam-01,Household,HOU-04,16,18,63,0
2025-01-01,DS-Rotterdam-01,Household,HOU-05,18,18,72,0
2025-01-01,DS-Rotterdam-01,Household,HOU-06,19,16,68,0
2025-01-01,DS-Utrecht-01,Fresh Produce,FRE-01,35,49,251,0
2025-01-01,DS-Utrecht-01,Fresh Produce,FRE-02,39,57,275,0
2025-01-01,DS-Utrecht-01,Fresh Produce,FRE-03,37,46,221,0
2025-01-01,DS-Utrecht-01,Fresh Produce,FRE-04,36,39,209,0
2025-01-01,DS-Utrecht-01,Fresh Produce,FRE-05,46,44,271,0
2025-01-01,DS-Utrecht-01,Fresh Produce,FRE-06,40,52,259,0
2025-01-01,DS-Utrecht-01,Dairy,DAI-01,38,30,142,0
2025-01-01,DS-Utrecht-01,Dairy,DAI-02,34,31,107,0
2025-01-01,DS-Utrecht-01,Dairy,DAI-03,32,36,132,0
2025-01-01,DS-Utrecht-01,Dairy,DAI-04,28,29,94,0
2025-01-01,DS-Utrecht-01,Dairy,DAI-05,35,31,113,0
2025-01-01,DS-Utrecht-01,Dairy,DAI-06,31,30,113,0
2025-01-01,DS-Utrecht-01,Beverages,BEV-01,60,54,204,0
2025-01-01,DS-Utrecht-01,Beverages,BEV-02,45,55,134,0
2025-01-01,DS-Utrecht-01,Beverages,BEV-03,46,48,130,0
2025-01-01,DS-Utrecht-01,Beverages,BEV-04,46,55,158,0
2025-01-01,DS-Utrecht-01,Beverages,BEV-05,49,58,179,0
2025-01-01,DS-Utrecht-01,Beverages,BEV-06,53,56,216,0
2025-01-01,DS-Utrecht-01,Snacks,SNA-01,51,41,79,0
2025-01-01,DS-Utrecht-01,Snacks,SNA-02,57,44,69,0
2025-01-01,DS-Utrecht-01,Snacks,SNA-03,50,46,77,0
2025-01-01,DS-Utrecht-01,Snacks,SNA-04,50,39,60,0
2025-01-01,DS-Utrecht-01,Snacks,SNA-05,51,42,84,0
2025-01-01,DS-Utrecht-01,Snacks,SNA-06,35,43,48,0
2025-01-01,DS-Utrecht-01,Household,HOU-01,30,22,112,0
2025-01-01,DS-Utrecht-01,Household,HOU-02,20,22,62,0
2025-01-01,DS-Utrecht-01,Household,HOU-03,26,15,82,0
2025-01-01,DS-Utrecht-01,Household,HOU-04,18,21,70,0
2025-01-01,DS-Utrecht-01,Household,HOU-05,22,23,87,0
2025-01-01,DS-Utrecht-01,Household,HOU-06,18,23,58,0
2025-01-01,DS-TheHague-01,Fresh Produce,FRE-01,52,50,328,0
2025-01-01,DS-TheHague-01,Fresh Produce,FRE-02,41,45,234,0
2025-01-01,DS-TheHague-01,Fresh Produce,FRE-03,70,95,414,1
2025-01-01,DS-TheHague-01,Fresh Produce,FRE-04,42,54,209,0
2025-01-01,DS-TheHague-01,Fresh Produce,FRE-05,39,45,230,0
2025-01-01,DS-TheHague-01,Fresh Produce,FRE-06,39,51,194,0
2025-01-01,DS-TheHague-01,Dairy,DAI-01,43,32,124,0
2025-01-01,DS-TheHague-01,Dairy,DAI-02,32,30,101,0
2025-01-01,DS-TheHague-01,Dairy,DAI-03,34,28,110,0
2025-01-01,DS-TheHague-01,Dairy,DAI-04,60,67,215,1
2025-01-01,DS-TheHague-01,Dairy,DAI-05,36,30,129,0
2025-01-01,DS-TheHague-01,Dairy,DAI-06,36,33,110,0
2025-01-01,DS-TheHague-01,Beverages,BEV-01,59,77,232,0
2025-01-01,DS-TheHague-01,Beverages,BEV-02,61,57,193,0
2025-01-01,DS-TheHague-01,Beverages,BEV-03,60,55,176,0
2025-01-01,DS-TheHague-01,Beverages,BEV-04,73,45,291,0
2025-01-01,DS-TheHague-01,Beverages,BEV-05,41,57,141,0
2025-01-01,DS-TheHague-01,Beverages,BEV-06,45,55,159,0
2025-01-01,DS-TheHague-01,Snacks,SNA-01,51,50,91,0
2025-01-01,DS-TheHague-01,Snacks,SNA-02,42,37,70,0
2025-01-01,DS-TheHague-01,Snacks,SNA-03,106,65,169,1
2025-01-01,DS-TheHague-01,Snacks,SNA-04,44,41,54,0
2025-01-01,DS-TheHague-01,Snacks,SNA-05,42,54,65,0
2025-01-01,DS-TheHague-01,Snacks,SNA-06,58,42,95,0
2025-01-01,DS-TheHague-01,Household,HOU-01,21,23,62,0
2025-01-01,DS-TheHague-01,Household,HOU-02,25,23,94,0
2025-01-01,DS-TheHague-01,Household,HOU-03,27,22,79,0
2025-01-01,DS-TheHague-01,Household,HOU-04,25,25,86,0
2025-01-01,DS-TheHague-01,Household,HOU-05,27,17,81,0
2025-01-01,DS-TheHague-01,Household,HOU-06,22,24,92,0
2025-01-02,DS-Amsterdam-01,Fresh Produce,FRE-01,49,37,345,0
2025-01-02,DS-Amsterdam-01,Fresh Produce,FRE-02,35,33,205,0
2025-01-02,DS-Amsterdam-01,Fresh Produce,FRE-03,36,46,237,0
2025-01-02,DS-Amsterdam-01,Fresh Produce,FRE-04,40,45,214,0
2025-01-02,DS-Amsterdam-01,Fresh Produce,FRE-05,33,36,183,0
2025-01-02,DS-Amsterdam-01,Fresh Produce,FRE-06,31,42,205,0
2025-01-02,DS-Amsterdam-01,Dairy,DAI-01,32,31,115,0
2025-01-02,DS-Amsterdam-01,Dairy,DAI-02,27,25,81,0
2025-01-02,DS-Amsterdam-01,Dairy,DAI-03,24,26,100,0
2025-01-02,DS-Amsterdam-01,Dairy,DAI-04,42,28,152,0
2025-01-02,DS-Amsterdam-01,Dairy,DAI-05,27,29,76,0
2025-01-02,DS-Amsterdam-01,Dairy,DAI-06,20,26,57,0
2025-01-02,DS-Amsterdam-01,Beverages,BEV-01,109,101,413,1
2025-01-02,DS-Amsterdam-01,Beverages,BEV-02,106,94,343,1
2025-01-02,DS-Amsterdam-01,Beverages,BEV-03,83,91,305,1
2025-01-02,DS-Amsterdam-01,Beverages,BEV-04,47,63,183,0
2025-01-02,DS-Amsterdam-01,Beverages,BEV-05,52,45,164,0
2025-01-02,DS-Amsterdam-01,Beverages,BEV-06,54,51,218,0
2025-01-02,DS-Amsterdam-01,Snacks,SNA-01,68,59,113,1
2025-01-02,DS-Amsterdam-01,Snacks,SNA-02,37,32,66,0
2025-01-02,DS-Amsterdam-01,Snacks,SNA-03,53,41,79,0
2025-01-02,DS-Amsterdam-01,Snacks,SNA-04,78,76,117,1
2025-01-02,DS-Amsterdam-01,Snacks,SNA-05,54,38,95,0
2025-01-02,DS-Amsterdam-01,Snacks,SNA-06,34,28,52,0
2025-01-02,DS-Amsterdam-01,Household,HOU-01,37,41,152,1
2025-01-02,DS-Amsterdam-01,Household,HOU-02,14,19,55,0
2025-01-02,DS-Amsterdam-01,Household,HOU-03,24,17,94,0
2025-01-02,DS-Amsterdam-01,Household,HOU-04,40,40,166,1
2025-01-02,DS-Amsterdam-01,Household,HOU-05,11,18,31,0
2025-01-02,DS-Amsterdam-01,Household,HOU-06,19,18,70,0
2025-01-02,DS-Amsterdam-02,Fresh Produce,FRE-01,50,44,343,0
2025-01-02,DS-Amsterdam-02,Fresh Produce,FRE-02,41,50,229,0
2025-01-02,DS-Amsterdam-02,Fresh Produce,FRE-03,46,45,280,0
2025-01-02,DS-Amsterdam-02,Fresh Produce,FRE-04,33,41,207,0
2025-01-02,DS-Amsterdam-02,Fresh Produce,FRE-05,41,37,216,0
2025-01-02,DS-Amsterdam-02,Fresh Produce,FRE-06,43,40,227,0
2025-01-02,DS-Amsterdam-02,Dairy,DAI-01,25,27,98,0
2025-01-02,DS-Amsterdam-02,Dairy,DAI-02,21,27,62,0
2025-01-02,DS-Amsterdam-02,Dairy,DAI-03,29,29,89,0
2025-01-02,DS-Amsterdam-02,Dairy,DAI-04,25,35,101,0
2025-01-02,DS-Amsterdam-02,Dairy,DAI-05,32,26,107,0
2025-01-02,DS-Amsterdam-02,Dairy,DAI-06,35,22,104,0
2025-01-02,DS-Amsterdam-02,Beverages,BEV-01,66,50,204,0
2025-01-02,DS-Amsterdam-02,Beverages,BEV-02,48,42,141,0
2025-01-02,DS-Amsterdam-02,Beverages,BEV-03,55,50,195,0
2025-01-02,DS-Amsterdam-02,Beverages,BEV-04,47,49,165,0
2025-01-02,DS-Amsterdam-02,Beverages,BEV-05,50,53,157,0
2025-01-02,DS-Amsterdam-02,Beverages,BEV-06,53,53,206,0
2025-01-02,DS-Amsterdam-02,Snacks,SNA-01,45,36,77,0
2025-01-02,DS-Amsterdam-02,Snacks,SNA-02,42,34,58,0
2025-01-02,DS-Amsterdam-02,Snacks,SNA-03,40,39,48,0
2025-01-02,DS-Amsterdam-02,Snacks,SNA-04,44,26,54,0
2025-01-02,DS-Amsterdam-02,Snacks,SNA-05,36,41,56,0
2025-01-02,DS-Amsterdam-02,Snacks,SNA-06,55,31,66,0
2025-01-02,DS-Amsterdam-02,Household,HOU-01,31,16,115,0
2025-01-02,DS-Amsterdam-02,Household,HOU-02,23,18,67,0
2025-01-02,DS-Amsterdam-02,Household,HOU-03,23,19,80,0
2025-01-02,DS-Amsterdam-02,Household,HOU-04,20,20,57,0
2025-01-02,DS-Amsterdam-02,Household,HOU-05,23,21,93,0
2025-01-02,DS-Amsterdam-02,Household,HOU-06,25,18,76,0
2025-01-02,DS-Rotterdam-01,Fresh Produce,FRE-01,39,38,188,0
2025-01-02,DS-Rotterdam-01,Fresh Produce,FRE-02,34,45,204,0
2025-01-02,DS-Rotterdam-01,Fresh Produce,FRE-03,40,37,236,0
2025-01-02,DS-Rotterdam-01,Fresh Produce,FRE-04,39,40,223,0
2025-01-02,DS-Rotterdam-01,Fresh Produce,FRE-05,38,31,219,0
2025-01-02,DS-Rotterdam-01,Fresh Produce,FRE-06,46,46,310,0
2025-01-02,DS-Rotterdam-01,Dairy,DAI-01,44,29,141,0
2025-01-02,DS-Rotterdam-01,Dairy,DAI-02,31,30,120,0
2025-01-02,DS-Rotterdam-01,Dairy,DAI-03,49,53,170,1
2025-01-02,DS-Rotterdam-01,Dairy,DAI-04,29,29,107,0
2025-01-02,DS-Rotterdam-01,Dairy,DAI-05,35,26,122,0
2025-01-02,DS-Rotterdam-01,Dairy,DAI-06,21,25,70,0
2025-01-02,DS-Rotterdam-01,Beverages,BEV-01,52,49,151,0
2025-01-02,DS-Rotterdam-01,Beverages,BEV-02,39,48,158,0
2025-01-02,DS-Rotterdam-01,Beverages,BEV-03,65,50,217,0
2025-01-02,DS-Rotterdam-01,Beverages,BEV-04,57,47,232,0
2025-01-02,DS-Rotterdam-01,Beverages,BEV-05,55,56,181,0
2025-01-02,DS-Rotterdam-01,Beverages,BEV-06,56,49,234,0
2025-01-02,DS-Rotterdam-01,Snacks,SNA-01,45,36,80,0
2025-01-02,DS-Rotterdam-01,Snacks,SNA-02,42,37,73,0
2025-01-02,DS-Rotterdam-01,Snacks,SNA-03,46,36,57,0
2025-01-02,DS-Rotterdam-01,Snacks,SNA-04,29,30,46,0
2025-01-02,DS-Rotterdam-01,Snacks,SNA-05,29,38,36,0
2025-01-02,DS-Rotterdam-01,Snacks,SNA-06,37,38,60,0
2025-01-02,DS-Rotterdam-01,Household,HOU-01,24,23,90,0
2025-01-02,DS-Rotterdam-01,Household,HOU-02,15,19,54,0
2025-01-02,DS-Rotterdam-01,Household,HOU-03,23,22,79,0
2025-01-02,DS-Rotterdam-01,Household,HOU-04,18,19,56,0
2025-01-02,DS-Rotterdam-01,Household,HOU-05,19,17,75,0
2025-01-02,DS-Rotterdam-01,Household,HOU-06,18,22,66,0
2025-01-02,DS-Utrecht-01,Fresh Produce,FRE-01,56,78,312,0
2025-01-02,DS-Utrecht-01,Fresh Produce,FRE-02,44,63,232,0
2025-01-02,DS-Utrecht-01,Fresh Produce,FRE-03,98,98,546,1
2025-01-02,DS-Utrecht-01,Fresh Produce,FRE-04,38,65,238,0
2025-01-02,DS-Utrecht-01,Fresh Produce,FRE-05,43,48,283,0
2025-01-02,DS-Utrecht-01,Fresh Produce,FRE-06,38,70,266,0
2025-01-02,DS-Utrecht-01,Dairy,DAI-01,35,39,113,0
2025-01-02,DS-Utrecht-01,Dairy,DAI-02,40,40,149,0
2025-01-02,DS-Utrecht-01,Dairy,DAI-03,43,44,148,0
2025-01-02,DS-Utrecht-01,Dairy,DAI-04,34,46,126,0
2025-01-02,DS-Utrecht-01,Dairy,DAI-05,37,48,110,0
2025-01-02,DS-Utrecht-01,Dairy,DAI-06,31,52,91,0
2025-01-02,DS-Utrecht-01,Beverages,BEV-01,62,78,205,0
2025-01-02,DS-Utrecht-01,Beverages,BEV-02,58,71,185,0
2025-01-02,DS-Utrecht-01,Beverages,BEV-03,74,62,292,0
2025-01-02,DS-Utrecht-01,Beverages,BEV-04,71,57,272,0
2025-01-02,DS-Utrecht-01,Beverages,BEV-05,61,55,249,0
2025-01-02,DS-Utrecht-01,Beverages,BEV-06,65,81,222,0
2025-01-02,DS-Utrecht-01,Snacks,SNA-01,53,52,78,0
2025-01-02,DS-Utrecht-01,Snacks,SNA-02,57,46,71,0
2025-01-02,DS-Utrecht-01,Snacks,SNA-03,53,52,93,0
2025-01-02,DS-Utrecht-01,Snacks,SNA-04,63,60,103,0
2025-01-02,DS-Utrecht-01,Snacks,SNA-05,64,57,102,0
2025-01-02,DS-Utrecht-01,Snacks,SNA-06,56,46,83,0
2025-01-02,DS-Utrecht-01,Household,HOU-01,26,24,97,0
2025-01-02,DS-Utrecht-01,Household,HOU-02,22,23,73,0
2025-01-02,DS-Utrecht-01,Household,HOU-03,34,26,116,0
2025-01-02,DS-Utrecht-01,Household,HOU-04,27,24,87,0
2025-01-02,DS-Utrecht-01,Household,HOU-05,25,22,74,0
2025-01-02,DS-Utrecht-01,Household,HOU-06,34,24,104,0
2025-01-02,DS-TheHague-01,Fresh Produce,FRE-01,31,36,188,0
2025-01-02,DS-TheHague-01,Fresh Produce,FRE-02,38,44,196,0
2025-01-02,DS-TheHague-01,Fresh Produce,FRE-03,78,68,393,1
2025-01-02,DS-TheHague-01,Fresh Produce,FRE-04,33,35,178,0
2025-01-02,DS-TheHague-01,Fresh Produce,FRE-05,34,35,218,0
2025-01-02,DS-TheHague-01,Fresh Produce,FRE-06,40,47,214,0
2025-01-02,DS-TheHague-01,Dairy,DAI-01,22,35,84,0
2025-01-02,DS-TheHague-01,Dairy,DAI-02,30,27,102,0
2025-01-02,DS-TheHague-01,Dairy,DAI-03,26,31,82,0
2025-01-02,DS-TheHague-01,Dairy,DAI-04,30,20,88,0
2025-01-02,DS-TheHague-01,Dairy,DAI-05,24,27,100,0
2025-01-02,DS-TheHague-01,Dairy,DAI-06,29,28,106,0
2025-01-02,DS-TheHague-01,Beverages,BEV-01,43,46,128,0
2025-01-02,DS-TheHague-01,Beverages,BEV-02,34,44,126,0
2025-01-02,DS-TheHague-01,Beverages,BEV-03,82,71,281,1
2025-01-02,DS-TheHague-01,Beverages,BEV-04,51,50,159,0
2025-01-02,DS-TheHague-01,Beverages,BEV-05,75,88,243,1
2025-01-02,DS-TheHague-01,Beverages,BEV-06,54,41,212,0
2025-01-02,DS-TheHague-01,Snacks,SNA-01,40,36,53,0
2025-01-02,DS-TheHague-01,Snacks,SNA-02,48,33,83,0
2025-01-02,DS-TheHague-01,Snacks,SNA-03,44,37,75,0
2025-01-02,DS-TheHague-01,Snacks,SNA-04,48,34,71,0
2025-01-02,DS-TheHague-01,Snacks,SNA-05,46,33,59,0
2025-01-02,DS-TheHague-01,Snacks,SNA-06,40,30,71,0
2025-01-02,DS-TheHague-01,Household,HOU-01,21,12,58,0
2025-01-02,DS-TheHague-01,Household,HOU-02,16,16,52,0
2025-01-02,DS-TheHague-01,Household,HOU-03,20,20,80,0
2025-01-02,DS-TheHague-01,Household,HOU-04,19,23,63,0
2025-01-02,DS-TheHague-01,Household,HOU-05,10,20,32,0
2025-01-02,DS-TheHague-01,Household,HOU-06,16,14,55,0
2025-01-03,DS-Amsterdam-01,Fresh Produce,FRE-01,36,45,237,0
2025-01-03,DS-Amsterdam-01,Fresh Produce,FRE-02,42,46,217,0
2025-01-03,DS-Amsterdam-01,Fresh Produce,FRE-03,31,32,178,0
2025-01-03,DS-Amsterdam-01,Fresh Produce,FRE-04,68,72,347,1
2025-01-03,DS-Amsterdam-01,Fresh Produce,FRE-05,43,35,234,0
2025-01-03,DS-Amsterdam-01,Fresh Produce,FRE-06,29,47,184,0
2025-01-03,DS-Amsterdam-01,Dairy,DAI-01,32,20,122,0
2025-01-03,DS-Amsterdam-01,Dairy,DAI-02,30,25,105,0
2025-01-03,DS-Amsterdam-01,Dairy,DAI-03,24,34,93,0
2025-01-03,DS-Amsterdam-01,Dairy,DAI-04,23,31,73,0
2025-01-03,DS-Amsterdam-01,Dairy,DAI-05,26,29,106,0
2025-01-03,DS-Amsterdam-01,Dairy,DAI-06,27,27,100,0
2025-01-03,DS-Amsterdam-01,Beverages,BEV-01,55,50,171,0
2025-01-03,DS-Amsterdam-01,Beverages,BEV-02,54,52,214,0
2025-01-03,DS-Amsterdam-01,Beverages,BEV-03,82,65,255,1
2025-01-03,DS-Amsterdam-01,Beverages,BEV-04,86,86,341,1
2025-01-03,DS-Amsterdam-01,Beverages,BEV-05,54,50,166,0
2025-01-03,DS-Amsterdam-01,Beverages,BEV-06,57,56,206,0
2025-01-03,DS-Amsterdam-01,Snacks,SNA-01,43,39,64,0
2025-01-03,DS-Amsterdam-01,Snacks,SNA-02,42,35,57,0
2025-01-03,DS-Amsterdam-01,Snacks,SNA-03,38,30,50,0
2025-01-03,DS-Amsterdam-01,Snacks,SNA-04,39,32,58,0
2025-01-03,DS-Amsterdam-01,Snacks,SNA-05,42,38,56,0
2025-01-03,DS-Amsterdam-01,Snacks,SNA-06,31,38,48,0
2025-01-03,DS-Amsterdam-01,Household,HOU-01,28,22,81,0
2025-01-03,DS-Amsterdam-01,Household,HOU-02,13,19,53,0
2025-01-03,DS-Amsterdam-01,Household,HOU-03,25,21,85,0
2025-01-03,DS-Amsterdam-01,Household,HOU-04,51,38,157,1
2025-01-03,DS-Amsterdam-01,Household,HOU-05,35,32,131,1
2025-01-03,DS-Amsterdam-01,Household,HOU-06,17,18,62,0
2025-01-03,DS-Amsterdam-02,Fresh Produce,FRE-01,51,52,351,0
2025-01-03,DS-Amsterdam-02,Fresh Produce,FRE-02,33,51,231,0
2025-01-03,DS-Amsterdam-02,Fresh Produce,FRE-03,32,38,229,0
2025-01-03,DS-Amsterdam-02,Fresh Produce,FRE-04,38,45,209,0
2025-01-03,DS-Amsterdam-02,Fresh Produce,FRE-05,46,53,282,0
2025-01-03,DS-Amsterdam-02,Fresh Produce,FRE-06,35,39,192,0
2025-01-03,DS-Amsterdam-02,Dairy,DAI-01,28,25,89,0
2025-01-03,DS-Amsterdam-02,Dairy,DAI-02,46,28,189,0
2025-01-03,DS-Amsterdam-02,Dairy,DAI-03,36,34,141,0
2025-01-03,DS-Amsterdam-02,Dairy,DAI-04,31,33,105,0
2025-01-03,DS-Amsterdam-02,Dairy,DAI-05,36,25,113,0
2025-01-03,DS-Amsterdam-02,Dairy,DAI-06,35,34,138,0
2025-01-03,DS-Amsterdam-02,Beverages,BEV-01,60,65,243,0
2025-01-03,DS-Amsterdam-02,Beverages,BEV-02,59,67,209,0
2025-01-03,DS-Amsterdam-02,Beverages,BEV-03,54,60,224,0
2025-01-03,DS-Amsterdam-02,Beverages,BEV-04,116,95,458,1
2025-01-03,DS-Amsterdam-02,Beverages,BEV-05,58,50,166,0
2025-01-03,DS-Amsterdam-02,Beverages,BEV-06,57,51,222,0
2025-01-03,DS-Amsterdam-02,Snacks,SNA-01,43,34,51,0
2025-01-03,DS-Amsterdam-02,Snacks,SNA-02,43,38,62,0
2025-01-03,DS-Amsterdam-02,Snacks,SNA-03,42,39,62,0
2025-01-03,DS-Amsterdam-02,Snacks,SNA-04,45,41,61,0
2025-01-03,DS-Amsterdam-02,Snacks,SNA-05,50,47,74,0
2025-01-03,DS-Amsterdam-02,Snacks,SNA-06,52,38,90,0
2025-01-03,DS-Amsterdam-02,Household,HOU-01,22,19,81,0
2025-01-03,DS-Amsterdam-02,Household,HOU-02,20,18,81,0
2025-01-03,DS-Amsterdam-02,Household,HOU-03,21,20,72,0
2025-01-03,DS-Amsterdam-02,Household,HOU-04,21,21,82,0
2025-01-03,DS-Amsterdam-02,Household,HOU-05,18,20,72,0
2025-01-03,DS-Amsterdam-02,Household,HOU-06,18,21,60,0
2025-01-03,DS-Rotterdam-01,Fresh Produce,FRE-01,46,54,239,0
2025-01-03,DS-Rotterdam-01,Fresh Produce,FRE-02,42,63,216,0
2025-01-03,DS-Rotterdam-01,Fresh Produce,FRE-03,51,54,342,0
2025-01-03,DS-Rotterdam-01,Fresh Produce,FRE-04,55,68,322,0
2025-01-03,DS-Rotterdam-01,Fresh Produce,FRE-05,46,52,262,0
2025-01-03,DS-Rotterdam-01,Fresh Produce,FRE-06,83,94,592,1
2025-01-03,DS-Rotterdam-01,Dairy,DAI-01,39,34,152,0
2025-01-03,DS-Rotterdam-01,Dairy,DAI-02,39,35,126,0
2025-01-03,DS-Rotterdam-01,Dairy,DAI-03,30,36,85,0
2025-01-03,DS-Rotterdam-01,Dairy,DAI-04,38,38,126,0
2025-01-03,DS-Rotterdam-01,Dairy,DAI-05,44,33,137,0
2025-01-03,DS-Rotterdam-01,Dairy,DAI-06,50,34,176,0
2025-01-03,DS-Rotterdam-01,Beverages,BEV-01,67,54,206,0
2025-01-03,DS-Rotterdam-01,Beverages,BEV-02,67,69,272,0
2025-01-03,DS-Rotterdam-01,Beverages,BEV-03,78,68,307,0
2025-01-03,DS-Rotterdam-01,Beverages,BEV-04,68,77,224,0
2025-01-03,DS-Rotterdam-01,Beverages,BEV-05,101,118,391,1
2025-01-03,DS-Rotterdam-01,Beverages,BEV-06,59,54,182,0
2025-01-03,DS-Rotterdam-01,Snacks,SNA-01,62,42,111,0
2025-01-03,DS-Rotterdam-01,Snacks,SNA-02,52,42,72,0
2025-01-03,DS-Rotterdam-01,Snacks,SNA-03,59,40,96,0
2025-01-03,DS-Rotterdam-01,Snacks,SNA-04,51,41,74,0
2025-01-03,DS-Rotterdam-01,Snacks,SNA-05,59,43,97,0
2025-01-03,DS-Rotterdam-01,Snacks,SNA-06,59,52,77,0
2025-01-03,DS-Rotterdam-01,Household,HOU-01,18,23,53,0
2025-01-03,DS-Rotterdam-01,Household,HOU-02,28,31,93,0
2025-01-03,DS-Rotterdam-01,Household,HOU-03,26,23,74,0
2025-01-03,DS-Rotterdam-01,Household,HOU-04,29,27,92,0
2025-01-03,DS-Rotterdam-01,Household,HOU-05,32,22,90,0
2025-01-03,DS-Rotterdam-01,Household,HOU-06,30,29,113,0
2025-01-03,DS-Utrecht-01,Fresh Produce,FRE-01,38,41,271,0
2025-01-03,DS-Utrecht-01,Fresh Produce,FRE-02,35,35,239,0
2025-01-03,DS-Utrecht-01,Fresh Produce,FRE-03,41,43,249,0
2025-01-03,DS-Utrecht-01,Fresh Produce,FRE-04,31,36,198,0
2025-01-03,DS-Utrecht-01,Fresh Produce,FRE-05,38,44,191,0
2025-01-03,DS-Utrecht-01,Fresh Produce,FRE-06,42,40,239,0
2025-01-03,DS-Utrecht-01,Dairy,DAI-01,30,32,94,0
2025-01-03,DS-Utrecht-01,Dairy,DAI-02,25,27,96,0
2025-01-03,DS-Utrecht-01,Dairy,DAI-03,27,31,103,0
2025-01-03,DS-Utrecht-01,Dairy,DAI-04,34,25,137,0
2025-01-03,DS-Utrecht-01,Dairy,DAI-05,33,30,98,0
2025-01-03,DS-Utrecht-01,Dairy,DAI-06,33,22,118,0
2025-01-03,DS-Utrecht-01,Beverages,BEV-01,53,53,155,0
2025-01-03,DS-Utrecht-01,Beverages,BEV-02,50,49,165,0
2025-01-03,DS-Utrecht-01,Beverages,BEV-03,59,54,223,0
2025-01-03,DS-Utrecht-01,Beverages,BEV-04,55,47,182,0
2025-01-03,DS-Utrecht-01,Beverages,BEV-05,58,50,184,0
2025-01-03,DS-Utrecht-01,Beverages,BEV-06,41,50,128,0
2025-01-03,DS-Utrecht-01,Snacks,SNA-01,38,34,56,0
2025-01-03,DS-Utrecht-01,Snacks,SNA-02,27,37,48,0
2025-01-03,DS-Utrecht-01,Snacks,SNA-03,34,32,44,0
2025-01-03,DS-Utrecht-01,Snacks,SNA-04,39,34,69,0
2025-01-03,DS-Utrecht-01,Snacks,SNA-05,36,33,53,0
2025-01-03,DS-Utrecht-01,Snacks,SNA-06,36,32,48,0
2025-01-03,DS-Utrecht-01,Household,HOU-01,23,17,71,0
2025-01-03,DS-Utrecht-01,Household,HOU-02,22,15,91,0
2025-01-03,DS-Utrecht-01,Household,HOU-03,20,19,82,0
2025-01-03,DS-Utrecht-01,Household,HOU-04,25,23,73,0
2025-01-03,DS-Utrecht-01,Household,HOU-05,13,19,37,0
2025-01-03,DS-Utrecht-01,Household,HOU-06,12,24,45,0
2025-01-03,DS-TheHague-01,Fresh Produce,FRE-01,50,49,248,0
2025-01-03,DS-TheHague-01,Fresh Produce,FRE-02,51,52,245,0
2025-01-03,DS-TheHague-01,Fresh Produce,FRE-03,34,45,229,0
2025-01-03,DS-TheHague-01,Fresh Produce,FRE-04,45,55,276,0
2025-01-03,DS-TheHague-01,Fresh Produce,FRE-05,42,53,296,0
2025-01-03,DS-TheHague-01,Fresh Produce,FRE-06,50,48,316,0
2025-01-03,DS-TheHague-01,Dairy,DAI-01,58,57,180,1
2025-01-03,DS-TheHague-01,Dairy,DAI-02,33,33,115,0
2025-01-03,DS-TheHague-01,Dairy,DAI-03,40,36,116,0
2025-01-03,DS-TheHague-01,Dairy,DAI-04,29,40,106,0
2025-01-03,DS-TheHague-01,Dairy,DAI-05,28,33,85,0
2025-01-03,DS-TheHague-01,Dairy,DAI-06,42,34,155,0
2025-01-03,DS-TheHague-01,Beverages,BEV-01,65,63,247,0
2025-01-03,DS-TheHague-01,Beverages,BEV-02,67,68,245,0
2025-01-03,DS-TheHague-01,Beverages,BEV-03,74,63,247,0
2025-01-03,DS-TheHague-01,Beverages,BEV-04,68,63,282,0
2025-01-03,DS-TheHague-01,Beverages,BEV-05,61,60,254,0
2025-01-03,DS-TheHague-01,Beverages,BEV-06,47,61,178,0
2025-01-03,DS-TheHague-01,Snacks,SNA-01,44,48,75,0
2025-01-03,DS-TheHague-01,Snacks,SNA-02,58,55,81,0
2025-01-03,DS-TheHague-01,Snacks,SNA-03,57,38,84,0
2025-01-03,DS-TheHague-01,Snacks,SNA-04,58,44,77,0
2025-01-03,DS-TheHague-01,Snacks,SNA-05,68,50,105,0
2025-01-03,DS-TheHague-01,Snacks,SNA-06,52,51,86,0
2025-01-03,DS-TheHague-01,Household,HOU-01,23,29,92,0
2025-01-03,DS-TheHague-01,Household,HOU-02,23,24,78,0
2025-01-03,DS-TheHague-01,Household,HOU-03,20,24,63,0
2025-01-03,DS-TheHague-01,Household,HOU-04,17,27,58,0
2025-01-03,DS-TheHague-01,Household,HOU-05,18,27,64,0
2025-01-03,DS-TheHague-01,Household,HOU-06,29,27,103,0
2025-01-04,DS-Amsterdam-01,Fresh Produce,FRE-01,60,66,404,0
2025-01-04,DS-Amsterdam-01,Fresh Produce,FRE-02,69,74,472,0
2025-01-04,DS-Amsterdam-01,Fresh Produce,FRE-03,68,67,354,0
2025-01-04,DS-Amsterdam-01,Fresh Produce,FRE-04,72,64,504,0
2025-01-04,DS-Amsterdam-01,Fresh Produce,FRE-05,55,74,308,0
2025-01-04,DS-Amsterdam-01,Fresh Produce,FRE-06,53,69,356,0
2025-01-04,DS-Amsterdam-01,Dairy,DAI-01,53,45,213,0
2025-01-04,DS-Amsterdam-01,Dairy,DAI-02,51,59,186,0
2025-01-04,DS-Amsterdam-01,Dairy,DAI-03,45,57,152,0
2025-01-04,DS-Amsterdam-01,Dairy,DAI-04,44,43,161,0
2025-01-04,DS-Amsterdam-01,Dairy,DAI-05,51,48,203,0
2025-01-04,DS-Amsterdam-01,Dairy,DAI-06,41,57,164,0
2025-01-04,DS-Amsterdam-01,Beverages,BEV-01,92,87,288,0
2025-01-04,DS-Amsterdam-01,Beverages,BEV-02,88,75,278,0
2025-01-04,DS-Amsterdam-01,Beverages,BEV-03,92,82,260,0
2025-01-04,DS-Amsterdam-01,Beverages,BEV-04,86,92,348,0
2025-01-04,DS-Amsterdam-01,Beverages,BEV-05,86,78,270,0
2025-01-04,DS-Amsterdam-01,Beverages,BEV-06,88,84,246,0
2025-01-04,DS-Amsterdam-01,Snacks,SNA-01,82,64,110,0
2025-01-04,DS-Amsterdam-01,Snacks,SNA-02,75,46,133,0
2025-01-04,DS-Amsterdam-01,Snacks,SNA-03,71,55,94,0
2025-01-04,DS-Amsterdam-01,Snacks,SNA-04,66,65,95,0
2025-01-04,DS-Amsterdam-01,Snacks,SNA-05,83,62,115,0
2025-01-04,DS-Amsterdam-01,Snacks,SNA-06,83,73,149,0
2025-01-04,DS-Amsterdam-01,Household,HOU-01,27,34,94,0
2025-01-04,DS-Amsterdam-01,Household,HOU-02,34,36,114,0
2025-01-04,DS-Amsterdam-01,Household,HOU-03,40,30,162,0
2025-01-04,DS-Amsterdam-01,Household,HOU-04,25,31,83,0
2025-01-04,DS-Amsterdam-01,Household,HOU-05,31,35,88,0
2025-01-04,DS-Amsterdam-01,Household,HOU-06,30,35,110,0
2025-01-04,DS-Amsterdam-02,Fresh Produce,FRE-01,82,74,580,0
2025-01-04,DS-Amsterdam-02,Fresh Produce,FRE-02,81,85,562,0
2025-01-04,DS-Amsterdam-02,Fresh Produce,FRE-03,64,71,455,0
2025-01-04,DS-Amsterdam-02,Fresh Produce,FRE-04,57,72,337,0
2025-01-04,DS-Amsterdam-02,Fresh Produce,FRE-05,46,77,287,0
2025-01-04,DS-Amsterdam-02,Fresh Produce,FRE-06,63,71,305,0
2025-01-04,DS-Amsterdam-02,Dairy,DAI-01,66,61,185,0
2025-01-04,DS-Amsterdam-02,Dairy,DAI-02,47,57,167,0
2025-01-04,DS-Amsterdam-02,Dairy,DAI-03,70,48,242,0
2025-01-04,DS-Amsterdam-02,Dairy,DAI-04,47,52,191,0
2025-01-04,DS-Amsterdam-02,Dairy,DAI-05,39,51,126,0
2025-01-04,DS-Amsterdam-02,Dairy,DAI-06,53,57,159,0
2025-01-04,DS-Amsterdam-02,Beverages,BEV-01,81,96,278,0
2025-01-04,DS-Amsterdam-02,Beverages,BEV-02,97,83,342,0
2025-01-04,DS-Amsterdam-02,Beverages,BEV-03,103,74,306,0
2025-01-04,DS-Amsterdam-02,Beverages,BEV-04,70,94,225,0
2025-01-04,DS-Amsterdam-02,Beverages,BEV-05,93,114,345,0
2025-01-04,DS-Amsterdam-02,Beverages,BEV-06,93,90,332,0
2025-01-04,DS-Amsterdam-02,Snacks,SNA-01,61,76,80,0
2025-01-04,DS-Amsterdam-02,Snacks,SNA-02,70,76,111,0
2025-01-04,DS-Amsterdam-02,Snacks,SNA-03,70,68,102,0
2025-01-04,DS-Amsterdam-02,Snacks,SNA-04,81,71,131,0
2025-01-04,DS-Amsterdam-02,Snacks,SNA-05,62,55,76,0
2025-01-04,DS-Amsterdam-02,Snacks,SNA-06,73,70,105,0
2025-01-04,DS-Amsterdam-02,Household,HOU-01,34,32,105,0
2025-01-04,DS-Amsterdam-02,Household,HOU-02,28,29,82,0
2025-01-04,DS-Amsterdam-02,Household,HOU-03,49,68,150,1
2025-01-04,DS-Amsterdam-02,Household,HOU-04,38,30,136,0
2025-01-04,DS-Amsterdam-02,Household,HOU-05,29,35,94,0
2025-01-04,DS-Amsterdam-02,Household,HOU-06,34,32,135,0
2025-01-04,DS-Rotterdam-01,Fresh Produce,FRE-01,59,86,385,0
2025-01-04,DS-Rotterdam-01,Fresh Produce,FRE-02,55,71,375,0
2025-01-04,DS-Rotterdam-01,Fresh Produce,FRE-03,61,71,390,0
2025-01-04,DS-Rotterdam-01,Fresh Produce,FRE-04,69,74,342,0
2025-01-04,DS-Rotterdam-01,Fresh Produce,FRE-05,62,74,300,0
2025-01-04,DS-Rotterdam-01,Fresh Produce,FRE-06,57,67,399,0
2025-01-04,DS-Rotterdam-01,Dairy,DAI-01,54,44,195,0
2025-01-04,DS-Rotterdam-01,Dairy,DAI-02,36,49,121,0
2025-01-04,DS-Rotterdam-01,Dairy,DAI-03,43,35,153,0
2025-01-04,DS-Rotterdam-01,Dairy,DAI-04,52,40,170,0
2025-01-04,DS-Rotterdam-01,Dairy,DAI-05,45,50,150,0
2025-01-04,DS-Rotterdam-01,Dairy,DAI-06,50,43,146,0
2025-01-04,DS-Rotterdam-01,Beverages,BEV-01,71,87,236,0
2025-01-04,DS-Rotterdam-01,Beverages,BEV-02,87,71,314,0
2025-01-04,DS-Rotterdam-01,Beverages,BEV-03,98,92,392,0
2025-01-04,DS-Rotterdam-01,Beverages,BEV-04,80,79,291,0
2025-01-04,DS-Rotterdam-01,Beverages,BEV-05,136,134,461,1
2025-01-04,DS-Rotterdam-01,Beverages,BEV-06,93,81,364,0
2025-01-04,DS-Rotterdam-01,Snacks,SNA-01,52,72,68,0
2025-01-04,DS-Rotterdam-01,Snacks,SNA-02,74,59,113,0
2025-01-04,DS-Rotterdam-01,Snacks,SNA-03,49,53,84,0
2025-01-04,DS-Rotterdam-01,Snacks,SNA-04,123,98,207,1
2025-01-04,DS-Rotterdam-01,Snacks,SNA-05,143,99,250,1
2025-01-04,DS-Rotterdam-01,Snacks,SNA-06,79,52,118,0
2025-01-04,DS-Rotterdam-01,Household,HOU-01,39,36,132,0
2025-01-04,DS-Rotterdam-01,Household,HOU-02,31,33,90,0
2025-01-04,DS-Rotterdam-01,Household,HOU-03,36,36,120,0
2025-01-04,DS-Rotterdam-01,Household,HOU-04,31,33,105,0
2025-01-04,DS-Rotterdam-01,Household,HOU-05,27,38,106,0
2025-01-04,DS-Rotterdam-01,Household,HOU-06,36,30,131,0
2025-01-04,DS-Utrecht-01,Fresh Produce,FRE-01,49,57,325,0
2025-01-04,DS-Utrecht-01,Fresh Produce,FRE-02,47,67,330,0
2025-01-04,DS-Utrecht-01,Fresh Produce,FRE-03,56,61,269,0
2025-01-04,DS-Utrecht-01,Fresh Produce,FRE-04,100,109,608,1
2025-01-04,DS-Utrecht-01,Fresh Produce,FRE-05,84,107,541,1
2025-01-04,DS-Utrecht-01,Fresh Produce,FRE-06,48,88,333,0
2025-01-04,DS-Utrecht-01,Dairy,DAI-01,44,49,176,0
2025-01-04,DS-Utrecht-01,Dairy,DAI-02,35,36,141,0
2025-01-04,DS-Utrecht-01,Dairy,DAI-03,47,40,145,0
2025-01-04,DS-Utrecht-01,Dairy,DAI-04,27,48,97,0
2025-01-04,DS-Utrecht-01,Dairy,DAI-05,34,49,128,0
2025-01-04,DS-Utrecht-01,Dairy,DAI-06,40,46,147,0
2025-01-04,DS-Utrecht-01,Beverages,BEV-01,98,69,373,0
2025-01-04,DS-Utrecht-01,Beverages,BEV-02,91,72,306,0
2025-01-04,DS-Utrecht-01,Beverages,BEV-03,96,64,278,0
2025-01-04,DS-Utrecht-01,Beverages,BEV-04,69,75,287,0
2025-01-04,DS-Utrecht-01,Beverages,BEV-05,82,79,330,0
2025-01-04,DS-Utrecht-01,Beverages,BEV-06,96,77,337,0
2025-01-04,DS-Utrecht-01,Snacks,SNA-01,65,63,88,0
2025-01-04,DS-Utrecht-01,Snacks,SNA-02,65,48,97,0
2025-01-04,DS-Utrecht-01,Snacks,SNA-03,54,53,75,0
2025-01-04,DS-Utrecht-01,Snacks,SNA-04,72,55,119,0
2025-01-04,DS-Utrecht-01,Snacks,SNA-05,70,47,102,0
2025-01-04,DS-Utrecht-01,Snacks,SNA-06,111,95,173,1
2025-01-04,DS-Utrecht-01,Household,HOU-01,25,26,73,0
2025-01-04,DS-Utrecht-01,Household,HOU-02,36,33,132,0
2025-01-04,DS-Utrecht-01,Household,HOU-03,24,29,97,0
2025-01-04,DS-Utrecht-01,Household,HOU-04,28,38,108,0
2025-01-04,DS-Utrecht-01,Household,HOU-05,36,26,132,0
2025-01-04,DS-Utrecht-01,Household,HOU-06,27,32,110,0
2025-01-04,DS-TheHague-01,Fresh Produce,FRE-01,76,110,443,1
2025-01-04,DS-TheHague-01,Fresh Produce,FRE-02,43,54,206,0
2025-01-04,DS-TheHague-01,Fresh Produce,FRE-03,39,52,221,0
2025-01-04,DS-TheHague-01,Fresh Produce,FRE-04,46,45,259,0
2025-01-04,DS-TheHague-01,Fresh Produce,FRE-05,50,54,244,0
2025-01-04,DS-TheHague-01,Fresh Produce,FRE-06,55,52,339,0
2025-01-04,DS-TheHague-01,Dairy,DAI-01,37,36,124,0
2025-01-04,DS-TheHague-01,Dairy,DAI-02,50,66,145,1
2025-01-04,DS-TheHague-01,Dairy,DAI-03,33,48,121,0
2025-01-04,DS-TheHague-01,Dairy,DAI-04,38,34,152,0
2025-01-04,DS-TheHague-01,Dairy,DAI-05,33,29,109,0
2025-01-04,DS-TheHague-01,Dairy,DAI-06,29,35,92,0
2025-01-04,DS-TheHague-01,Beverages,BEV-01,71,67,280,0
2025-01-04,DS-TheHague-01,Beverages,BEV-02,54,60,213,0
2025-01-04,DS-TheHague-01,Beverages,BEV-03,53,61,179,0
2025-01-04,DS-TheHague-01,Beverages,BEV-04,63,55,186,0
2025-01-04,DS-TheHague-01,Beverages,BEV-05,57,55,237,0
2025-01-04,DS-TheHague-01,Beverages,BEV-06,64,58,206,0
2025-01-04,DS-TheHague-01,Snacks,SNA-01,60,40,95,0
2025-01-04,DS-TheHague-01,Snacks,SNA-02,47,39,82,0
2025-01-04,DS-TheHague-01,Snacks,SNA-03,60,44,95,0
2025-01-04,DS-TheHague-01,Snacks,SNA-04,84,66,102,1
2025-01-04,DS-TheHague-01,Snacks,SNA-05,51,45,83,0
2025-01-04,DS-TheHague-01,Snacks,SNA-06,54,43,69,0
2025-01-04,DS-TheHague-01,Household,HOU-01,19,22,78,0
2025-01-04,DS-TheHague-01,Household,HOU-02,26,22,96,0
2025-01-04,DS-TheHague-01,Household,HOU-03,52,46,182,1
2025-01-04,DS-TheHague-01,Household,HOU-04,28,26,103,0
2025-01-04,DS-TheHague-01,Household,HOU-05,24,24,88,0
2025-01-04,DS-TheHague-01,Household,HOU-06,23,25,79,0
2025-01-05,DS-Amsterdam-01,Fresh Produce,FRE-01,59,61,365,0
2025-01-05,DS-Amsterdam-01,Fresh Produce,FRE-02,57,63,397,0
2025-01-05,DS-Amsterdam-01,Fresh Produce,FRE-03,85,122,503,1
2025-01-05,DS-Amsterdam-01,Fresh Produce,FRE-04,62,62,394,0
2025-01-05,DS-Amsterdam-01,Fresh Produce,FRE-05,48,59,319,0
2025-01-05,DS-Amsterdam-01,Fresh Produce,FRE-06,48,63,264,0
2025-01-05,DS-Amsterdam-01,Dairy,DAI-01,42,34,153,0
2025-01-05,DS-Amsterdam-01,Dairy,DAI-02,38,45,123,0
2025-01-05,DS-Amsterdam-01,Dairy,DAI-03,47,40,143,0
2025-01-05,DS-Amsterdam-01,Dairy,DAI-04,41,33,138,0
2025-01-05,DS-Amsterdam-01,Dairy,DAI-05,40,45,121,0
2025-01-05,DS-Amsterdam-01,Dairy,DAI-06,33,43,126,0
2025-01-05,DS-Amsterdam-01,Beverages,BEV-01,75,68,289,0
2025-01-05,DS-Amsterdam-01,Beverages,BEV-02,71,63,216,0
2025-01-05,DS-Amsterdam-01,Beverages,BEV-03,78,64,256,0
2025-01-05,DS-Amsterdam-01,Beverages,BEV-04,66,74,269,0
2025-01-05,DS-Amsterdam-01,Beverages,BEV-05,60,60,230,0
2025-01-05,DS-Amsterdam-01,Beverages,BEV-06,73,68,293,0
2025-01-05,DS-Amsterdam-01,Snacks,SNA-01,65,48,105,0
2025-01-05,DS-Amsterdam-01,Snacks,SNA-02,66,51,108,0
2025-01-05,DS-Amsterdam-01,Snacks,SNA-03,57,45,99,0
2025-01-05,DS-Amsterdam-01,Snacks,SNA-04,67,61,120,0
2025-01-05,DS-Amsterdam-01,Snacks,SNA-05,57,55,89,0
2025-01-05,DS-Amsterdam-01,Snacks,SNA-06,105,90,131,1
2025-01-05,DS-Amsterdam-01,Household,HOU-01,50,43,152,1
2025-01-05,DS-Amsterdam-01,Household,HOU-02,24,24,72,0
2025-01-05,DS-Amsterdam-01,Household,HOU-03,30,25,89,0
2025-01-05,DS-Amsterdam-01,Household,HOU-04,24,24,88,0
2025-01-05,DS-Amsterdam-01,Household,HOU-05,32,29,111,0
2025-01-05,DS-Amsterdam-01,Household,HOU-06,31,23,108,0
2025-01-05,DS-Amsterdam-02,Fresh Produce,FRE-01,57,87,371,0
2025-01-05,DS-Amsterdam-02,Fresh Produce,FRE-02,79,74,382,0
2025-01-05,DS-Amsterdam-02,Fresh Produce,FRE-03,68,67,475,0
2025-01-05,DS-Amsterdam-02,Fresh Produce,FRE-04,67,83,377,0
2025-01-05,DS-Amsterdam-02,Fresh Produce,FRE-05,75,74,370,0
2025-01-05,DS-Amsterdam-02,Fresh Produce,FRE-06,64,84,434,0
2025-01-05,DS-Amsterdam-02,Dairy,DAI-01,52,51,161,0
2025-01-05,DS-Amsterdam-02,Dairy,DAI-02,52,48,167,0
2025-01-05,DS-Amsterdam-02,Dairy,DAI-03,52,50,184,0
2025-01-05,DS-Amsterdam-02,Dairy,DAI-04,40,51,123,0
2025-01-05,DS-Amsterdam-02,Dairy,DAI-05,39,44,131,0
2025-01-05,DS-Amsterdam-02,Dairy,DAI-06,103,94,419,1
2025-01-05,DS-Amsterdam-02,Beverages,BEV-01,102,103,406,0
2025-01-05,DS-Amsterdam-02,Beverages,BEV-02,115,82,360,0
2025-01-05,DS-Amsterdam-02,Beverages,BEV-03,75,85,305,0
2025-01-05,DS-Amsterdam-02,Beverages,BEV-04,82,64,240,0
2025-01-05,DS-Amsterdam-02,Beverages,BEV-05,81,86,256,0
2025-01-05,DS-Amsterdam-02,Beverages,BEV-06,76,81,285,0
2025-01-05,DS-Amsterdam-02,Snacks,SNA-01,69,74,87,0
2025-01-05,DS-Amsterdam-02,Snacks,SNA-02,73,72,98,0
2025-01-05,DS-Amsterdam-02,Snacks,SNA-03,69,74,94,0
2025-01-05,DS-Amsterdam-02,Snacks,SNA-04,61,68,82,0
2025-01-05,DS-Amsterdam-02,Snacks,SNA-05,72,70,122,0
2025-01-05,DS-Amsterdam-02,Snacks,SNA-06,69,57,95,0
2025-01-05,DS-Amsterdam-02,Household,HOU-01,24,36,96,0
2025-01-05,DS-Amsterdam-02,Household,HOU-02,38,30,113,0
2025-01-05,DS-Amsterdam-02,Household,HOU-03,28,30,93,0
2025-01-05,DS-Amsterdam-02,Household,HOU-04,25,37,72,0
2025-01-05,DS-Amsterdam-02,Household,HOU-05,31,28,104,0
2025-01-05,DS-Amsterdam-02,Household,HOU-06,33,33,131,0
2025-01-05,DS-Rotterdam-01,Fresh Produce,FRE-01,58,88,364,0
2025-01-05,DS-Rotterdam-01,Fresh Produce,FRE-02,57,83,384,0
2025-01-05,DS-Rotterdam-01,Fresh Produce,FRE-03,63,69,386,0
2025-01-05,DS-Rotterdam-01,Fresh Produce,FRE-04,55,57,339,0
2025-01-05,DS-Rotterdam-01,Fresh Produce,FRE-05,67,76,443,0
2025-01-05,DS-Rotterdam-01,Fresh Produce,FRE-06,57,68,405,0
2025-01-05,DS-Rotterdam-01,Dairy,DAI-01,42,61,122,0
2025-01-05,DS-Rotterdam-01,Dairy,DAI-02,49,54,157,0
2025-01-05,DS-Rotterdam-01,Dairy,DAI-03,43,51,135,0
2025-01-05,DS-Rotterdam-01,Dairy,DAI-04,48,53,173,0
2025-01-05,DS-Rotterdam-01,Dairy,DAI-05,119,70,420,1
2025-01-05,DS-Rotterdam-01,Dairy,DAI-06,49,52,168,0
2025-01-05,DS-Rotterdam-01,Beverages,BEV-01,88,86,320,0
2025-01-05,DS-Rotterdam-01,Beverages,BEV-02,88,94,326,0
2025-01-05,DS-Rotterdam-01,Beverages,BEV-03,109,95,369,0
2025-01-05,DS-Rotterdam-01,Beverages,BEV-04,101,82,406,0
2025-01-05,DS-Rotterdam-01,Beverages,BEV-05,90,78,320,0
2025-01-05,DS-Rotterdam-01,Beverages,BEV-06,82,86,269,0
2025-01-05,DS-Rotterdam-01,Snacks,SNA-01,77,67,119,0
2025-01-05,DS-Rotterdam-01,Snacks,SNA-02,75,75,118,0
2025-01-05,DS-Rotterdam-01,Snacks,SNA-03,64,73,81,0
2025-01-05,DS-Rotterdam-01,Snacks,SNA-04,70,61,97,0
2025-01-05,DS-Rotterdam-01,Snacks,SNA-05,78,71,140,0
2025-01-05,DS-Rotterdam-01,Snacks,SNA-06,94,64,118,0
2025-01-05,DS-Rotterdam-01,Household,HOU-01,34,33,99,0
2025-01-05,DS-Rotterdam-01,Household,HOU-02,33,36,96,0
2025-01-05,DS-Rotterdam-01,Household,HOU-03,36,42,114,0
2025-01-05,DS-Rotterdam-01,Household,HOU-04,34,38,104,0
2025-01-05,DS-Rotterdam-01,Household,HOU-05,37,35,150,0
2025-01-05,DS-Rotterdam-01,Household,HOU-06,38,35,132,0
2025-01-05,DS-Utrecht-01,Fresh Produce,FRE-01,50,81,289,0
2025-01-05,DS-Utrecht-01,Fresh Produce,FRE-02,59,73,416,0
2025-01-05,DS-Utrecht-01,Fresh Produce,FRE-03,55,77,287,0
2025-01-05,DS-Utrecht-01,Fresh Produce,FRE-04,53,78,369,0
2025-01-05,DS-Utrecht-01,Fresh Produce,FRE-05,38,63,221,0
2025-01-05,DS-Utrecht-01,Fresh Produce,FRE-06,51,71,338,0
2025-01-05,DS-Utrecht-01,Dairy,DAI-01,56,41,184,0
2025-01-05,DS-Utrecht-01,Dairy,DAI-02,43,53,131,0
2025-01-05,DS-Utrecht-01,Dairy,DAI-03,48,42,151,0
2025-01-05,DS-Utrecht-01,Dairy,DAI-04,47,49,177,0
2025-01-05,DS-Utrecht-01,Dairy,DAI-05,51,47,173,0
2025-01-05,DS-Utrecht-01,Dairy,DAI-06,44,52,136,0
2025-01-05,DS-Utrecht-01,Beverages,BEV-01,82,77,324,0
2025-01-05,DS-Utrecht-01,Beverages,BEV-02,85,83,255,0
2025-01-05,DS-Utrecht-01,Beverages,BEV-03,72,89,298,0
2025-01-05,DS-Utrecht-01,Beverages,BEV-04,65,69,186,0
2025-01-05,DS-Utrecht-01,Beverages,BEV-05,68,54,252,0
2025-01-05,DS-Utrecht-01,Beverages,BEV-06,65,78,196,0
2025-01-05,DS-Utrecht-01,Snacks,SNA-01,72,54,107,0
2025-01-05,DS-Utrecht-01,Snacks,SNA-02,76,64,92,0
2025-01-05,DS-Utrecht-01,Snacks,SNA-03,54,58,92,0
2025-01-05,DS-Utrecht-01,Snacks,SNA-04,74,57,115,0
2025-01-05,DS-Utrecht-01,Snacks,SNA-05,64,60,102,0
2025-01-05,DS-Utrecht-01,Snacks,SNA-06,116,101,176,1
2025-01-05,DS-Utrecht-01,Household,HOU-01,34,25,119,0
2025-01-05,DS-Utrecht-01,Household,HOU-02,33,33,94,0
2025-01-05,DS-Utrecht-01,Household,HOU-03,41,57,147,1
2025-01-05,DS-Utrecht-01,Household,HOU-04,33,32,132,0
2025-01-05,DS-Utrecht-01,Household,HOU-05,33,36,111,0
2025-01-05,DS-Utrecht-01,Household,HOU-06,57,62,172,1
2025-01-05,DS-TheHague-01,Fresh Produce,FRE-01,61,69,294,0
2025-01-05,DS-TheHague-01,Fresh Produce,FRE-02,46,57,298,0
2025-01-05,DS-TheHague-01,Fresh Produce,FRE-03,52,51,275,0
2025-01-05,DS-TheHague-01,Fresh Produce,FRE-04,67,60,378,0
2025-01-05,DS-TheHague-01,Fresh Produce,FRE-05,47,63,256,0
2025-01-05,DS-TheHague-01,Fresh Produce,FRE-06,58,54,317,0
2025-01-05,DS-TheHague-01,Dairy,DAI-01,51,39,180,0
2025-01-05,DS-TheHague-01,Dairy,DAI-02,47,45,179,0
2025-01-05,DS-TheHague-01,Dairy,DAI-03,39,40,129,0
2025-01-05,DS-TheHague-01,Dairy,DAI-04,37,43,121,0
2025-01-05,DS-TheHague-01,Dairy,DAI-05,42,35,126,0
2025-01-05,DS-TheHague-01,Dairy,DAI-06,45,44,138,0
2025-01-05,DS-TheHague-01,Beverages,BEV-01,67,56,238,0
2025-01-05,DS-TheHague-01,Beverages,BEV-02,67,64,218,0
2025-01-05,DS-TheHague-01,Beverages,BEV-03,71,67,213,0
2025-01-05,DS-TheHague-01,Beverages,BEV-04,69,59,216,0
2025-01-05,DS-TheHague-01,Beverages,BEV-05,68,89,263,0
2025-01-05,DS-TheHague-01,Beverages,BEV-06,73,53,281,0
2025-01-05,DS-TheHague-01,Snacks,SNA-01,58,57,76,0
2025-01-05,DS-TheHague-01,Snacks,SNA-02,58,55,88,0
2025-01-05,DS-TheHague-01,Snacks,SNA-03,127,104,163,1
2025-01-05,DS-TheHague-01,Snacks,SNA-04,76,47,118,0
2025-01-05,DS-TheHague-01,Snacks,SNA-05,65,50,78,0
2025-01-05,DS-TheHague-01,Snacks,SNA-06,64,55,84,0
2025-01-05,DS-TheHague-01,Household,HOU-01,22,25,75,0
2025-01-05,DS-TheHague-01,Household,HOU-02,26,29,92,0
2025-01-05,DS-TheHague-01,Household,HOU-03,39,36,122,0
2025-01-05,DS-TheHague-01,Household,HOU-04,28,25,95,0
2025-01-05,DS-TheHague-01,Household,HOU-05,56,51,173,1
2025-01-05,DS-TheHague-01,Household,HOU-06,22,29,63,0
2025-01-06,DS-Amsterdam-01,Fresh Produce,FRE-01,34,44,164,0
2025-01-06,DS-Amsterdam-01,Fresh Produce,FRE-02,39,52,247,0
2025-01-06,DS-Amsterdam-01,Fresh Produce,FRE-03,42,42,227,0
2025-01-06,DS-Amsterdam-01,Fresh Produce,FRE-04,92,94,601,1
2025-01-06,DS-Amsterdam-01,Fresh Produce,FRE-05,44,53,295,0
2025-01-06,DS-Amsterdam-01,Fresh Produce,FRE-06,39,44,276,0
2025-01-06,DS-Amsterdam-01,Dairy,DAI-01,35,34,135,0
2025-01-06,DS-Amsterdam-01,Dairy,DAI-02,63,64,224,1
2025-01-06,DS-Amsterdam-01,Dairy,DAI-03,33,33,122,0
2025-01-06,DS-Amsterdam-01,Dairy,DAI-04,38,35,110,0
2025-01-06,DS-Amsterdam-01,Dairy,DAI-05,26,37,95,0
2025-01-06,DS-Amsterdam-01,Dairy,DAI-06,34,32,95,0
2025-01-06,DS-Amsterdam-01,Beverages,BEV-01,61,45,211,0
2025-01-06,DS-Amsterdam-01,Beverages,BEV-02,44,53,140,0
2025-01-06,DS-Amsterdam-01,Beverages,BEV-03,110,119,414,1
2025-01-06,DS-Amsterdam-01,Beverages,BEV-04,71,49,255,0
2025-01-06,DS-Amsterdam-01,Beverages,BEV-05,52,67,163,0
2025-01-06,DS-Amsterdam-01,Beverages,BEV-06,64,51,216,0
2025-01-06,DS-Amsterdam-01,Snacks,SNA-01,56,48,73,0
2025-01-06,DS-Amsterdam-01,Snacks,SNA-02,61,42,89,0
2025-01-06,DS-Amsterdam-01,Snacks,SNA-03,89,76,151,1
2025-01-06,DS-Amsterdam-01,Snacks,SNA-04,52,48,63,0
2025-01-06,DS-Amsterdam-01,Snacks,SNA-05,51,44,77,0
2025-01-06,DS-Amsterdam-01,Snacks,SNA-06,57,46,78,0
2025-01-06,DS-Amsterdam-01,Household,HOU-01,22,23,90,0
2025-01-06,DS-Amsterdam-01,Household,HOU-02,31,44,124,1
2025-01-06,DS-Amsterdam-01,Household,HOU-03,33,23,121,0
2025-01-06,DS-Amsterdam-01,Household,HOU-04,17,23,65,0
2025-01-06,DS-Amsterdam-01,Household,HOU-05,20,25,66,0
2025-01-06,DS-Amsterdam-01,Household,HOU-06,31,22,108,0
2025-01-06,DS-Amsterdam-02,Fresh Produce,FRE-01,36,43,248,0
2025-01-06,DS-Amsterdam-02,Fresh Produce,FRE-02,31,36,211,0
2025-01-06,DS-Amsterdam-02,Fresh Produce,FRE-03,38,50,207,0
2025-01-06,DS-Amsterdam-02,Fresh Produce,FRE-04,36,49,203,0
2025-01-06,DS-Amsterdam-02,Fresh Produce,FRE-05,31,35,177,0
2025-01-06,DS-Amsterdam-02,Fresh Produce,FRE-06,32,47,184,0
2025-01-06,DS-Amsterdam-02,Dairy,DAI-01,37,25,104,0
2025-01-06,DS-Amsterdam-02,Dairy,DAI-02,24,30,72,0
2025-01-06,DS-Amsterdam-02,Dairy,DAI-03,35,31,107,0
2025-01-06,DS-Amsterdam-02,Dairy,DAI-04,29,29,116,0
2025-01-06,DS-Amsterdam-02,Dairy,DAI-05,26,26,103,0
2025-01-06,DS-Amsterdam-02,Dairy,DAI-06,29,31,92,0
2025-01-06,DS-Amsterdam-02,Beverages,BEV-01,60,47,187,0
2025-01-06,DS-Amsterdam-02,Beverages,BEV-02,50,47,198,0
2025-01-06,DS-Amsterdam-02,Beverages,BEV-03,57,46,169,0
2025-01-06,DS-Amsterdam-02,Beverages,BEV-04,50,38,191,0
2025-01-06,DS-Amsterdam-02,Beverages,BEV-05,38,40,151,0
2025-01-06,DS-Amsterdam-02,Beverages,BEV-06,44,42,149,0
2025-01-06,DS-Amsterdam-02,Snacks,SNA-01,39,41,48,0
2025-01-06,DS-Amsterdam-02,Snacks,SNA-02,87,59,151,1
2025-01-06,DS-Amsterdam-02,Snacks,SNA-03,50,43,69,0
2025-01-06,DS-Amsterdam-02,Snacks,SNA-04,54,37,92,0
2025-01-06,DS-Amsterdam-02,Snacks,SNA-05,40,37,57,0
2025-01-06,DS-Amsterdam-02,Snacks,SNA-06,32,29,55,0
2025-01-06,DS-Amsterdam-02,Household,HOU-01,22,18,86,0
2025-01-06,DS-Amsterdam-02,Household,HOU-02,25,21,74,0
2025-01-06,DS-Amsterdam-02,Household,HOU-03,14,18,42,0
2025-01-06,DS-Amsterdam-02,Household,HOU-04,18,21,57,0
2025-01-06,DS-Amsterdam-02,Household,HOU-05,21,22,74,0
2025-01-06,DS-Amsterdam-02,Household,HOU-06,14,22,47,0
2025-01-06,DS-Rotterdam-01,Fresh Produce,FRE-01,50,53,268,0
2025-01-06,DS-Rotterdam-01,Fresh Produce,FRE-02,20,45,99,0
2025-01-06,DS-Rotterdam-01,Fresh Produce,FRE-03,44,51,311,0
2025-01-06,DS-Rotterdam-01,Fresh Produce,FRE-04,39,39,214,0
2025-01-06,DS-Rotterdam-01,Fresh Produce,FRE-05,40,40,281,0
2025-01-06,DS-Rotterdam-01,Fresh Produce,FRE-06,34,36,209,0
2025-01-06,DS-Rotterdam-01,Dairy,DAI-01,32,27,107,0
2025-01-06,DS-Rotterdam-01,Dairy,DAI-02,37,34,119,0
2025-01-06,DS-Rotterdam-01,Dairy,DAI-03,23,25,70,0
2025-01-06,DS-Rotterdam-01,Dairy,DAI-04,27,26,106,0
2025-01-06,DS-Rotterdam-01,Dairy,DAI-05,38,52,121,1
2025-01-06,DS-Rotterdam-01,Dairy,DAI-06,32,31,113,0
2025-01-06,DS-Rotterdam-01,Beverages,BEV-01,60,60,215,0
2025-01-06,DS-Rotterdam-01,Beverages,BEV-02,88,79,247,1
2025-01-06,DS-Rotterdam-01,Beverages,BEV-03,92,83,338,1
2025-01-06,DS-Rotterdam-01,Beverages,BEV-04,54,52,205,0
2025-01-06,DS-Rotterdam-01,Beverages,BEV-05,47,58,154,0
2025-01-06,DS-Rotterdam-01,Beverages,BEV-06,64,53,185,0
2025-01-06,DS-Rotterdam-01,Snacks,SNA-01,48,31,62,0
2025-01-06,DS-Rotterdam-01,Snacks,SNA-02,50,38,67,0
2025-01-06,DS-Rotterdam-01,Snacks,SNA-03,49,37,67,0
2025-01-06,DS-Rotterdam-01,Snacks,SNA-04,43,46,73,0
2025-01-06,DS-Rotterdam-01,Snacks,SNA-05,38,47,66,0
2025-01-06,DS-Rotterdam-01,Snacks,SNA-06,47,39,83,0
2025-01-06,DS-Rotterdam-01,Household,HOU-01,23,23,81,0
2025-01-06,DS-Rotterdam-01,Household,HOU-02,19,19,63,0
2025-01-06,DS-Rotterdam-01,Household,HOU-03,19,19,65,0
2025-01-06,DS-Rotterdam-01,Household,HOU-04,24,22,85,0
2025-01-06,DS-Rotterdam-01,Household,HOU-05,27,22,90,0
2025-01-06,DS-Rotterdam-01,Household,HOU-06,23,16,81,0
2025-01-06,DS-Utrecht-01,Fresh Produce,FRE-01,48,55,329,0
2025-01-06,DS-Utrecht-01,Fresh Produce,FRE-02,79,101,520,1
2025-01-06,DS-Utrecht-01,Fresh Produce,FRE-03,49,58,278,0
2025-01-06,DS-Utrecht-01,Fresh Produce,FRE-04,47,59,334,0
2025-01-06,DS-Utrecht-01,Fresh Produce,FRE-05,42,58,238,0
2025-01-06,DS-Utrecht-01,Fresh Produce,FRE-06,49,50,318,0
2025-01-06,DS-Utrecht-01,Dairy,DAI-01,44,47,173,0
2025-01-06,DS-Utrecht-01,Dairy,DAI-02,60,63,205,1
2025-01-06,DS-Utrecht-01,Dairy,DAI-03,40,34,161,0
2025-01-06,DS-Utrecht-01,Dairy,DAI-04,34,44,132,0
2025-01-06,DS-Utrecht-01,Dairy,DAI-05,33,33,124,0
2025-01-06,DS-Utrecht-01,Dairy,DAI-06,24,27,76,0
2025-01-06,DS-Utrecht-01,Beverages,BEV-01,46,70,134,0
2025-01-06,DS-Utrecht-01,Beverages,BEV-02,62,48,208,0
2025-01-06,DS-Utrecht-01,Beverages,BEV-03,58,60,208,0
2025-01-06,DS-Utrecht-01,Beverages,BEV-04,67,72,215,0
2025-01-06,DS-Utrecht-01,Beverages,BEV-05,115,114,330,1
2025-01-06,DS-Utrecht-01,Beverages,BEV-06,55,63,226,0
2025-01-06,DS-Utrecht-01,Snacks,SNA-01,60,44,77,0
2025-01-06,DS-Utrecht-01,Snacks,SNA-02,62,45,111,0
2025-01-06,DS-Utrecht-01,Snacks,SNA-03,50,37,64,0
2025-01-06,DS-Utrecht-01,Snacks,SNA-04,51,33,91,0
2025-01-06,DS-Utrecht-01,Snacks,SNA-05,52,43,88,0
2025-01-06,DS-Utrecht-01,Snacks,SNA-06,101,63,141,1
2025-01-06,DS-Utrecht-01,Household,HOU-01,21,24,77,0
2025-01-06,DS-Utrecht-01,Household,HOU-02,26,25,75,0
2025-01-06,DS-Utrecht-01,Household,HOU-03,67,55,210,1
2025-01-06,DS-Utrecht-01,Household,HOU-04,23,26,67,0
2025-01-06,DS-Utrecht-01,Household,HOU-05,37,39,105,1
2025-01-06,DS-Utrecht-01,Household,HOU-06,19,27,59,0
2025-01-06,DS-TheHague-01,Fresh Produce,FRE-01,30,46,184,0
2025-01-06,DS-TheHague-01,Fresh Produce,FRE-02,33,40,172,0
2025-01-06,DS-TheHague-01,Fresh Produce,FRE-03,29,37,184,0
2025-01-06,DS-TheHague-01,Fresh Produce,FRE-04,41,43,214,0
2025-01-06,DS-TheHague-01,Fresh Produce,FRE-05,64,61,401,1
2025-01-06,DS-TheHague-01,Fresh Produce,FRE-06,44,48,235,0
2025-01-06,DS-TheHague-01,Dairy,DAI-01,28,24,115,0
2025-01-06,DS-TheHague-01,Dairy,DAI-02,23,30,83,0
2025-01-06,DS-TheHague-01,Dairy,DAI-03,26,27,96,0
2025-01-06,DS-TheHague-01,Dairy,DAI-04,32,27,123,0
2025-01-06,DS-TheHague-01,Dairy,DAI-05,24,27,99,0
2025-01-06,DS-TheHague-01,Dairy,DAI-06,63,58,236,1
2025-01-06,DS-TheHague-01,Beverages,BEV-01,53,45,182,0
2025-01-06,DS-TheHague-01,Beverages,BEV-02,51,52,156,0
2025-01-06,DS-TheHague-01,Beverages,BEV-03,52,54,177,0
2025-01-06,DS-TheHague-01,Beverages,BEV-04,49,45,142,0
2025-01-06,DS-TheHague-01,Beverages,BEV-05,55,52,160,0
2025-01-06,DS-TheHague-01,Beverages,BEV-06,58,42,225,0
2025-01-06,DS-TheHague-01,Snacks,SNA-01,52,33,71,0
2025-01-06,DS-TheHague-01,Snacks,SNA-02,40,37,61,0
2025-01-06,DS-TheHague-01,Snacks,SNA-03,47,36,76,0
2025-01-06,DS-TheHague-01,Snacks,SNA-04,45,41,62,0
2025-01-06,DS-TheHague-01,Snacks,SNA-05,36,42,46,0
2025-01-06,DS-TheHague-01,Snacks,SNA-06,39,41,63,0
2025-01-06,DS-TheHague-01,Household,HOU-01,30,20,98,0
2025-01-06,DS-TheHague-01,Household,HOU-02,17,18,53,0
2025-01-06,DS-TheHague-01,Household,HOU-03,18,16,58,0
2025-01-06,DS-TheHague-01,Household,HOU-04,19,22,76,0
2025-01-06,DS-TheHague-01,Household,HOU-05,16,19,59,0
2025-01-06,DS-TheHague-01,Household,HOU-06,22,23,82,0
2025-01-07,DS-Amsterdam-01,Fresh Produce,FRE-01,42,61,291,0
2025-01-07,DS-Amsterdam-01,Fresh Produce,FRE-02,86,115,440,1
2025-01-07,DS-Amsterdam-01,Fresh Produce,FRE-03,98,101,592,1
2025-01-07,DS-Amsterdam-01,Fresh Produce,FRE-04,56,69,373,0
2025-01-07,DS-Amsterdam-01,Fresh Produce,FRE-05,52,56,270,0
2025-01-07,DS-Amsterdam-01,Fresh Produce,FRE-06,62,51,326,0
2025-01-07,DS-Amsterdam-01,Dairy,DAI-01,39,31,158,0
2025-01-07,DS-Amsterdam-01,Dairy,DAI-02,36,36,147,0
2025-01-07,DS-Amsterdam-01,Dairy,DAI-03,38,40,119,0
2025-01-07,DS-Amsterdam-01,Dairy,DAI-04,43,38,136,0
2025-01-07,DS-Amsterdam-01,Dairy,DAI-05,40,40,167,0
2025-01-07,DS-Amsterdam-01,Dairy,DAI-06,99,63,362,1
2025-01-07,DS-Amsterdam-01,Beverages,BEV-01,76,64,264,0
2025-01-07,DS-Amsterdam-01,Beverages,BEV-02,72,62,215,0
2025-01-07,DS-Amsterdam-01,Beverages,BEV-03,122,141,360,1
2025-01-07,DS-Amsterdam-01,Beverages,BEV-04,67,75,243,0
2025-01-07,DS-Amsterdam-01,Beverages,BEV-05,73,75,214,0
2025-01-07,DS-Amsterdam-01,Beverages,BEV-06,68,70,244,0
2025-01-07,DS-Amsterdam-01,Snacks,SNA-01,50,61,80,0
2025-01-07,DS-Amsterdam-01,Snacks,SNA-02,59,57,90,0
2025-01-07,DS-Amsterdam-01,Snacks,SNA-03,68,51,98,0
2025-01-07,DS-Amsterdam-01,Snacks,SNA-04,64,51,107,0
2025-01-07,DS-Amsterdam-01,Snacks,SNA-05,56,50,67,0
2025-01-07,DS-Amsterdam-01,Snacks,SNA-06,50,46,62,0
2025-01-07,DS-Amsterdam-01,Household,HOU-01,34,27,136,0
2025-01-07,DS-Amsterdam-01,Household,HOU-02,31,20,101,0
2025-01-07,DS-Amsterdam-01,Household,HOU-03,41,24,142,0
2025-01-07,DS-Amsterdam-01,Household,HOU-04,34,25,103,0
2025-01-07,DS-Amsterdam-01,Household,HOU-05,29,33,102,0
2025-01-07,DS-Amsterdam-01,Household,HOU-06,28,26,105,0
2025-01-07,DS-Amsterdam-02,Fresh Produce,FRE-01,42,49,218,0
2025-01-07,DS-Amsterdam-02,Fresh Produce,FRE-02,31,50,169,0
2025-01-07,DS-Amsterdam-02,Fresh Produce,FRE-03,41,50,288,0
2025-01-07,DS-Amsterdam-02,Fresh Produce,FRE-04,43,44,309,0
2025-01-07,DS-Amsterdam-02,Fresh Produce,FRE-05,33,48,167,0
2025-01-07,DS-Amsterdam-02,Fresh Produce,FRE-06,37,53,217,0
2025-01-07,DS-Amsterdam-02,Dairy,DAI-01,37,30,149,0
2025-01-07,DS-Amsterdam-02,Dairy,DAI-02,23,32,65,0
2025-01-07,DS-Amsterdam-02,Dairy,DAI-03,25,31,75,0
2025-01-07,DS-Amsterdam-02,Dairy,DAI-04,49,59,178,1
2025-01-07,DS-Amsterdam-02,Dairy,DAI-05,38,30,148,0
2025-01-07,DS-Amsterdam-02,Dairy,DAI-06,37,37,130,0
2025-01-07,DS-Amsterdam-02,Beverages,BEV-01,60,65,171,0
2025-01-07,DS-Amsterdam-02,Beverages,BEV-02,56,57,209,0
2025-01-07,DS-Amsterdam-02,Beverages,BEV-03,36,55,104,0
2025-01-07,DS-Amsterdam-02,Beverages,BEV-04,36,64,104,0
2025-01-07,DS-Amsterdam-02,Beverages,BEV-05,47,47,150,0
2025-01-07,DS-Amsterdam-02,Beverages,BEV-06,42,56,138,0
2025-01-07,DS-Amsterdam-02,Snacks,SNA-01,46,35,59,0
2025-01-07,DS-Amsterdam-02,Snacks,SNA-02,42,46,71,0
2025-01-07,DS-Amsterdam-02,Snacks,SNA-03,42,35,63,0
2025-01-07,DS-Amsterdam-02,Snacks,SNA-04,41,39,70,0
2025-01-07,DS-Amsterdam-02,Snacks,SNA-05,51,44,66,0
2025-01-07,DS-Amsterdam-02,Snacks,SNA-06,60,47,94,0
2025-01-07,DS-Amsterdam-02,Household,HOU-01,25,19,92,0
2025-01-07,DS-Amsterdam-02,Household,HOU-02,45,40,188,1
2025-01-07,DS-Amsterdam-02,Household,HOU-03,23,18,64,0
2025-01-07,DS-Amsterdam-02,Household,HOU-04,27,22,77,0
2025-01-07,DS-Amsterdam-02,Household,HOU-05,44,37,162,1
2025-01-07,DS-Amsterdam-02,Household,HOU-06,17,16,70,0
2025-01-07,DS-Rotterdam-01,Fresh Produce,FRE-01,45,42,296,0
2025-01-07,DS-Rotterdam-01,Fresh Produce,FRE-02,28,51,200,0
2025-01-07,DS-Rotterdam-01,Fresh Produce,FRE-03,48,39,286,0
2025-01-07,DS-Rotterdam-01,Fresh Produce,FRE-04,43,51,215,0
2025-01-07,DS-Rotterdam-01,Fresh Produce,FRE-05,45,53,316,0
2025-01-07,DS-Rotterdam-01,Fresh Produce,FRE-06,43,45,270,0
2025-01-07,DS-Rotterdam-01,Dairy,DAI-01,37,29,150,0
2025-01-07,DS-Rotterdam-01,Dairy,DAI-02,24,24,86,0
2025-01-07,DS-Rotterdam-01,Dairy,DAI-03,38,36,118,0
2025-01-07,DS-Rotterdam-01,Dairy,DAI-04,38,34,144,0
2025-01-07,DS-Rotterdam-01,Dairy,DAI-05,21,36,80,0
2025-01-07,DS-Rotterdam-01,Dairy,DAI-06,39,30,123,0
2025-01-07,DS-Rotterdam-01,Beverages,BEV-01,54,58,217,0
2025-01-07,DS-Rotterdam-01,Beverages,BEV-02,56,61,231,0
2025-01-07,DS-Rotterdam-01,Beverages,BEV-03,59,54,227,0
2025-01-07,DS-Rotterdam-01,Beverages,BEV-04,52,51,212,0
2025-01-07,DS-Rotterdam-01,Beverages,BEV-05,55,55,229,0
2025-01-07,DS-Rotterdam-01,Beverages,BEV-06,56,55,223,0
2025-01-07,DS-Rotterdam-01,Snacks,SNA-01,49,41,82,0
2025-01-07,DS-Rotterdam-01,Snacks,SNA-02,57,41,71,0
2025-01-07,DS-Rotterdam-01,Snacks,SNA-03,46,32,58,0
2025-01-07,DS-Rotterdam-01,Snacks,SNA-04,49,33,81,0
2025-01-07,DS-Rotterdam-01,Snacks,SNA-05,87,75,120,1
2025-01-07,DS-Rotterdam-01,Snacks,SNA-06,49,32,83,0
2025-01-07,DS-Rotterdam-01,Household,HOU-01,25,19,85,0
2025-01-07,DS-Rotterdam-01,Household,HOU-02,20,21,57,0
2025-01-07,DS-Rotterdam-01,Household,HOU-03,21,23,87,0
2025-01-07,DS-Rotterdam-01,Household,HOU-04,13,19,38,0
2025-01-07,DS-Rotterdam-01,Household,HOU-05,18,25,56,0
2025-01-07,DS-Rotterdam-01,Household,HOU-06,16,19,56,0
2025-01-07,DS-Utrecht-01,Fresh Produce,FRE-01,51,61,274,0
2025-01-07,DS-Utrecht-01,Fresh Produce,FRE-02,39,53,269,0
2025-01-07,DS-Utrecht-01,Fresh Produce,FRE-03,55,67,395,0
2025-01-07,DS-Utrecht-01,Fresh Produce,FRE-04,47,55,321,0
2025-01-07,DS-Utrecht-01,Fresh Produce,FRE-05,41,55,251,0
2025-01-07,DS-Utrecht-01,Fresh Produce,FRE-06,39,64,257,0
2025-01-07,DS-Utrecht-01,Dairy,DAI-01,31,33,119,0
2025-01-07,DS-Utrecht-01,Dairy,DAI-02,37,40,108,0
2025-01-07,DS-Utrecht-01,Dairy,DAI-03,40,30,131,0
2025-01-07,DS-Utrecht-01,Dairy,DAI-04,39,36,152,0
2025-01-07,DS-Utrecht-01,Dairy,DAI-05,45,42,134,0
2025-01-07,DS-Utrecht-01,Dairy,DAI-06,44,40,182,0
2025-01-07,DS-Utrecht-01,Beverages,BEV-01,69,62,199,0
2025-01-07,DS-Utrecht-01,Beverages,BEV-02,76,72,262,0
2025-01-07,DS-Utrecht-01,Beverages,BEV-03,81,58,333,0
2025-01-07,DS-Utrecht-01,Beverages,BEV-04,67,65,214,0
2025-01-07,DS-Utrecht-01,Beverages,BEV-05,61,63,234,0
2025-01-07,DS-Utrecht-01,Beverages,BEV-06,120,113,433,1
2025-01-07,DS-Utrecht-01,Snacks,SNA-01,64,47,99,0
2025-01-07,DS-Utrecht-01,Snacks,SNA-02,67,42,99,0
2025-01-07,DS-Utrecht-01,Snacks,SNA-03,110,96,137,1
2025-01-07,DS-Utrecht-01,Snacks,SNA-04,60,54,73,0
2025-01-07,DS-Utrecht-01,Snacks,SNA-05,54,37,71,0
2025-01-07,DS-Utrecht-01,Snacks,SNA-06,91,105,150,1
2025-01-07,DS-Utrecht-01,Household,HOU-01,28,22,80,0
2025-01-07,DS-Utrecht-01,Household,HOU-02,37,20,135,0
2025-01-07,DS-Utrecht-01,Household,HOU-03,32,27,118,0
2025-01-07,DS-Utrecht-01,Household,HOU-04,23,23,95,0
2025-01-07,DS-Utrecht-01,Household,HOU-05,20,25,60,0
2025-01-07,DS-Utrecht-01,Household,HOU-06,30,21,97,0
2025-01-07,DS-TheHague-01,Fresh Produce,FRE-01,42,60,247,0
2025-01-07,DS-TheHague-01,Fresh Produce,FRE-02,51,54,264,0
2025-01-07,DS-TheHague-01,Fresh Produce,FRE-03,44,65,223,0
2025-01-07,DS-TheHague-01,Fresh Produce,FRE-04,49,62,278,0
2025-01-07,DS-TheHague-01,Fresh Produce,FRE-05,56,50,352,0
2025-01-07,DS-TheHague-01,Fresh Produce,FRE-06,59,65,332,0
2025-01-07,DS-TheHague-01,Dairy,DAI-01,49,43,195,0
2025-01-07,DS-TheHague-01,Dairy,DAI-02,32,36,103,0
2025-01-07,DS-TheHague-01,Dairy,DAI-03,43,51,165,0
2025-01-07,DS-TheHague-01,Dairy,DAI-04,34,46,142,0
2025-01-07,DS-TheHague-01,Dairy,DAI-05,43,40,159,0
2025-01-07,DS-TheHague-01,Dairy,DAI-06,51,31,171,0
2025-01-07,DS-TheHague-01,Beverages,BEV-01,79,55,276,0
2025-01-07,DS-TheHague-01,Beverages,BEV-02,66,85,195,0
2025-01-07,DS-TheHague-01,Beverages,BEV-03,63,73,256,0
2025-01-07,DS-TheHague-01,Beverages,BEV-04,69,61,221,0
2025-01-07,DS-TheHague-01,Beverages,BEV-05,87,76,245,0
2025-01-07,DS-TheHague-01,Beverages,BEV-06,68,76,223,0
2025-01-07,DS-TheHague-01,Snacks,SNA-01,95,92,117,1
2025-01-07,DS-TheHague-01,Snacks,SNA-02,52,51,79,0
2025-01-07,DS-TheHague-01,Snacks,SNA-03,66,57,99,0
2025-01-07,DS-TheHague-01,Snacks,SNA-04,66,53,79,0
2025-01-07,DS-TheHague-01,Snacks,SNA-05,68,42,108,0
2025-01-07,DS-TheHague-01,Snacks,SNA-06,69,55,103,0
2025-01-07,DS-TheHague-01,Household,HOU-01,32,32,132,0
2025-01-07,DS-TheHague-01,Household,HOU-02,27,29,92,0
2025-01-07,DS-TheHague-01,Household,HOU-03,28,29,112,0
2025-01-07,DS-TheHague-01,Household,HOU-04,32,25,92,0
2025-01-07,DS-TheHague-01,Household,HOU-05,34,26,102,0
2025-01-07,DS-TheHague-01,Household,HOU-06,28,28,89,0
2025-01-08,DS-Amsterdam-01,Fresh Produce,FRE-01,61,54,429,0
2025-01-08,DS-Amsterdam-01,Fresh Produce,FRE-02,38,59,192,0
2025-01-08,DS-Amsterdam-01,Fresh Produce,FRE-03,87,83,502,1
2025-01-08,DS-Amsterdam-01,Fresh Produce,FRE-04,76,48,479,0
2025-01-08,DS-Amsterdam-01,Fresh Produce,FRE-05,43,56,210,0
2025-01-08,DS-Amsterdam-01,Fresh Produce,FRE-06,55,62,291,0
2025-01-08,DS-Amsterdam-01,Dairy,DAI-01,36,40,117,0
2025-01-08,DS-Amsterdam-01,Dairy,DAI-02,49,39,173,0
2025-01-08,DS-Amsterdam-01,Dairy,DAI-03,48,32,136,0
2025-01-08,DS-Amsterdam-01,Dairy,DAI-04,34,41,126,0
2025-01-08,DS-Amsterdam-01,Dairy,DAI-05,36,30,138,0
2025-01-08,DS-Amsterdam-01,Dairy,DAI-06,35,37,102,0
2025-01-08,DS-Amsterdam-01,Beverages,BEV-01,74,71,257,0
2025-01-08,DS-Amsterdam-01,Beverages,BEV-02,104,125,318,1
2025-01-08,DS-Amsterdam-01,Beverages,BEV-03,72,72,278,0
2025-01-08,DS-Amsterdam-01,Beverages,BEV-04,73,69,290,0
2025-01-08,DS-Amsterdam-01,Beverages,BEV-05,60,68,215,0
2025-01-08,DS-Amsterdam-01,Beverages,BEV-06,75,60,217,0
2025-01-08,DS-Amsterdam-01,Snacks,SNA-01,63,45,98,0
2025-01-08,DS-Amsterdam-01,Snacks,SNA-02,55,58,80,0
2025-01-08,DS-Amsterdam-01,Snacks,SNA-03,60,56,72,0
2025-01-08,DS-Amsterdam-01,Snacks,SNA-04,61,48,100,0
2025-01-08,DS-Amsterdam-01,Snacks,SNA-05,50,54,74,0
2025-01-08,DS-Amsterdam-01,Snacks,SNA-06,65,55,82,0
2025-01-08,DS-Amsterdam-01,Household,HOU-01,27,30,80,0
2025-01-08,DS-Amsterdam-01,Household,HOU-02,30,31,96,0
2025-01-08,DS-Amsterdam-01,Household,HOU-03,26,29,92,0
2025-01-08,DS-Amsterdam-01,Household,HOU-04,29,26,113,0
2025-01-08,DS-Amsterdam-01,Household,HOU-05,35,33,109,0
2025-01-08,DS-Amsterdam-01,Household,HOU-06,19,26,64,0
2025-01-08,DS-Amsterdam-02,Fresh Produce,FRE-01,46,46,272,0
2025-01-08,DS-Amsterdam-02,Fresh Produce,FRE-02,40,49,270,0
2025-01-08,DS-Amsterdam-02,Fresh Produce,FRE-03,76,63,519,1
2025-01-08,DS-Amsterdam-02,Fresh Produce,FRE-04,32,56,204,0
2025-01-08,DS-Amsterdam-02,Fresh Produce,FRE-05,45,61,238,0
2025-01-08,DS-Amsterdam-02,Fresh Produce,FRE-06,53,40,345,0
2025-01-08,DS-Amsterdam-02,Dairy,DAI-01,16,29,45,0
2025-01-08,DS-Amsterdam-02,Dairy,DAI-02,38,26,129,0
2025-01-08,DS-Amsterdam-02,Dairy,DAI-03,32,39,119,0
2025-01-08,DS-Amsterdam-02,Dairy,DAI-04,24,24,97,0
2025-01-08,DS-Amsterdam-02,Dairy,DAI-05,55,55,162,1
2025-01-08,DS-Amsterdam-02,Dairy,DAI-06,33,40,123,0
2025-01-08,DS-Amsterdam-02,Beverages,BEV-01,52,58,174,0
2025-01-08,DS-Amsterdam-02,Beverages,BEV-02,74,54,253,0
2025-01-08,DS-Amsterdam-02,Beverages,BEV-03,58,67,242,0
2025-01-08,DS-Amsterdam-02,Beverages,BEV-04,45,59,134,0
2025-01-08,DS-Amsterdam-02,Beverages,BEV-05,78,97,302,1
2025-01-08,DS-Amsterdam-02,Beverages,BEV-06,61,52,237,0
2025-01-08,DS-Amsterdam-02,Snacks,SNA-01,46,37,76,0
2025-01-08,DS-Amsterdam-02,Snacks,SNA-02,51,32,87,0
2025-01-08,DS-Amsterdam-02,Snacks,SNA-03,54,40,84,0
2025-01-08,DS-Amsterdam-02,Snacks,SNA-04,42,38,67,0
2025-01-08,DS-Amsterdam-02,Snacks,SNA-05,42,41,66,0
2025-01-08,DS-Amsterdam-02,Snacks,SNA-06,44,43,65,0
2025-01-08,DS-Amsterdam-02,Household,HOU-01,20,27,81,0
2025-01-08,DS-Amsterdam-02,Household,HOU-02,28,20,115,0
2025-01-08,DS-Amsterdam-02,Household,HOU-03,32,24,109,0
2025-01-08,DS-Amsterdam-02,Household,HOU-04,22,18,76,0
2025-01-08,DS-Amsterdam-02,Household,HOU-05,17,22,61,0
2025-01-08,DS-Amsterdam-02,Household,HOU-06,31,23,97,0
2025-01-08,DS-Rotterdam-01,Fresh Produce,FRE-01,49,54,309,0
2025-01-08,DS-Rotterdam-01,Fresh Produce,FRE-02,51,60,293,0
2025-01-08,DS-Rotterdam-01,Fresh Produce,FRE-03,43,64,306,0
2025-01-08,DS-Rotterdam-01,Fresh Produce,FRE-04,57,63,276,0
2025-01-08,DS-Rotterdam-01,Fresh Produce,FRE-05,53,61,338,0
2025-01-08,DS-Rotterdam-01,Fresh Produce,FRE-06,48,68,291,0
2025-01-08,DS-Rotterdam-01,Dairy,DAI-01,39,38,144,0
2025-01-08,DS-Rotterdam-01,Dairy,DAI-02,44,36,145,0
2025-01-08,DS-Rotterdam-01,Dairy,DAI-03,33,33,128,0
2025-01-08,DS-Rotterdam-01,Dairy,DAI-04,37,35,123,0
2025-01-08,DS-Rotterdam-01,Dairy,DAI-05,34,35,101,0
2025-01-08,DS-Rotterdam-01,Dairy,DAI-06,45,42,130,0
2025-01-08,DS-Rotterdam-01,Beverages,BEV-01,62,63,176,0
2025-01-08,DS-Rotterdam-01,Beverages,BEV-02,51,60,180,0
2025-01-08,DS-Rotterdam-01,Beverages,BEV-03,73,62,254,0
2025-01-08,DS-Rotterdam-01,Beverages,BEV-04,57,58,200,0
2025-01-08,DS-Rotterdam-01,Beverages,BEV-05,69,54,281,0
2025-01-08,DS-Rotterdam-01,Beverages,BEV-06,66,63,217,0
2025-01-08,DS-Rotterdam-01,Snacks,SNA-01,56,41,98,0
2025-01-08,DS-Rotterdam-01,Snacks,SNA-02,46,54,55,0
2025-01-08,DS-Rotterdam-01,Snacks,SNA-03,70,44,97,0
2025-01-08,DS-Rotterdam-01,Snacks,SNA-04,52,51,73,0
2025-01-08,DS-Rotterdam-01,Snacks,SNA-05,65,57,83,0
2025-01-08,DS-Rotterdam-01,Snacks,SNA-06,61,47,74,0
2025-01-08,DS-Rotterdam-01,Household,HOU-01,28,30,80,0
2025-01-08,DS-Rotterdam-01,Household,HOU-02,27,28,109,0
2025-01-08,DS-Rotterdam-01,Household,HOU-03,28,25,86,0
2025-01-08,DS-Rotterdam-01,Household,HOU-04,28,26,84,0
2025-01-08,DS-Rotterdam-01,Household,HOU-05,24,26,71,0
2025-01-08,DS-Rotterdam-01,Household,HOU-06,19,29,68,0
2025-01-08,DS-Utrecht-01,Fresh Produce,FRE-01,35,39,226,0
2025-01-08,DS-Utrecht-01,Fresh Produce,FRE-02,31,41,179,0
2025-01-08,DS-Utrecht-01,Fresh Produce,FRE-03,29,48,150,0
2025-01-08,DS-Utrecht-01,Fresh Produce,FRE-04,32,46,216,0
2025-01-08,DS-Utrecht-01,Fresh Produce,FRE-05,28,45,138,0
2025-01-08,DS-Utrecht-01,Fresh Produce,FRE-06,44,42,279,0
2025-01-08,DS-Utrecht-01,Dairy,DAI-01,36,26,108,0
2025-01-08,DS-Utrecht-01,Dairy,DAI-02,39,28,162,0
2025-01-08,DS-Utrecht-01,Dairy,DAI-03,36,34,113,0
2025-01-08,DS-Utrecht-01,Dairy,DAI-04,23,28,68,0
2025-01-08,DS-Utrecht-01,Dairy,DAI-05,24,28,79,0
2025-01-08,DS-Utrecht-01,Dairy,DAI-06,25,25,94,0
2025-01-08,DS-Utrecht-01,Beverages,BEV-01,36,44,102,0
2025-01-08,DS-Utrecht-01,Beverages,BEV-02,56,55,177,0
2025-01-08,DS-Utrecht-01,Beverages,BEV-03,38,62,136,0
2025-01-08,DS-Utrecht-01,Beverages,BEV-04,48,40,151,0
2025-01-08,DS-Utrecht-01,Beverages,BEV-05,45,56,186,0
2025-01-08,DS-Utrecht-01,Beverages,BEV-06,47,47,183,0
2025-01-08,DS-Utrecht-01,Snacks,SNA-01,45,30,55,0
2025-01-08,DS-Utrecht-01,Snacks,SNA-02,44,35,68,0
2025-01-08,DS-Utrecht-01,Snacks,SNA-03,50,31,88,0
2025-01-08,DS-Utrecht-01,Snacks,SNA-04,34,28,57,0
2025-01-08,DS-Utrecht-01,Snacks,SNA-05,43,36,64,0
2025-01-08,DS-Utrecht-01,Snacks,SNA-06,48,27,68,0
2025-01-08,DS-Utrecht-01,Household,HOU-01,19,18,58,0
2025-01-08,DS-Utrecht-01,Household,HOU-02,22,17,79,0
2025-01-08,DS-Utrecht-01,Household,HOU-03,16,19,47,0
2025-01-08,DS-Utrecht-01,Household,HOU-04,17,16,56,0
2025-01-08,DS-Utrecht-01,Household,HOU-05,15,19,47,0
2025-01-08,DS-Utrecht-01,Household,HOU-06,16,15,58,0
2025-01-08,DS-TheHague-01,Fresh Produce,FRE-01,66,59,359,0
2025-01-08,DS-TheHague-01,Fresh Produce,FRE-02,55,47,326,0
2025-01-08,DS-TheHague-01,Fresh Produce,FRE-03,105,85,654,1
2025-01-08,DS-TheHague-01,Fresh Produce,FRE-04,83,109,568,1
2025-01-08,DS-TheHague-01,Fresh Produce,FRE-05,57,56,329,0
2025-01-08,DS-TheHague-01,Fresh Produce,FRE-06,46,54,296,0
2025-01-08,DS-TheHague-01,Dairy,DAI-01,35,38,125,0
2025-01-08,DS-TheHague-01,Dairy,DAI-02,40,36,143,0
2025-01-08,DS-TheHague-01,Dairy,DAI-03,41,37,127,0
2025-01-08,DS-TheHague-01,Dairy,DAI-04,45,28,185,0
2025-01-08,DS-TheHague-01,Dairy,DAI-05,65,78,233,1
2025-01-08,DS-TheHague-01,Dairy,DAI-06,54,35,182,0
2025-01-08,DS-TheHague-01,Beverages,BEV-01,58,70,242,0
2025-01-08,DS-TheHague-01,Beverages,BEV-02,65,79,271,0
2025-01-08,DS-TheHague-01,Beverages,BEV-03,87,67,298,0
2025-01-08,DS-TheHague-01,Beverages,BEV-04,120,138,391,1
2025-01-08,DS-TheHague-01,Beverages,BEV-05,72,60,247,0
2025-01-08,DS-TheHague-01,Beverages,BEV-06,67,57,268,0
2025-01-08,DS-TheHague-01,Snacks,SNA-01,57,49,93,0
2025-01-08,DS-TheHague-01,Snacks,SNA-02,63,56,100,0
2025-01-08,DS-TheHague-01,Snacks,SNA-03,57,49,92,0
2025-01-08,DS-TheHague-01,Snacks,SNA-04,67,42,105,0
2025-01-08,DS-TheHague-01,Snacks,SNA-05,85,43,112,0
2025-01-08,DS-TheHague-01,Snacks,SNA-06,58,54,85,0
2025-01-08,DS-TheHague-01,Household,HOU-01,30,25,116,0
2025-01-08,DS-TheHague-01,Household,HOU-02,34,22,119,0
2025-01-08,DS-TheHague-01,Household,HOU-03,24,30,68,0
2025-01-08,DS-TheHague-01,Household,HOU-04,25,29,91,0
2025-01-08,DS-TheHague-01,Household,HOU-05,51,51,193,1
2025-01-08,DS-TheHague-01,Household,HOU-06,31,30,128,0
2025-01-09,DS-Amsterdam-01,Fresh Produce,FRE-01,48,61,255,0
2025-01-09,DS-Amsterdam-01,Fresh Produce,FRE-02,58,48,283,0
2025-01-09,DS-Amsterdam-01,Fresh Produce,FRE-03,62,53,324,0
2025-01-09,DS-Amsterdam-01,Fresh Produce,FRE-04,42,54,295,0
2025-01-09,DS-Amsterdam-01,Fresh Produce,FRE-05,97,123,673,1
2025-01-09,DS-Amsterdam-01,Fresh Produce,FRE-06,32,55,218,0
2025-01-09,DS-Amsterdam-01,Dairy,DAI-01,41,43,115,0
2025-01-09,DS-Amsterdam-01,Dairy,DAI-02,41,42,143,0
2025-01-09,DS-Amsterdam-01,Dairy,DAI-03,34,45,107,0
2025-01-09,DS-Amsterdam-01,Dairy,DAI-04,41,37,169,0
2025-01-09,DS-Amsterdam-01,Dairy,DAI-05,35,31,111,0
2025-01-09,DS-Amsterdam-01,Dairy,DAI-06,43,42,164,0
2025-01-09,DS-Amsterdam-01,Beverages,BEV-01,85,61,314,0
2025-01-09,DS-Amsterdam-01,Beverages,BEV-02,83,69,273,0
2025-01-09,DS-Amsterdam-01,Beverages,BEV-03,63,79,228,0
2025-01-09,DS-Amsterdam-01,Beverages,BEV-04,63,82,259,0
2025-01-09,DS-Amsterdam-01,Beverages,BEV-05,82,77,307,0
2025-01-09,DS-Amsterdam-01,Beverages,BEV-06,77,56,220,0
2025-01-09,DS-Amsterdam-01,Snacks,SNA-01,50,61,86,0
2025-01-09,DS-Amsterdam-01,Snacks,SNA-02,45,57,75,0
2025-01-09,DS-Amsterdam-01,Snacks,SNA-03,50,45,69,0
2025-01-09,DS-Amsterdam-01,Snacks,SNA-04,57,45,99,0
2025-01-09,DS-Amsterdam-01,Snacks,SNA-05,59,55,100,0
2025-01-09,DS-Amsterdam-01,Snacks,SNA-06,105,92,149,1
2025-01-09,DS-Amsterdam-01,Household,HOU-01,27,25,101,0
2025-01-09,DS-Amsterdam-01,Household,HOU-02,32,24,114,0
2025-01-09,DS-Amsterdam-01,Household,HOU-03,26,26,94,0
2025-01-09,DS-Amsterdam-01,Household,HOU-04,22,29,67,0
2025-01-09,DS-Amsterdam-01,Household,HOU-05,33,25,116,0
2025-01-09,DS-Amsterdam-01,Household,HOU-06,37,26,122,0
2025-01-09,DS-Amsterdam-02,Fresh Produce,FRE-01,38,55,241,0
2025-01-09,DS-Amsterdam-02,Fresh Produce,FRE-02,44,53,242,0
2025-01-09,DS-Amsterdam-02,Fresh Produce,FRE-03,48,61,314,0
2025-01-09,DS-Amsterdam-02,Fresh Produce,FRE-04,53,58,317,0
2025-01-09,DS-Amsterdam-02,Fresh Produce,FRE-05,63,69,410,0
2025-01-09,DS-Amsterdam-02,Fresh Produce,FRE-06,53,57,316,0
2025-01-09,DS-Amsterdam-02,Dairy,DAI-01,82,90,301,1
2025-01-09,DS-Amsterdam-02,Dairy,DAI-02,38,35,106,0
2025-01-09,DS-Amsterdam-02,Dairy,DAI-03,35,44,118,0
2025-01-09,DS-Amsterdam-02,Dairy,DAI-04,48,42,168,0
2025-01-09,DS-Amsterdam-02,Dairy,DAI-05,46,47,169,0
2025-01-09,DS-Amsterdam-02,Dairy,DAI-06,34,25,113,0
2025-01-09,DS-Amsterdam-02,Beverages,BEV-01,73,73,269,0
2025-01-09,DS-Amsterdam-02,Beverages,BEV-02,76,73,233,0
2025-01-09,DS-Amsterdam-02,Beverages,BEV-03,77,52,310,0
2025-01-09,DS-Amsterdam-02,Beverages,BEV-04,73,68,287,0
2025-01-09,DS-Amsterdam-02,Beverages,BEV-05,76,73,231,0
2025-01-09,DS-Amsterdam-02,Beverages,BEV-06,75,78,229,0
2025-01-09,DS-Amsterdam-02,Snacks,SNA-01,58,50,79,0
2025-01-09,DS-Amsterdam-02,Snacks,SNA-02,66,48,94,0
2025-01-09,DS-Amsterdam-02,Snacks,SNA-03,57,55,99,0
2025-01-09,DS-Amsterdam-02,Snacks,SNA-04,61,42,93,0
2025-01-09,DS-Amsterdam-02,Snacks,SNA-05,68,41,108,0
2025-01-09,DS-Amsterdam-02,Snacks,SNA-06,63,50,104,0
2025-01-09,DS-Amsterdam-02,Household,HOU-01,21,25,64,0
2025-01-09,DS-Amsterdam-02,Household,HOU-02,58,38,207,1
2025-01-09,DS-Amsterdam-02,Household,HOU-03,31,23,116,0
2025-01-09,DS-Amsterdam-02,Household,HOU-04,26,27,77,0
2025-01-09,DS-Amsterdam-02,Household,HOU-05,41,28,153,0
2025-01-09,DS-Amsterdam-02,Household,HOU-06,21,27,81,0
2025-01-09,DS-Rotterdam-01,Fresh Produce,FRE-01,42,61,255,0
2025-01-09,DS-Rotterdam-01,Fresh Produce,FRE-02,43,54,242,0
2025-01-09,DS-Rotterdam-01,Fresh Produce,FRE-03,56,44,336,0
2025-01-09,DS-Rotterdam-01,Fresh Produce,FRE-04,63,42,337,0
2025-01-09,DS-Rotterdam-01,Fresh Produce,FRE-05,54,59,272,0
2025-01-09,DS-Rotterdam-01,Fresh Produce,FRE-06,82,99,471,1
2025-01-09,DS-Rotterdam-01,Dairy,DAI-01,63,78,202,1
2025-01-09,DS-Rotterdam-01,Dairy,DAI-02,26,41,106,0
2025-01-09,DS-Rotterdam-01,Dairy,DAI-03,31,51,96,0
2025-01-09,DS-Rotterdam-01,Dairy,DAI-04,28,39,87,0
2025-01-09,DS-Rotterdam-01,Dairy,DAI-05,38,36,132,0
2025-01-09,DS-Rotterdam-01,Dairy,DAI-06,35,43,112,0
2025-01-09,DS-Rotterdam-01,Beverages,BEV-01,70,64,201,0
2025-01-09,DS-Rotterdam-01,Beverages,BEV-02,50,70,166,0
2025-01-09,DS-Rotterdam-01,Beverages,BEV-03,75,80,274,0
2025-01-09,DS-Rotterdam-01,Beverages,BEV-04,70,64,245,0
2025-01-09,DS-Rotterdam-01,Beverages,BEV-05,83,61,282,0
2025-01-09,DS-Rotterdam-01,Beverages,BEV-06,70,85,220,0
2025-01-09,DS-Rotterdam-01,Snacks,SNA-01,69,49,112,0
2025-01-09,DS-Rotterdam-01,Snacks,SNA-02,57,53,91,0
2025-01-09,DS-Rotterdam-01,Snacks,SNA-03,56,48,68,0
2025-01-09,DS-Rotterdam-01,Snacks,SNA-04,62,58,99,0
2025-01-09,DS-Rotterdam-01,Snacks,SNA-05,55,55,69,0
2025-01-09,DS-Rotterdam-01,Snacks,SNA-06,65,43,86,0
2025-01-09,DS-Rotterdam-01,Household,HOU-01,57,59,205,1
2025-01-09,DS-Rotterdam-01,Household,HOU-02,25,32,81,0
2025-01-09,DS-Rotterdam-01,Household,HOU-03,39,50,147,1
2025-01-09,DS-Rotterdam-01,Household,HOU-04,35,29,127,0
2025-01-09,DS-Rotterdam-01,Household,HOU-05,22,24,90,0
2025-01-09,DS-Rotterdam-01,Household,HOU-06,29,28,82,0
2025-01-09,DS-Utrecht-01,Fresh Produce,FRE-01,48,49,267,0
2025-01-09,DS-Utrecht-01,Fresh Produce,FRE-02,42,50,299,0
2025-01-09,DS-Utrecht-01,Fresh Produce,FRE-03,47,60,273,0
2025-01-09,DS-Utrecht-01,Fresh Produce,FRE-04,45,53,226,0
2025-01-09,DS-Utrecht-01,Fresh Produce,FRE-05,37,57,185,0
2025-01-09,DS-Utrecht-01,Fresh Produce,FRE-06,40,59,285,0
2025-01-09,DS-Utrecht-01,Dairy,DAI-01,30,37,123,0
2025-01-09,DS-Utrecht-01,Dairy,DAI-02,32,38,123,0
2025-01-09,DS-Utrecht-01,Dairy,DAI-03,34,32,96,0
2025-01-09,DS-Utrecht-01,Dairy,DAI-04,71,74,263,1
2025-01-09,DS-Utrecht-01,Dairy,DAI-05,35,41,118,0
2025-01-09,DS-Utrecht-01,Dairy,DAI-06,46,35,161,0
2025-01-09,DS-Utrecht-01,Beverages,BEV-01,55,60,227,0
2025-01-09,DS-Utrecht-01,Beverages,BEV-02,64,65,265,0
2025-01-09,DS-Utrecht-01,Beverages,BEV-03,61,63,220,0
2025-01-09,DS-Utrecht-01,Beverages,BEV-04,59,57,179,0
2025-01-09,DS-Utrecht-01,Beverages,BEV-05,49,54,172,0
2025-01-09,DS-Utrecht-01,Beverages,BEV-06,52,52,205,0
2025-01-09,DS-Utrecht-01,Snacks,SNA-01,55,53,80,0
2025-01-09,DS-Utrecht-01,Snacks,SNA-02,54,39,90,0
2025-01-09,DS-Utrecht-01,Snacks,SNA-03,59,44,97,0
2025-01-09,DS-Utrecht-01,Snacks,SNA-04,33,44,52,0
2025-01-09,DS-Utrecht-01,Snacks,SNA-05,48,42,83,0
2025-01-09,DS-Utrecht-01,Snacks,SNA-06,50,52,83,0
2025-01-09,DS-Utrecht-01,Household,HOU-01,25,24,84,0
2025-01-09,DS-Utrecht-01,Household,HOU-02,19,25,60,0
2025-01-09,DS-Utrecht-01,Household,HOU-03,17,24,70,0
2025-01-09,DS-Utrecht-01,Household,HOU-04,19,21,54,0
2025-01-09,DS-Utrecht-01,Household,HOU-05,17,23,52,0
2025-01-09,DS-Utrecht-01,Household,HOU-06,35,27,129,0
2025-01-09,DS-TheHague-01,Fresh Produce,FRE-01,30,38,198,0
2025-01-09,DS-TheHague-01,Fresh Produce,FRE-02,30,38,161,0
2025-01-09,DS-TheHague-01,Fresh Produce,FRE-03,45,36,273,0
2025-01-09,DS-TheHague-01,Fresh Produce,FRE-04,54,82,290,1
2025-01-09,DS-TheHague-01,Fresh Produce,FRE-05,46,42,322,0
2025-01-09,DS-TheHague-01,Fresh Produce,FRE-06,32,47,187,0
2025-01-09,DS-TheHague-01,Dairy,DAI-01,33,24,102,0
2025-01-09,DS-TheHague-01,Dairy,DAI-02,23,23,88,0
2025-01-09,DS-TheHague-01,Dairy,DAI-03,31,28,107,0
2025-01-09,DS-TheHague-01,Dairy,DAI-04,25,27,86,0
2025-01-09,DS-TheHague-01,Dairy,DAI-05,29,29,105,0
2025-01-09,DS-TheHague-01,Dairy,DAI-06,35,48,139,1
2025-01-09,DS-TheHague-01,Beverages,BEV-01,49,48,158,0
2025-01-09,DS-TheHague-01,Beverages,BEV-02,67,39,273,0
2025-01-09,DS-TheHague-01,Beverages,BEV-03,52,37,184,0
2025-01-09,DS-TheHague-01,Beverages,BEV-04,47,42,133,0
2025-01-09,DS-TheHague-01,Beverages,BEV-05,58,44,211,0
2025-01-09,DS-TheHague-01,Beverages,BEV-06,39,53,137,0
2025-01-09,DS-TheHague-01,Snacks,SNA-01,38,35,47,0
2025-01-09,DS-TheHague-01,Snacks,SNA-02,54,40,73,0
2025-01-09,DS-TheHague-01,Snacks,SNA-03,40,41,55,0
2025-01-09,DS-TheHague-01,Snacks,SNA-04,48,28,57,0
2025-01-09,DS-TheHague-01,Snacks,SNA-05,31,29,42,0
2025-01-09,DS-TheHague-01,Snacks,SNA-06,30,30,38,0
2025-01-09,DS-TheHague-01,Household,HOU-01,15,19,44,0
2025-01-09,DS-TheHague-01,Household,HOU-02,25,29,92,1
2025-01-09,DS-TheHague-01,Household,HOU-03,19,17,74,0
2025-01-09,DS-TheHague-01,Household,HOU-04,22,16,91,0
2025-01-09,DS-TheHague-01,Household,HOU-05,19,18,64,0
2025-01-09,DS-TheHague-01,Household,HOU-06,12,22,41,0
2025-01-10,DS-Amsterdam-01,Fresh Produce,FRE-01,57,48,335,0
2025-01-10,DS-Amsterdam-01,Fresh Produce,FRE-02,37,45,213,0
2025-01-10,DS-Amsterdam-01,Fresh Produce,FRE-03,33,49,170,0
2025-01-10,DS-Amsterdam-01,Fresh Produce,FRE-04,52,57,283,0
2025-01-10,DS-Amsterdam-01,Fresh Produce,FRE-05,44,54,251,0
2025-01-10,DS-Amsterdam-01,Fresh Produce,FRE-06,57,53,370,0
2025-01-10,DS-Amsterdam-01,Dairy,DAI-01,72,59,235,1
2025-01-10,DS-Amsterdam-01,Dairy,DAI-02,32,41,111,0
2025-01-10,DS-Amsterdam-01,Dairy,DAI-03,35,31,138,0
2025-01-10,DS-Amsterdam-01,Dairy,DAI-04,39,31,147,0
2025-01-10,DS-Amsterdam-01,Dairy,DAI-05,27,34,80,0
2025-01-10,DS-Amsterdam-01,Dairy,DAI-06,55,40,160,0
2025-01-10,DS-Amsterdam-01,Beverages,BEV-01,61,63,230,0
2025-01-10,DS-Amsterdam-01,Beverages,BEV-02,61,56,207,0
2025-01-10,DS-Amsterdam-01,Beverages,BEV-03,51,66,169,0
2025-01-10,DS-Amsterdam-01,Beverages,BEV-04,54,60,184,0
2025-01-10,DS-Amsterdam-01,Beverages,BEV-05,68,62,276,0
2025-01-10,DS-Amsterdam-01,Beverages,BEV-06,59,63,199,0
2025-01-10,DS-Amsterdam-01,Snacks,SNA-01,58,35,89,0
2025-01-10,DS-Amsterdam-01,Snacks,SNA-02,95,97,151,1
2025-01-10,DS-Amsterdam-01,Snacks,SNA-03,59,43,79,0
2025-01-10,DS-Amsterdam-01,Snacks,SNA-04,49,46,66,0
2025-01-10,DS-Amsterdam-01,Snacks,SNA-05,53,37,66,0
2025-01-10,DS-Amsterdam-01,Snacks,SNA-06,82,79,147,1
2025-01-10,DS-Amsterdam-01,Household,HOU-01,28,24,105,0
2025-01-10,DS-Amsterdam-01,Household,HOU-02,28,21,109,0
2025-01-10,DS-Amsterdam-01,Household,HOU-03,26,22,82,0
2025-01-10,DS-Amsterdam-01,Household,HOU-04,22,18,65,0
2025-01-10,DS-Amsterdam-01,Household,HOU-05,26,26,100,0
2025-01-10,DS-Amsterdam-01,Household,HOU-06,21,23,88,0
2025-01-10,DS-Amsterdam-02,Fresh Produce,FRE-01,32,44,158,0
2025-01-10,DS-Amsterdam-02,Fresh Produce,FRE-02,44,42,243,0
2025-01-10,DS-Amsterdam-02,Fresh Produce,FRE-03,42,44,213,0
2025-01-10,DS-Amsterdam-02,Fresh Produce,FRE-04,41,43,218,0
2025-01-10,DS-Amsterdam-02,Fresh Produce,FRE-05,41,47,249,0
2025-01-10,DS-Amsterdam-02,Fresh Produce,FRE-06,39,47,217,0
2025-01-10,DS-Amsterdam-02,Dairy,DAI-01,35,22,122,0
2025-01-10,DS-Amsterdam-02,Dairy,DAI-02,27,33,103,0
2025-01-10,DS-Amsterdam-02,Dairy,DAI-03,35,28,98,0
2025-01-10,DS-Amsterdam-02,Dairy,DAI-04,31,23,87,0
2025-01-10,DS-Amsterdam-02,Dairy,DAI-05,32,36,107,0
2025-01-10,DS-Amsterdam-02,Dairy,DAI-06,31,31,116,0
2025-01-10,DS-Amsterdam-02,Beverages,BEV-01,59,53,231,0
2025-01-10,DS-Amsterdam-02,Beverages,BEV-02,39,60,120,0
2025-01-10,DS-Amsterdam-02,Beverages,BEV-03,47,56,141,0
2025-01-10,DS-Amsterdam-02,Beverages,BEV-04,52,55,155,0
2025-01-10,DS-Amsterdam-02,Beverages,BEV-05,43,45,167,0
2025-01-10,DS-Amsterdam-02,Beverages,BEV-06,55,71,213,0
2025-01-10,DS-Amsterdam-02,Snacks,SNA-01,50,37,70,0
2025-01-10,DS-Amsterdam-02,Snacks,SNA-02,42,43,64,0
2025-01-10,DS-Amsterdam-02,Snacks,SNA-03,47,35,73,0
2025-01-10,DS-Amsterdam-02,Snacks,SNA-04,43,35,52,0
2025-01-10,DS-Amsterdam-02,Snacks,SNA-05,42,43,68,0
2025-01-10,DS-Amsterdam-02,Snacks,SNA-06,51,36,82,0
2025-01-10,DS-Amsterdam-02,Household,HOU-01,23,16,73,0
2025-01-10,DS-Amsterdam-02,Household,HOU-02,28,24,86,0
2025-01-10,DS-Amsterdam-02,Household,HOU-03,23,21,76,0
2025-01-10,DS-Amsterdam-02,Household,HOU-04,17,23,68,0
2025-01-10,DS-Amsterdam-02,Household,HOU-05,24,23,70,0
2025-01-10,DS-Amsterdam-02,Household,HOU-06,19,21,54,0
2025-01-10,DS-Rotterdam-01,Fresh Produce,FRE-01,89,98,529,1
2025-01-10,DS-Rotterdam-01,Fresh Produce,FRE-02,52,65,356,0
2025-01-10,DS-Rotterdam-01,Fresh Produce,FRE-03,56,61,279,0
2025-01-10,DS-Rotterdam-01,Fresh Produce,FRE-04,54,57,282,0
2025-01-10,DS-Rotterdam-01,Fresh Produce,FRE-05,42,60,299,0
2025-01-10,DS-Rotterdam-01,Fresh Produce,FRE-06,47,66,246,0
2025-01-10,DS-Rotterdam-01,Dairy,DAI-01,55,31,214,0
2025-01-10,DS-Rotterdam-01,Dairy,DAI-02,70,69,233,1
2025-01-10,DS-Rotterdam-01,Dairy,DAI-03,35,34,134,0
2025-01-10,DS-Rotterdam-01,Dairy,DAI-04,49,33,139,0
2025-01-10,DS-Rotterdam-01,Dairy,DAI-05,41,39,169,0
2025-01-10,DS-Rotterdam-01,Dairy,DAI-06,36,38,101,0
2025-01-10,DS-Rotterdam-01,Beverages,BEV-01,152,124,432,1
2025-01-10,DS-Rotterdam-01,Beverages,BEV-02,62,70,208,0
2025-01-10,DS-Rotterdam-01,Beverages,BEV-03,69,62,277,0
2025-01-10,DS-Rotterdam-01,Beverages,BEV-04,65,51,216,0
2025-01-10,DS-Rotterdam-01,Beverages,BEV-05,63,62,257,0
2025-01-10,DS-Rotterdam-01,Beverages,BEV-06,73,57,277,0
2025-01-10,DS-Rotterdam-01,Snacks,SNA-01,44,59,64,0
2025-01-10,DS-Rotterdam-01,Snacks,SNA-02,61,49,96,0
2025-01-10,DS-Rotterdam-01,Snacks,SNA-03,56,40,83,0
2025-01-10,DS-Rotterdam-01,Snacks,SNA-04,52,52,68,0
2025-01-10,DS-Rotterdam-01,Snacks,SNA-05,57,45,96,0
2025-01-10,DS-Rotterdam-01,Snacks,SNA-06,96,92,169,1
2025-01-10,DS-Rotterdam-01,Household,HOU-01,42,47,175,1
2025-01-10,DS-Rotterdam-01,Household,HOU-02,27,26,88,0
2025-01-10,DS-Rotterdam-01,Household,HOU-03,33,27,97,0
2025-01-10,DS-Rotterdam-01,Household,HOU-04,55,46,185,1
2025-01-10,DS-Rotterdam-01,Household,HOU-05,25,24,102,0
2025-01-10,DS-Rotterdam-01,Household,HOU-06,34,31,134,0
2025-01-10,DS-Utrecht-01,Fresh Produce,FRE-01,48,42,254,0
2025-01-10,DS-Utrecht-01,Fresh Produce,FRE-02,39,42,273,0
2025-01-10,DS-Utrecht-01,Fresh Produce,FRE-03,21,53,101,0
2025-01-10,DS-Utrecht-01,Fresh Produce,FRE-04,33,54,195,0
2025-01-10,DS-Utrecht-01,Fresh Produce,FRE-05,48,45,264,0
2025-01-10,DS-Utrecht-01,Fresh Produce,FRE-06,50,43,311,0
2025-01-10,DS-Utrecht-01,Dairy,DAI-01,31,33,106,0
2025-01-10,DS-Utrecht-01,Dairy,DAI-02,27,30,104,0
2025-01-10,DS-Utrecht-01,Dairy,DAI-03,29,33,88,0
2025-01-10,DS-Utrecht-01,Dairy,DAI-04,32,28,119,0
2025-01-10,DS-Utrecht-01,Dairy,DAI-05,40,35,117,0
2025-01-10,DS-Utrecht-01,Dairy,DAI-06,33,35,96,0
2025-01-10,DS-Utrecht-01,Beverages,BEV-01,63,48,248,0
2025-01-10,DS-Utrecht-01,Beverages,BEV-02,61,62,184,0
2025-01-10,DS-Utrecht-01,Beverages,BEV-03,56,38,219,0
2025-01-10,DS-Utrecht-01,Beverages,BEV-04,49,46,199,0
2025-01-10,DS-Utrecht-01,Beverages,BEV-05,61,60,192,0
2025-01-10,DS-Utrecht-01,Beverages,BEV-06,52,53,206,0
2025-01-10,DS-Utrecht-01,Snacks,SNA-01,43,36,53,0
2025-01-10,DS-Utrecht-01,Snacks,SNA-02,51,36,91,0
2025-01-10,DS-Utrecht-01,Snacks,SNA-03,38,38,59,0
2025-01-10,DS-Utrecht-01,Snacks,SNA-04,43,40,76,0
2025-01-10,DS-Utrecht-01,Snacks,SNA-05,42,33,69,0
2025-01-10,DS-Utrecht-01,Snacks,SNA-06,58,41,80,0
2025-01-10,DS-Utrecht-01,Household,HOU-01,18,24,61,0
2025-01-10,DS-Utrecht-01,Household,HOU-02,19,22,68,0
2025-01-10,DS-Utrecht-01,Household,HOU-03,18,23,57,0
2025-01-10,DS-Utrecht-01,Household,HOU-04,27,22,87,0
2025-01-10,DS-Utrecht-01,Household,HOU-05,22,22,65,0
2025-01-10,DS-Utrecht-01,Household,HOU-06,24,19,97,0
2025-01-10,DS-TheHague-01,Fresh Produce,FRE-01,36,62,256,0
2025-01-10,DS-TheHague-01,Fresh Produce,FRE-02,48,37,285,0
2025-01-10,DS-TheHague-01,Fresh Produce,FRE-03,40,46,240,0
2025-01-10,DS-TheHague-01,Fresh Produce,FRE-04,66,58,421,0
2025-01-10,DS-TheHague-01,Fresh Produce,FRE-05,67,51,375,0
2025-01-10,DS-TheHague-01,Fresh Produce,FRE-06,45,32,218,0
2025-01-10,DS-TheHague-01,Dairy,DAI-01,33,36,108,0
2025-01-10,DS-TheHague-01,Dairy,DAI-02,58,76,193,1
2025-01-10,DS-TheHague-01,Dairy,DAI-03,32,30,109,0
2025-01-10,DS-TheHague-01,Dairy,DAI-04,44,32,123,0
2025-01-10,DS-TheHague-01,Dairy,DAI-05,29,36,115,0
2025-01-10,DS-TheHague-01,Dairy,DAI-06,38,35,114,0
2025-01-10,DS-TheHague-01,Beverages,BEV-01,62,54,188,0
2025-01-10,DS-TheHague-01,Beverages,BEV-02,52,62,187,0
2025-01-10,DS-TheHague-01,Beverages,BEV-03,48,50,201,0
2025-01-10,DS-TheHague-01,Beverages,BEV-04,49,67,187,0
2025-01-10,DS-TheHague-01,Beverages,BEV-05,46,65,148,0
2025-01-10,DS-TheHague-01,Beverages,BEV-06,49,49,157,0
2025-01-10,DS-TheHague-01,Snacks,SNA-01,49,36,65,0
2025-01-10,DS-TheHague-01,Snacks,SNA-02,50,37,69,0
2025-01-10,DS-TheHague-01,Snacks,SNA-03,47,47,63,0
2025-01-10,DS-TheHague-01,Snacks,SNA-04,97,82,171,1
2025-01-10,DS-TheHague-01,Snacks,SNA-05,53,45,69,0
2025-01-10,DS-TheHague-01,Snacks,SNA-06,69,43,92,0
2025-01-10,DS-TheHague-01,Household,HOU-01,16,27,59,0
2025-01-10,DS-TheHague-01,Household,HOU-02,28,29,83,0
2025-01-10,DS-TheHague-01,Household,HOU-03,18,22,64,0
2025-01-10,DS-TheHague-01,Household,HOU-04,23,20,84,0
2025-01-10,DS-TheHague-01,Household,HOU-05,23,30,92,0
2025-01-10,DS-TheHague-01,Household,HOU-06,28,21,98,0
2025-01-11,DS-Amsterdam-01,Fresh Produce,FRE-01,55,80,357,0
2025-01-11,DS-Amsterdam-01,Fresh Produce,FRE-02,63,62,376,0
2025-01-11,DS-Amsterdam-01,Fresh Produce,FRE-03,71,84,475,0
2025-01-11,DS-Amsterdam-01,Fresh Produce,FRE-04,63,75,419,0
2025-01-11,DS-Amsterdam-01,Fresh Produce,FRE-05,74,95,424,0
2025-01-11,DS-Amsterdam-01,Fresh Produce,FRE-06,65,78,410,0
2025-01-11,DS-Amsterdam-01,Dairy,DAI-01,56,38,169,0
2025-01-11,DS-Amsterdam-01,Dairy,DAI-02,51,67,200,0
2025-01-11,DS-Amsterdam-01,Dairy,DAI-03,46,52,132,0
2025-01-11,DS-Amsterdam-01,Dairy,DAI-04,57,48,170,0
2025-01-11,DS-Amsterdam-01,Dairy,DAI-05,65,48,210,0
2025-01-11,DS-Amsterdam-01,Dairy,DAI-06,67,51,279,0
2025-01-11,DS-Amsterdam-01,Beverages,BEV-01,169,166,477,1
2025-01-11,DS-Amsterdam-01,Beverages,BEV-02,90,92,358,0
2025-01-11,DS-Amsterdam-01,Beverages,BEV-03,79,119,229,0
2025-01-11,DS-Amsterdam-01,Beverages,BEV-04,84,114,340,0
2025-01-11,DS-Amsterdam-01,Beverages,BEV-05,167,193,563,1
2025-01-11,DS-Amsterdam-01,Beverages,BEV-06,93,94,326,0
2025-01-11,DS-Amsterdam-01,Snacks,SNA-01,78,64,120,0
2025-01-11,DS-Amsterdam-01,Snacks,SNA-02,104,66,143,0
2025-01-11,DS-Amsterdam-01,Snacks,SNA-03,74,58,123,0
2025-01-11,DS-Amsterdam-01,Snacks,SNA-04,69,62,121,0
2025-01-11,DS-Amsterdam-01,Snacks,SNA-05,91,65,139,0
2025-01-11,DS-Amsterdam-01,Snacks,SNA-06,74,67,123,0
2025-01-11,DS-Amsterdam-01,Household,HOU-01,75,67,236,1
2025-01-11,DS-Amsterdam-01,Household,HOU-02,36,32,131,0
2025-01-11,DS-Amsterdam-01,Household,HOU-03,26,38,96,0
2025-01-11,DS-Amsterdam-01,Household,HOU-04,33,30,105,0
2025-01-11,DS-Amsterdam-01,Household,HOU-05,30,33,117,0
2025-01-11,DS-Amsterdam-01,Household,HOU-06,41,38,136,0
2025-01-11,DS-Amsterdam-02,Fresh Produce,FRE-01,58,68,375,0
2025-01-11,DS-Amsterdam-02,Fresh Produce,FRE-02,63,60,418,0
2025-01-11,DS-Amsterdam-02,Fresh Produce,FRE-03,41,62,238,0
2025-01-11,DS-Amsterdam-02,Fresh Produce,FRE-04,57,70,400,0
2025-01-11,DS-Amsterdam-02,Fresh Produce,FRE-05,65,67,382,0
2025-01-11,DS-Amsterdam-02,Fresh Produce,FRE-06,52,64,278,0
2025-01-11,DS-Amsterdam-02,Dairy,DAI-01,40,46,155,0
2025-01-11,DS-Amsterdam-02,Dairy,DAI-02,39,35,110,0
2025-01-11,DS-Amsterdam-02,Dairy,DAI-03,37,40,131,0
2025-01-11,DS-Amsterdam-02,Dairy,DAI-04,48,40,143,0
2025-01-11,DS-Amsterdam-02,Dairy,DAI-05,48,46,192,0
2025-01-11,DS-Amsterdam-02,Dairy,DAI-06,54,49,189,0
2025-01-11,DS-Amsterdam-02,Beverages,BEV-01,78,70,307,0
2025-01-11,DS-Amsterdam-02,Beverages,BEV-02,77,87,294,0
2025-01-11,DS-Amsterdam-02,Beverages,BEV-03,80,95,236,0
2025-01-11,DS-Amsterdam-02,Beverages,BEV-04,75,68,301,0
2025-01-11,DS-Amsterdam-02,Beverages,BEV-05,77,80,228,0
2025-01-11,DS-Amsterdam-02,Beverages,BEV-06,72,61,280,0
2025-01-11,DS-Amsterdam-02,Snacks,SNA-01,78,54,110,0
2025-01-11,DS-Amsterdam-02,Snacks,SNA-02,62,45,84,0
2025-01-11,DS-Amsterdam-02,Snacks,SNA-03,54,50,74,0
2025-01-11,DS-Amsterdam-02,Snacks,SNA-04,63,58,83,0
2025-01-11,DS-Amsterdam-02,Snacks,SNA-05,51,54,64,0
2025-01-11,DS-Amsterdam-02,Snacks,SNA-06,66,57,85,0
2025-01-11,DS-Amsterdam-02,Household,HOU-01,35,28,123,0
2025-01-11,DS-Amsterdam-02,Household,HOU-02,29,29,95,0
2025-01-11,DS-Amsterdam-02,Household,HOU-03,29,21,99,0
2025-01-11,DS-Amsterdam-02,Household,HOU-04,28,31,82,0
2025-01-11,DS-Amsterdam-02,Household,HOU-05,23,33,75,0
2025-01-11,DS-Amsterdam-02,Household,HOU-06,38,30,153,0
2025-01-11,DS-Rotterdam-01,Fresh Produce,FRE-01,80,83,535,0
2025-01-11,DS-Rotterdam-01,Fresh Produce,FRE-02,83,73,515,0
2025-01-11,DS-Rotterdam-01,Fresh Produce,FRE-03,70,91,349,0
2025-01-11,DS-Rotterdam-01,Fresh Produce,FRE-04,63,88,451,0
2025-01-11,DS-Rotterdam-01,Fresh Produce,FRE-05,65,96,323,0
2025-01-11,DS-Rotterdam-01,Fresh Produce,FRE-06,60,80,337,0
2025-01-11,DS-Rotterdam-01,Dairy,DAI-01,101,113,333,1
2025-01-11,DS-Rotterdam-01,Dairy,DAI-02,57,54,185,0
2025-01-11,DS-Rotterdam-01,Dairy,DAI-03,47,38,165,0
2025-01-11,DS-Rotterdam-01,Dairy,DAI-04,77,57,251,0
2025-01-11,DS-Rotterdam-01,Dairy,DAI-05,70,49,262,0
2025-01-11,DS-Rotterdam-01,Dairy,DAI-06,36,48,137,0
2025-01-11,DS-Rotterdam-01,Beverages,BEV-01,88,117,289,0
2025-01-11,DS-Rotterdam-01,Beverages,BEV-02,156,165,490,1
2025-01-11,DS-Rotterdam-01,Beverages,BEV-03,88,98,250,0
2025-01-11,DS-Rotterdam-01,Beverages,BEV-04,83,90,270,0
2025-01-11,DS-Rotterdam-01,Beverages,BEV-05,89,98,361,0
2025-01-11,DS-Rotterdam-01,Beverages,BEV-06,108,82,315,0
2025-01-11,DS-Rotterdam-01,Snacks,SNA-01,90,66,112,0
2025-01-11,DS-Rotterdam-01,Snacks,SNA-02,79,58,136,0
2025-01-11,DS-Rotterdam-01,Snacks,SNA-03,85,70,119,0
2025-01-11,DS-Rotterdam-01,Snacks,SNA-04,80,65,143,0
2025-01-11,DS-Rotterdam-01,Snacks,SNA-05,135,127,183,1
2025-01-11,DS-Rotterdam-01,Snacks,SNA-06,77,72,133,0
2025-01-11,DS-Rotterdam-01,Household,HOU-01,47,31,180,0
2025-01-11,DS-Rotterdam-01,Household,HOU-02,77,71,233,1
2025-01-11,DS-Rotterdam-01,Household,HOU-03,39,36,156,0
2025-01-11,DS-Rotterdam-01,Household,HOU-04,33,40,98,0
2025-01-11,DS-Rotterdam-01,Household,HOU-05,40,32,164,0
2025-01-11,DS-Rotterdam-01,Household,HOU-06,35,35,111,0
2025-01-11,DS-Utrecht-01,Fresh Produce,FRE-01,63,93,352,0
2025-01-11,DS-Utrecht-01,Fresh Produce,FRE-02,61,78,295,0
2025-01-11,DS-Utrecht-01,Fresh Produce,FRE-03,61,81,293,0
2025-01-11,DS-Utrecht-01,Fresh Produce,FRE-04,66,66,377,0
2025-01-11,DS-Utrecht-01,Fresh Produce,FRE-05,64,67,330,0
2025-01-11,DS-Utrecht-01,Fresh Produce,FRE-06,61,91,399,0
2025-01-11,DS-Utrecht-01,Dairy,DAI-01,40,37,118,0
2025-01-11,DS-Utrecht-01,Dairy,DAI-02,58,54,172,0
2025-01-11,DS-Utrecht-01,Dairy,DAI-03,53,50,166,0
2025-01-11,DS-Utrecht-01,Dairy,DAI-04,56,57,228,0
2025-01-11,DS-Utrecht-01,Dairy,DAI-05,50,65,200,0
2025-01-11,DS-Utrecht-01,Dairy,DAI-06,96,92,344,1
2025-01-11,DS-Utrecht-01,Beverages,BEV-01,95,76,337,0
2025-01-11,DS-Utrecht-01,Beverages,BEV-02,95,85,315,0
2025-01-11,DS-Utrecht-01,Beverages,BEV-03,92,58,292,0
2025-01-11,DS-Utrecht-01,Beverages,BEV-04,93,85,374,0
2025-01-11,DS-Utrecht-01,Beverages,BEV-05,92,82,378,0
2025-01-11,DS-Utrecht-01,Beverages,BEV-06,102,86,392,0
2025-01-11,DS-Utrecht-01,Snacks,SNA-01,70,63,103,0
2025-01-11,DS-Utrecht-01,Snacks,SNA-02,81,70,138,0
2025-01-11,DS-Utrecht-01,Snacks,SNA-03,127,134,178,1
2025-01-11,DS-Utrecht-01,Snacks,SNA-04,85,75,147,0
2025-01-11,DS-Utrecht-01,Snacks,SNA-05,89,56,142,0
2025-01-11,DS-Utrecht-01,Snacks,SNA-06,78,54,95,0
2025-01-11,DS-Utrecht-01,Household,HOU-01,42,34,152,0
2025-01-11,DS-Utrecht-01,Household,HOU-02,37,38,108,0
2025-01-11,DS-Utrecht-01,Household,HOU-03,46,35,146,0
2025-01-11,DS-Utrecht-01,Household,HOU-04,41,33,141,0
2025-01-11,DS-Utrecht-01,Household,HOU-05,37,37,104,0
2025-01-11,DS-Utrecht-01,Household,HOU-06,35,33,114,0
2025-01-11,DS-TheHague-01,Fresh Produce,FRE-01,51,63,273,0
2025-01-11,DS-TheHague-01,Fresh Produce,FRE-02,66,68,447,0
2025-01-11,DS-TheHague-01,Fresh Produce,FRE-03,61,60,365,0
2025-01-11,DS-TheHague-01,Fresh Produce,FRE-04,56,65,364,0
2025-01-11,DS-TheHague-01,Fresh Produce,FRE-05,51,50,312,0
2025-01-11,DS-TheHague-01,Fresh Produce,FRE-06,48,60,261,0
2025-01-11,DS-TheHague-01,Dairy,DAI-01,39,47,113,0
2025-01-11,DS-TheHague-01,Dairy,DAI-02,56,40,191,0
2025-01-11,DS-TheHague-01,Dairy,DAI-03,41,47,118,0
2025-01-11,DS-TheHague-01,Dairy,DAI-04,45,29,138,0
2025-01-11,DS-TheHague-01,Dairy,DAI-05,35,32,110,0
2025-01-11,DS-TheHague-01,Dairy,DAI-06,48,59,186,0
2025-01-11,DS-TheHague-01,Beverages,BEV-01,72,73,213,0
2025-01-11,DS-TheHague-01,Beverages,BEV-02,89,93,264,0
2025-01-11,DS-TheHague-01,Beverages,BEV-03,79,61,298,0
2025-01-11,DS-TheHague-01,Beverages,BEV-04,83,62,301,0
2025-01-11,DS-TheHague-01,Beverages,BEV-05,82,65,299,0
2025-01-11,DS-TheHague-01,Beverages,BEV-06,74,59,208,0
2025-01-11,DS-TheHague-01,Snacks,SNA-01,105,99,173,1
2025-01-11,DS-TheHague-01,Snacks,SNA-02,68,57,84,0
2025-01-11,DS-TheHague-01,Snacks,SNA-03,126,86,181,1
2025-01-11,DS-TheHague-01,Snacks,SNA-04,124,126,189,1
2025-01-11,DS-TheHague-01,Snacks,SNA-05,63,54,100,0
2025-01-11,DS-TheHague-01,Snacks,SNA-06,63,54,110,0
2025-01-11,DS-TheHague-01,Household,HOU-01,18,29,71,0
2025-01-11,DS-TheHague-01,Household,HOU-02,32,32,125,0
2025-01-11,DS-TheHague-01,Household,HOU-03,20,28,64,0
2025-01-11,DS-TheHague-01,Household,HOU-04,20,32,73,0
2025-01-11,DS-TheHague-01,Household,HOU-05,36,27,105,0
2025-01-11,DS-TheHague-01,Household,HOU-06,30,25,91,0
2025-01-12,DS-Amsterdam-01,Fresh Produce,FRE-01,70,68,498,0
2025-01-12,DS-Amsterdam-01,Fresh Produce,FRE-02,63,59,369,0
2025-01-12,DS-Amsterdam-01,Fresh Produce,FRE-03,46,65,320,0
2025-01-12,DS-Amsterdam-01,Fresh Produce,FRE-04,53,60,296,0
2025-01-12,DS-Amsterdam-01,Fresh Produce,FRE-05,48,65,282,0
2025-01-12,DS-Amsterdam-01,Fresh Produce,FRE-06,62,73,430,0
2025-01-12,DS-Amsterdam-01,Dairy,DAI-01,38,44,109,0
2025-01-12,DS-Amsterdam-01,Dairy,DAI-02,38,43,143,0
2025-01-12,DS-Amsterdam-01,Dairy,DAI-03,52,49,163,0
2025-01-12,DS-Amsterdam-01,Dairy,DAI-04,35,47,101,0
2025-01-12,DS-Amsterdam-01,Dairy,DAI-05,79,72,258,1
2025-01-12,DS-Amsterdam-01,Dairy,DAI-06,44,47,159,0
2025-01-12,DS-Amsterdam-01,Beverages,BEV-01,89,89,331,0
2025-01-12,DS-Amsterdam-01,Beverages,BEV-02,69,66,276,0
2025-01-12,DS-Amsterdam-01,Beverages,BEV-03,75,88,222,0
2025-01-12,DS-Amsterdam-01,Beverages,BEV-04,80,80,322,0
2025-01-12,DS-Amsterdam-01,Beverages,BEV-05,74,94,297,0
2025-01-12,DS-Amsterdam-01,Beverages,BEV-06,89,66,338,0
2025-01-12,DS-Amsterdam-01,Snacks,SNA-01,60,57,76,0
2025-01-12,DS-Amsterdam-01,Snacks,SNA-02,70,67,116,0
2025-01-12,DS-Amsterdam-01,Snacks,SNA-03,70,64,113,0
2025-01-12,DS-Amsterdam-01,Snacks,SNA-04,125,98,221,1
2025-01-12,DS-Amsterdam-01,Snacks,SNA-05,69,60,106,0
2025-01-12,DS-Amsterdam-01,Snacks,SNA-06,80,60,114,0
2025-01-12,DS-Amsterdam-01,Household,HOU-01,25,37,100,0
2025-01-12,DS-Amsterdam-01,Household,HOU-02,30,30,116,0
2025-01-12,DS-Amsterdam-01,Household,HOU-03,32,32,103,0
2025-01-12,DS-Amsterdam-01,Household,HOU-04,35,35,131,0
2025-01-12,DS-Amsterdam-01,Household,HOU-05,33,30,132,0
2025-01-12,DS-Amsterdam-01,Household,HOU-06,50,32,170,0
2025-01-12,DS-Amsterdam-02,Fresh Produce,FRE-01,56,55,384,0
2025-01-12,DS-Amsterdam-02,Fresh Produce,FRE-02,48,60,338,0
2025-01-12,DS-Amsterdam-02,Fresh Produce,FRE-03,45,61,313,0
2025-01-12,DS-Amsterdam-02,Fresh Produce,FRE-04,46,56,241,0
2025-01-12,DS-Amsterdam-02,Fresh Produce,FRE-05,49,68,312,0
2025-01-12,DS-Amsterdam-02,Fresh Produce,FRE-06,55,60,366,0
2025-01-12,DS-Amsterdam-02,Dairy,DAI-01,50,38,185,0
2025-01-12,DS-Amsterdam-02,Dairy,DAI-02,44,56,157,0
2025-01-12,DS-Amsterdam-02,Dairy,DAI-03,38,31,148,0
2025-01-12,DS-Amsterdam-02,Dairy,DAI-04,30,38,97,0
2025-01-12,DS-Amsterdam-02,Dairy,DAI-05,38,52,155,0
2025-01-12,DS-Amsterdam-02,Dairy,DAI-06,94,86,385,1
2025-01-12,DS-Amsterdam-02,Beverages,BEV-01,69,69,279,0
2025-01-12,DS-Amsterdam-02,Beverages,BEV-02,56,76,169,0
2025-01-12,DS-Amsterdam-02,Beverages,BEV-03,64,70,260,0
2025-01-12,DS-Amsterdam-02,Beverages,BEV-04,69,72,240,0
2025-01-12,DS-Amsterdam-02,Beverages,BEV-05,60,76,232,0
2025-01-12,DS-Amsterdam-02,Beverages,BEV-06,80,82,264,0
2025-01-12,DS-Amsterdam-02,Snacks,SNA-01,51,48,88,0
2025-01-12,DS-Amsterdam-02,Snacks,SNA-02,50,43,82,0
2025-01-12,DS-Amsterdam-02,Snacks,SNA-03,60,52,76,0
2025-01-12,DS-Amsterdam-02,Snacks,SNA-04,53,48,88,0
2025-01-12,DS-Amsterdam-02,Snacks,SNA-05,64,68,100,0
2025-01-12,DS-Amsterdam-02,Snacks,SNA-06,79,59,131,0
2025-01-12,DS-Amsterdam-02,Household,HOU-01,32,33,116,0
2025-01-12,DS-Amsterdam-02,Household,HOU-02,37,22,119,0
2025-01-12,DS-Amsterdam-02,Household,HOU-03,32,28,131,0
2025-01-12,DS-Amsterdam-02,Household,HOU-04,23,31,91,0
2025-01-12,DS-Amsterdam-02,Household,HOU-05,55,51,200,1
2025-01-12,DS-Amsterdam-02,Household,HOU-06,27,24,88,0
2025-01-12,DS-Rotterdam-01,Fresh Produce,FRE-01,55,65,309,0
2025-01-12,DS-Rotterdam-01,Fresh Produce,FRE-02,47,54,300,0
2025-01-12,DS-Rotterdam-01,Fresh Produce,FRE-03,43,70,237,0
2025-01-12,DS-Rotterdam-01,Fresh Produce,FRE-04,59,78,343,0
2025-01-12,DS-Rotterdam-01,Fresh Produce,FRE-05,50,72,336,0
2025-01-12,DS-Rotterdam-01,Fresh Produce,FRE-06,102,123,591,1
2025-01-12,DS-Rotterdam-01,Dairy,DAI-01,44,51,144,0
2025-01-12,DS-Rotterdam-01,Dairy,DAI-02,46,56,166,0
2025-01-12,DS-Rotterdam-01,Dairy,DAI-03,40,43,132,0
2025-01-12,DS-Rotterdam-01,Dairy,DAI-04,41,46,143,0
2025-01-12,DS-Rotterdam-01,Dairy,DAI-05,40,52,150,0
2025-01-12,DS-Rotterdam-01,Dairy,DAI-06,32,55,134,0
2025-01-12,DS-Rotterdam-01,Beverages,BEV-01,63,83,229,0
2025-01-12,DS-Rotterdam-01,Beverages,BEV-02,97,60,395,0
2025-01-12,DS-Rotterdam-01,Beverages,BEV-03,77,63,235,0
2025-01-12,DS-Rotterdam-01,Beverages,BEV-04,60,84,245,0
2025-01-12,DS-Rotterdam-01,Beverages,BEV-05,71,86,207,0
2025-01-12,DS-Rotterdam-01,Beverages,BEV-06,149,131,619,1
2025-01-12,DS-Rotterdam-01,Snacks,SNA-01,60,62,106,0
2025-01-12,DS-Rotterdam-01,Snacks,SNA-02,71,64,110,0
2025-01-12,DS-Rotterdam-01,Snacks,SNA-03,64,60,91,0
2025-01-12,DS-Rotterdam-01,Snacks,SNA-04,73,64,87,0
2025-01-12,DS-Rotterdam-01,Snacks,SNA-05,74,46,102,0
2025-01-12,DS-Rotterdam-01,Snacks,SNA-06,57,59,78,0
2025-01-12,DS-Rotterdam-01,Household,HOU-01,32,29,125,0
2025-01-12,DS-Rotterdam-01,Household,HOU-02,26,31,76,0
2025-01-12,DS-Rotterdam-01,Household,HOU-03,20,30,60,0
2025-01-12,DS-Rotterdam-01,Household,HOU-04,27,34,76,0
2025-01-12,DS-Rotterdam-01,Household,HOU-05,36,31,148,0
2025-01-12,DS-Rotterdam-01,Household,HOU-06,30,28,84,0
2025-01-12,DS-Utrecht-01,Fresh Produce,FRE-01,72,66,348,0
2025-01-12,DS-Utrecht-01,Fresh Produce,FRE-02,54,60,386,0
2025-01-12,DS-Utrecht-01,Fresh Produce,FRE-03,56,64,335,0
2025-01-12,DS-Utrecht-01,Fresh Produce,FRE-04,60,73,321,0
2025-01-12,DS-Utrecht-01,Fresh Produce,FRE-05,58,72,311,0
2025-01-12,DS-Utrecht-01,Fresh Produce,FRE-06,61,67,306,0
2025-01-12,DS-Utrecht-01,Dairy,DAI-01,46,42,175,0
2025-01-12,DS-Utrecht-01,Dairy,DAI-02,41,52,149,0
2025-01-12,DS-Utrecht-01,Dairy,DAI-03,50,48,186,0
2025-01-12,DS-Utrecht-01,Dairy,DAI-04,59,57,166,0
2025-01-12,DS-Utrecht-01,Dairy,DAI-05,36,55,140,0
2025-01-12,DS-Utrecht-01,Dairy,DAI-06,49,43,143,0
2025-01-12,DS-Utrecht-01,Beverages,BEV-01,88,75,355,0
2025-01-12,DS-Utrecht-01,Beverages,BEV-02,158,146,526,1
2025-01-12,DS-Utrecht-01,Beverages,BEV-03,81,85,228,0
2025-01-12,DS-Utrecht-01,Beverages,BEV-04,73,82,219,0
2025-01-12,DS-Utrecht-01,Beverages,BEV-05,76,82,283,0
2025-01-12,DS-Utrecht-01,Beverages,BEV-06,89,87,308,0
2025-01-12,DS-Utrecht-01,Snacks,SNA-01,64,47,89,0
2025-01-12,DS-Utrecht-01,Snacks,SNA-02,62,48,101,0
2025-01-12,DS-Utrecht-01,Snacks,SNA-03,86,68,119,0
2025-01-12,DS-Utrecht-01,Snacks,SNA-04,63,60,95,0
2025-01-12,DS-Utrecht-01,Snacks,SNA-05,71,46,108,0
2025-01-12,DS-Utrecht-01,Snacks,SNA-06,74,62,117,0
2025-01-12,DS-Utrecht-01,Household,HOU-01,38,39,120,0
2025-01-12,DS-Utrecht-01,Household,HOU-02,23,37,88,0
2025-01-12,DS-Utrecht-01,Household,HOU-03,29,27,86,0
2025-01-12,DS-Utrecht-01,Household,HOU-04,27,38,103,0
2025-01-12,DS-Utrecht-01,Household,HOU-05,28,36,93,0
2025-01-12,DS-Utrecht-01,Household,HOU-06,33,40,126,0
2025-01-12,DS-TheHague-01,Fresh Produce,FRE-01,54,61,384,0
2025-01-12,DS-TheHague-01,Fresh Produce,FRE-02,61,61,308,0
2025-01-12,DS-TheHague-01,Fresh Produce,FRE-03,41,64,213,0
2025-01-12,DS-TheHague-01,Fresh Produce,FRE-04,53,59,283,0
2025-01-12,DS-TheHague-01,Fresh Produce,FRE-05,55,78,325,0
2025-01-12,DS-TheHague-01,Fresh Produce,FRE-06,87,126,538,1
2025-01-12,DS-TheHague-01,Dairy,DAI-01,27,49,109,0
2025-01-12,DS-TheHague-01,Dairy,DAI-02,75,75,306,1
2025-01-12,DS-TheHague-01,Dairy,DAI-03,37,34,148,0
2025-01-12,DS-TheHague-01,Dairy,DAI-04,41,40,170,0
2025-01-12,DS-TheHague-01,Dairy,DAI-05,35,37,142,0
2025-01-12,DS-TheHague-01,Dairy,DAI-06,41,45,165,0
2025-01-12,DS-TheHague-01,Beverages,BEV-01,81,72,302,0
2025-01-12,DS-TheHague-01,Beverages,BEV-02,79,63,250,0
2025-01-12,DS-TheHague-01,Beverages,BEV-03,81,70,294,0
2025-01-12,DS-TheHague-01,Beverages,BEV-04,81,69,307,0
2025-01-12,DS-TheHague-01,Beverages,BEV-05,67,70,268,0
2025-01-12,DS-TheHague-01,Beverages,BEV-06,64,69,238,0
2025-01-12,DS-TheHague-01,Snacks,SNA-01,95,91,134,1
2025-01-12,DS-TheHague-01,Snacks,SNA-02,53,47,80,0
2025-01-12,DS-TheHague-01,Snacks,SNA-03,59,44,78,0
2025-01-12,DS-TheHague-01,Snacks,SNA-04,55,53,84,0
2025-01-12,DS-TheHague-01,Snacks,SNA-05,65,54,99,0
2025-01-12,DS-TheHague-01,Snacks,SNA-06,73,49,92,0
2025-01-12,DS-TheHague-01,Household,HOU-01,29,32,100,0
2025-01-12,DS-TheHague-01,Household,HOU-02,25,27,90,0
2025-01-12,DS-TheHague-01,Household,HOU-03,29,32,100,0
2025-01-12,DS-TheHague-01,Household,HOU-04,28,34,92,0
2025-01-12,DS-TheHague-01,Household,HOU-05,23,29,85,0
2025-01-12,DS-TheHague-01,Household,HOU-06,22,27,74,0
2025-01-13,DS-Amsterdam-01,Fresh Produce,FRE-01,41,66,289,0
2025-01-13,DS-Amsterdam-01,Fresh Produce,FRE-02,47,59,290,0
2025-01-13,DS-Amsterdam-01,Fresh Produce,FRE-03,35,71,246,0
2025-01-13,DS-Amsterdam-01,Fresh Produce,FRE-04,54,58,337,0
2025-01-13,DS-Amsterdam-01,Fresh Produce,FRE-05,54,65,370,0
2025-01-13,DS-Amsterdam-01,Fresh Produce,FRE-06,64,70,330,0
2025-01-13,DS-Amsterdam-01,Dairy,DAI-01,40,49,115,0
2025-01-13,DS-Amsterdam-01,Dairy,DAI-02,49,37,147,0
2025-01-13,DS-Amsterdam-01,Dairy,DAI-03,36,39,111,0
2025-01-13,DS-Amsterdam-01,Dairy,DAI-04,54,44,169,0
2025-01-13,DS-Amsterdam-01,Dairy,DAI-05,54,33,191,0
2025-01-13,DS-Amsterdam-01,Dairy,DAI-06,32,41,96,0
2025-01-13,DS-Amsterdam-01,Beverages,BEV-01,76,68,304,0
2025-01-13,DS-Amsterdam-01,Beverages,BEV-02,88,60,315,0
2025-01-13,DS-Amsterdam-01,Beverages,BEV-03,84,78,336,0
2025-01-13,DS-Amsterdam-01,Beverages,BEV-04,68,72,261,0
2025-01-13,DS-Amsterdam-01,Beverages,BEV-05,73,59,209,0
2025-01-13,DS-Amsterdam-01,Beverages,BEV-06,56,71,186,0
2025-01-13,DS-Amsterdam-01,Snacks,SNA-01,56,50,80,0
2025-01-13,DS-Amsterdam-01,Snacks,SNA-02,66,47,104,0
2025-01-13,DS-Amsterdam-01,Snacks,SNA-03,66,60,102,0
2025-01-13,DS-Amsterdam-01,Snacks,SNA-04,55,46,76,0
2025-01-13,DS-Amsterdam-01,Snacks,SNA-05,58,49,82,0
2025-01-13,DS-Amsterdam-01,Snacks,SNA-06,63,44,77,0
2025-01-13,DS-Amsterdam-01,Household,HOU-01,61,40,215,1
2025-01-13,DS-Amsterdam-01,Household,HOU-02,34,24,113,0
2025-01-13,DS-Amsterdam-01,Household,HOU-03,26,25,103,0
2025-01-13,DS-Amsterdam-01,Household,HOU-04,22,21,85,0
2025-01-13,DS-Amsterdam-01,Household,HOU-05,26,36,84,0
2025-01-13,DS-Amsterdam-01,Household,HOU-06,31,24,124,0
2025-01-13,DS-Amsterdam-02,Fresh Produce,FRE-01,51,55,302,0
2025-01-13,DS-Amsterdam-02,Fresh Produce,FRE-02,49,48,248,0
2025-01-13,DS-Amsterdam-02,Fresh Produce,FRE-03,44,51,223,0
2025-01-13,DS-Amsterdam-02,Fresh Produce,FRE-04,48,56,307,0
2025-01-13,DS-Amsterdam-02,Fresh Produce,FRE-05,41,64,263,0
2025-01-13,DS-Amsterdam-02,Fresh Produce,FRE-06,41,60,211,0
2025-01-13,DS-Amsterdam-02,Dairy,DAI-01,46,38,129,0
2025-01-13,DS-Amsterdam-02,Dairy,DAI-02,35,33,105,0
2025-01-13,DS-Amsterdam-02,Dairy,DAI-03,65,69,256,1
2025-01-13,DS-Amsterdam-02,Dairy,DAI-04,34,28,128,0
2025-01-13,DS-Amsterdam-02,Dairy,DAI-05,29,28,112,0
2025-01-13,DS-Amsterdam-02,Dairy,DAI-06,44,43,178,0
2025-01-13,DS-Amsterdam-02,Beverages,BEV-01,56,58,223,0
2025-01-13,DS-Amsterdam-02,Beverages,BEV-02,110,145,376,1
2025-01-13,DS-Amsterdam-02,Beverages,BEV-03,44,69,156,0
2025-01-13,DS-Amsterdam-02,Beverages,BEV-04,57,45,225,0
2025-01-13,DS-Amsterdam-02,Beverages,BEV-05,59,56,176,0
2025-01-13,DS-Amsterdam-02,Beverages,BEV-06,74,61,239,0
2025-01-13,DS-Amsterdam-02,Snacks,SNA-01,45,53,55,0
2025-01-13,DS-Amsterdam-02,Snacks,SNA-02,42,51,63,0
2025-01-13,DS-Amsterdam-02,Snacks,SNA-03,100,101,178,1
2025-01-13,DS-Amsterdam-02,Snacks,SNA-04,54,55,73,0
2025-01-13,DS-Amsterdam-02,Snacks,SNA-05,49,36,62,0
2025-01-13,DS-Amsterdam-02,Snacks,SNA-06,45,39,59,0
2025-01-13,DS-Amsterdam-02,Household,HOU-01,17,17,59,0
2025-01-13,DS-Amsterdam-02,Household,HOU-02,29,19,92,0
2025-01-13,DS-Amsterdam-02,Household,HOU-03,26,21,88,0
2025-01-13,DS-Amsterdam-02,Household,HOU-04,21,21,78,0
2025-01-13,DS-Amsterdam-02,Household,HOU-05,22,21,86,0
2025-01-13,DS-Amsterdam-02,Household,HOU-06,27,25,87,0
2025-01-13,DS-Rotterdam-01,Fresh Produce,FRE-01,50,41,300,0
2025-01-13,DS-Rotterdam-01,Fresh Produce,FRE-02,41,55,240,0
2025-01-13,DS-Rotterdam-01,Fresh Produce,FRE-03,37,64,243,0
2025-01-13,DS-Rotterdam-01,Fresh Produce,FRE-04,54,60,339,0
2025-01-13,DS-Rotterdam-01,Fresh Produce,FRE-05,60,45,351,0
2025-01-13,DS-Rotterdam-01,Fresh Produce,FRE-06,53,50,309,0
2025-01-13,DS-Rotterdam-01,Dairy,DAI-01,42,31,132,0
2025-01-13,DS-Rotterdam-01,Dairy,DAI-02,26,43,85,0
2025-01-13,DS-Rotterdam-01,Dairy,DAI-03,80,63,247,1
2025-01-13,DS-Rotterdam-01,Dairy,DAI-04,41,39,116,0
2025-01-13,DS-Rotterdam-01,Dairy,DAI-05,33,37,109,0
2025-01-13,DS-Rotterdam-01,Dairy,DAI-06,40,37,164,0
2025-01-13,DS-Rotterdam-01,Beverages,BEV-01,70,61,213,0
2025-01-13,DS-Rotterdam-01,Beverages,BEV-02,78,62,265,0
2025-01-13,DS-Rotterdam-01,Beverages,BEV-03,80,70,279,0
2025-01-13,DS-Rotterdam-01,Beverages,BEV-04,70,83,220,0
2025-01-13,DS-Rotterdam-01,Beverages,BEV-05,63,60,264,0
2025-01-13,DS-Rotterdam-01,Beverages,BEV-06,88,63,341,0
2025-01-13,DS-Rotterdam-01,Snacks,SNA-01,50,46,81,0
2025-01-13,DS-Rotterdam-01,Snacks,SNA-02,64,60,112,0
2025-01-13,DS-Rotterdam-01,Snacks,SNA-03,69,42,109,0
2025-01-13,DS-Rotterdam-01,Snacks,SNA-04,60,59,84,0
2025-01-13,DS-Rotterdam-01,Snacks,SNA-05,49,46,81,0
2025-01-13,DS-Rotterdam-01,Snacks,SNA-06,58,56,85,0
2025-01-13,DS-Rotterdam-01,Household,HOU-01,34,25,139,0
2025-01-13,DS-Rotterdam-01,Household,HOU-02,25,27,85,0
2025-01-13,DS-Rotterdam-01,Household,HOU-03,30,25,108,0
2025-01-13,DS-Rotterdam-01,Household,HOU-04,17,28,65,0
2025-01-13,DS-Rotterdam-01,Household,HOU-05,20,30,80,0
2025-01-13,DS-Rotterdam-01,Household,HOU-06,23,25,72,0
2025-01-13,DS-Utrecht-01,Fresh Produce,FRE-01,62,47,388,0
2025-01-13,DS-Utrecht-01,Fresh Produce,FRE-02,53,45,275,0
2025-01-13,DS-Utrecht-01,Fresh Produce,FRE-03,54,51,307,0
2025-01-13,DS-Utrecht-01,Fresh Produce,FRE-04,63,63,341,0
2025-01-13,DS-Utrecht-01,Fresh Produce,FRE-05,43,48,267,0
2025-01-13,DS-Utrecht-01,Fresh Produce,FRE-06,48,47,315,0
2025-01-13,DS-Utrecht-01,Dairy,DAI-01,37,35,109,0
2025-01-13,DS-Utrecht-01,Dairy,DAI-02,42,35,120,0
2025-01-13,DS-Utrecht-01,Dairy,DAI-03,72,69,210,1
2025-01-13,DS-Utrecht-01,Dairy,DAI-04,43,33,148,0
2025-01-13,DS-Utrecht-01,Dairy,DAI-05,46,32,137,0
2025-01-13,DS-Utrecht-01,Dairy,DAI-06,36,40,123,0
2025-01-13,DS-Utrecht-01,Beverages,BEV-01,118,116,350,1
2025-01-13,DS-Utrecht-01,Beverages,BEV-02,73,67,264,0
2025-01-13,DS-Utrecht-01,Beverages,BEV-03,85,51,356,0
2025-01-13,DS-Utrecht-01,Beverages,BEV-04,72,77,252,0
2025-01-13,DS-Utrecht-01,Beverages,BEV-05,57,55,170,0
2025-01-13,DS-Utrecht-01,Beverages,BEV-06,115,90,444,1
2025-01-13,DS-Utrecht-01,Snacks,SNA-01,68,46,108,0
2025-01-13,DS-Utrecht-01,Snacks,SNA-02,53,51,78,0
2025-01-13,DS-Utrecht-01,Snacks,SNA-03,54,45,95,0
2025-01-13,DS-Utrecht-01,Snacks,SNA-04,64,56,92,0
2025-01-13,DS-Utrecht-01,Snacks,SNA-05,47,56,60,0
2025-01-13,DS-Utrecht-01,Snacks,SNA-06,55,58,79,0
2025-01-13,DS-Utrecht-01,Household,HOU-01,50,50,157,1
2025-01-13,DS-Utrecht-01,Household,HOU-02,30,21,84,0
2025-01-13,DS-Utrecht-01,Household,HOU-03,37,22,143,0
2025-01-13,DS-Utrecht-01,Household,HOU-04,49,43,137,1
2025-01-13,DS-Utrecht-01,Household,HOU-05,25,24,79,0
2025-01-13,DS-Utrecht-01,Household,HOU-06,31,24,95,0
2025-01-13,DS-TheHague-01,Fresh Produce,FRE-01,40,46,279,0
2025-01-13,DS-TheHague-01,Fresh Produce,FRE-02,43,57,245,0
2025-01-13,DS-TheHague-01,Fresh Produce,FRE-03,42,47,290,0
2025-01-13,DS-TheHague-01,Fresh Produce,FRE-04,74,80,382,1
2025-01-13,DS-TheHague-01,Fresh Produce,FRE-05,45,50,284,0
2025-01-13,DS-TheHague-01,Fresh Produce,FRE-06,43,52,298,0
2025-01-13,DS-TheHague-01,Dairy,DAI-01,24,36,83,0
2025-01-13,DS-TheHague-01,Dairy,DAI-02,27,37,80,0
2025-01-13,DS-TheHague-01,Dairy,DAI-03,32,31,93,0
2025-01-13,DS-TheHague-01,Dairy,DAI-04,35,32,129,0
2025-01-13,DS-TheHague-01,Dairy,DAI-05,39,36,154,0
2025-01-13,DS-TheHague-01,Dairy,DAI-06,41,37,132,0
2025-01-13,DS-TheHague-01,Beverages,BEV-01,56,54,163,0
2025-01-13,DS-TheHague-01,Beverages,BEV-02,52,36,154,0
2025-01-13,DS-TheHague-01,Beverages,BEV-03,59,45,222,0
2025-01-13,DS-TheHague-01,Beverages,BEV-04,46,63,153,0
2025-01-13,DS-TheHague-01,Beverages,BEV-05,52,63,192,0
2025-01-13,DS-TheHague-01,Beverages,BEV-06,54,66,224,0
2025-01-13,DS-TheHague-01,Snacks,SNA-01,61,40,96,0
2025-01-13,DS-TheHague-01,Snacks,SNA-02,48,44,59,0
2025-01-13,DS-TheHague-01,Snacks,SNA-03,53,58,67,0
2025-01-13,DS-TheHague-01,Snacks,SNA-04,44,40,74,0
2025-01-13,DS-TheHague-01,Snacks,SNA-05,48,47,82,0
2025-01-13,DS-TheHague-01,Snacks,SNA-06,52,48,74,0
2025-01-13,DS-TheHague-01,Household,HOU-01,11,25,34,0
2025-01-13,DS-TheHague-01,Household,HOU-02,19,17,73,0
2025-01-13,DS-TheHague-01,Household,HOU-03,18,22,53,0
2025-01-13,DS-TheHague-01,Household,HOU-04,30,22,121,0
2025-01-13,DS-TheHague-01,Household,HOU-05,27,20,86,0
2025-01-13,DS-TheHague-01,Household,HOU-06,17,16,56,0
2025-01-14,DS-Amsterdam-01,Fresh Produce,FRE-01,53,56,279,0
2025-01-14,DS-Amsterdam-01,Fresh Produce,FRE-02,31,43,159,0
2025-01-14,DS-Amsterdam-01,Fresh Produce,FRE-03,51,58,340,0
2025-01-14,DS-Amsterdam-01,Fresh Produce,FRE-04,32,62,197,0
2025-01-14,DS-Amsterdam-01,Fresh Produce,FRE-05,46,57,236,0
2025-01-14,DS-Amsterdam-01,Fresh Produce,FRE-06,52,59,330,0
2025-01-14,DS-Amsterdam-01,Dairy,DAI-01,31,38,118,0
2025-01-14,DS-Amsterdam-01,Dairy,DAI-02,36,33,108,0
2025-01-14,DS-Amsterdam-01,Dairy,DAI-03,38,39,107,0
2025-01-14,DS-Amsterdam-01,Dairy,DAI-04,30,35,107,0
2025-01-14,DS-Amsterdam-01,Dairy,DAI-05,33,37,110,0
2025-01-14,DS-Amsterdam-01,Dairy,DAI-06,33,34,122,0
2025-01-14,DS-Amsterdam-01,Beverages,BEV-01,70,67,201,0
2025-01-14,DS-Amsterdam-01,Beverages,BEV-02,68,66,246,0
2025-01-14,DS-Amsterdam-01,Beverages,BEV-03,62,56,190,0
2025-01-14,DS-Amsterdam-01,Beverages,BEV-04,50,71,160,0
2025-01-14,DS-Amsterdam-01,Beverages,BEV-05,60,61,193,0
2025-01-14,DS-Amsterdam-01,Beverages,BEV-06,58,51,241,0
2025-01-14,DS-Amsterdam-01,Snacks,SNA-01,64,30,108,0
2025-01-14,DS-Amsterdam-01,Snacks,SNA-02,54,48,71,0
2025-01-14,DS-Amsterdam-01,Snacks,SNA-03,60,43,79,0
2025-01-14,DS-Amsterdam-01,Snacks,SNA-04,57,45,77,0
2025-01-14,DS-Amsterdam-01,Snacks,SNA-05,48,53,61,0
2025-01-14,DS-Amsterdam-01,Snacks,SNA-06,51,42,81,0
2025-01-14,DS-Amsterdam-01,Household,HOU-01,25,22,101,0
2025-01-14,DS-Amsterdam-01,Household,HOU-02,18,24,63,0
2025-01-14,DS-Amsterdam-01,Household,HOU-03,26,20,86,0
2025-01-14,DS-Amsterdam-01,Household,HOU-04,24,23,80,0
2025-01-14,DS-Amsterdam-01,Household,HOU-05,13,29,44,0
2025-01-14,DS-Amsterdam-01,Household,HOU-06,42,53,131,1
2025-01-14,DS-Amsterdam-02,Fresh Produce,FRE-01,37,40,206,0
2025-01-14,DS-Amsterdam-02,Fresh Produce,FRE-02,43,40,249,0
2025-01-14,DS-Amsterdam-02,Fresh Produce,FRE-03,31,37,167,0
2025-01-14,DS-Amsterdam-02,Fresh Produce,FRE-04,35,46,232,0
2025-01-14,DS-Amsterdam-02,Fresh Produce,FRE-05,35,42,197,0
2025-01-14,DS-Amsterdam-02,Fresh Produce,FRE-06,36,35,244,0
2025-01-14,DS-Amsterdam-02,Dairy,DAI-01,21,28,75,0
2025-01-14,DS-Amsterdam-02,Dairy,DAI-02,24,31,72,0
2025-01-14,DS-Amsterdam-02,Dairy,DAI-03,34,21,138,0
2025-01-14,DS-Amsterdam-02,Dairy,DAI-04,31,26,95,0
2025-01-14,DS-Amsterdam-02,Dairy,DAI-05,31,31,100,0
2025-01-14,DS-Amsterdam-02,Dairy,DAI-06,26,24,101,0
2025-01-14,DS-Amsterdam-02,Beverages,BEV-01,39,48,150,0
2025-01-14,DS-Amsterdam-02,Beverages,BEV-02,46,53,162,0
2025-01-14,DS-Amsterdam-02,Beverages,BEV-03,49,52,142,0
2025-01-14,DS-Amsterdam-02,Beverages,BEV-04,49,50,203,0
2025-01-14,DS-Amsterdam-02,Beverages,BEV-05,41,51,159,0
2025-01-14,DS-Amsterdam-02,Beverages,BEV-06,61,47,248,0
2025-01-14,DS-Amsterdam-02,Snacks,SNA-01,47,34,73,0
2025-01-14,DS-Amsterdam-02,Snacks,SNA-02,51,37,79,0
2025-01-14,DS-Amsterdam-02,Snacks,SNA-03,42,33,72,0
2025-01-14,DS-Amsterdam-02,Snacks,SNA-04,48,42,80,0
2025-01-14,DS-Amsterdam-02,Snacks,SNA-05,48,29,76,0
2025-01-14,DS-Amsterdam-02,Snacks,SNA-06,46,35,80,0
2025-01-14,DS-Amsterdam-02,Household,HOU-01,22,17,76,0
2025-01-14,DS-Amsterdam-02,Household,HOU-02,23,20,93,0
2025-01-14,DS-Amsterdam-02,Household,HOU-03,24,19,89,0
2025-01-14,DS-Amsterdam-02,Household,HOU-04,22,20,64,0
2025-01-14,DS-Amsterdam-02,Household,HOU-05,22,19,87,0
2025-01-14,DS-Amsterdam-02,Household,HOU-06,18,20,58,0
2025-01-14,DS-Rotterdam-01,Fresh Produce,FRE-01,37,43,206,0
2025-01-14,DS-Rotterdam-01,Fresh Produce,FRE-02,24,45,168,0
2025-01-14,DS-Rotterdam-01,Fresh Produce,FRE-03,31,40,154,0
2025-01-14,DS-Rotterdam-01,Fresh Produce,FRE-04,62,76,437,1
2025-01-14,DS-Rotterdam-01,Fresh Produce,FRE-05,34,38,185,0
2025-01-14,DS-Rotterdam-01,Fresh Produce,FRE-06,37,37,184,0
2025-01-14,DS-Rotterdam-01,Dairy,DAI-01,58,57,230,1
2025-01-14,DS-Rotterdam-01,Dairy,DAI-02,57,48,178,1
2025-01-14,DS-Rotterdam-01,Dairy,DAI-03,33,32,115,0
2025-01-14,DS-Rotterdam-01,Dairy,DAI-04,26,21,92,0
2025-01-14,DS-Rotterdam-01,Dairy,DAI-05,30,24,111,0
2025-01-14,DS-Rotterdam-01,Dairy,DAI-06,21,23,82,0
2025-01-14,DS-Rotterdam-01,Beverages,BEV-01,46,39,129,0
2025-01-14,DS-Rotterdam-01,Beverages,BEV-02,55,53,226,0
2025-01-14,DS-Rotterdam-01,Beverages,BEV-03,54,45,210,0
2025-01-14,DS-Rotterdam-01,Beverages,BEV-04,45,46,154,0
2025-01-14,DS-Rotterdam-01,Beverages,BEV-05,47,48,146,0
2025-01-14,DS-Rotterdam-01,Beverages,BEV-06,37,43,152,0
2025-01-14,DS-Rotterdam-01,Snacks,SNA-01,41,35,49,0
2025-01-14,DS-Rotterdam-01,Snacks,SNA-02,46,40,80,0
2025-01-14,DS-Rotterdam-01,Snacks,SNA-03,37,35,50,0
2025-01-14,DS-Rotterdam-01,Snacks,SNA-04,48,31,68,0
2025-01-14,DS-Rotterdam-01,Snacks,SNA-05,45,37,75,0
2025-01-14,DS-Rotterdam-01,Snacks,SNA-06,36,29,46,0
2025-01-14,DS-Rotterdam-01,Household,HOU-01,14,15,46,0
2025-01-14,DS-Rotterdam-01,Household,HOU-02,18,22,70,0
2025-01-14,DS-Rotterdam-01,Household,HOU-03,21,18,82,0
2025-01-14,DS-Rotterdam-01,Household,HOU-04,22,17,68,0
2025-01-14,DS-Rotterdam-01,Household,HOU-05,17,18,68,0
2025-01-14,DS-Rotterdam-01,Household,HOU-06,33,29,96,1
2025-01-14,DS-Utrecht-01,Fresh Produce,FRE-01,37,39,234,0
2025-01-14,DS-Utrecht-01,Fresh Produce,FRE-02,38,47,210,0
2025-01-14,DS-Utrecht-01,Fresh Produce,FRE-03,45,49,251,0
2025-01-14,DS-Utrecht-01,Fresh Produce,FRE-04,44,42,286,0
2025-01-14,DS-Utrecht-01,Fresh Produce,FRE-05,35,43,208,0
2025-01-14,DS-Utrecht-01,Fresh Produce,FRE-06,44,48,240,0
2025-01-14,DS-Utrecht-01,Dairy,DAI-01,34,39,131,0
2025-01-14,DS-Utrecht-01,Dairy,DAI-02,27,34,95,0
2025-01-14,DS-Utrecht-01,Dairy,DAI-03,43,31,156,0
2025-01-14,DS-Utrecht-01,Dairy,DAI-04,39,34,135,0
2025-01-14,DS-Utrecht-01,Dairy,DAI-05,29,29,116,0
2025-01-14,DS-Utrecht-01,Dairy,DAI-06,32,27,92,0
2025-01-14,DS-Utrecht-01,Beverages,BEV-01,60,55,186,0
2025-01-14,DS-Utrecht-01,Beverages,BEV-02,63,48,229,0
2025-01-14,DS-Utrecht-01,Beverages,BEV-03,65,52,264,0
2025-01-14,DS-Utrecht-01,Beverages,BEV-04,56,53,209,0
2025-01-14,DS-Utrecht-01,Beverages,BEV-05,51,62,157,0
2025-01-14,DS-Utrecht-01,Beverages,BEV-06,57,53,208,0
2025-01-14,DS-Utrecht-01,Snacks,SNA-01,52,37,89,0
2025-01-14,DS-Utrecht-01,Snacks,SNA-02,40,52,62,0
2025-01-14,DS-Utrecht-01,Snacks,SNA-03,52,47,77,0
2025-01-14,DS-Utrecht-01,Snacks,SNA-04,54,37,94,0
2025-01-14,DS-Utrecht-01,Snacks,SNA-05,96,76,155,1
2025-01-14,DS-Utrecht-01,Snacks,SNA-06,53,47,80,0
2025-01-14,DS-Utrecht-01,Household,HOU-01,18,20,64,0
2025-01-14,DS-Utrecht-01,Household,HOU-02,29,24,118,0
2025-01-14,DS-Utrecht-01,Household,HOU-03,20,26,60,0
2025-01-14,DS-Utrecht-01,Household,HOU-04,26,23,105,0
2025-01-14,DS-Utrecht-01,Household,HOU-05,15,21,61,0
2025-01-14,DS-Utrecht-01,Household,HOU-06,20,22,68,0
2025-01-14,DS-TheHague-01,Fresh Produce,FRE-01,45,46,221,0
2025-01-14,DS-TheHague-01,Fresh Produce,FRE-02,40,46,198,0
2025-01-14,DS-TheHague-01,Fresh Produce,FRE-03,40,44,262,0
2025-01-14,DS-TheHague-01,Fresh Produce,FRE-04,36,45,182,0
2025-01-14,DS-TheHague-01,Fresh Produce,FRE-05,50,53,317,0
2025-01-14,DS-TheHague-01,Fresh Produce,FRE-06,79,86,487,1
2025-01-14,DS-TheHague-01,Dairy,DAI-01,29,38,121,0
2025-01-14,DS-TheHague-01,Dairy,DAI-02,29,31,103,0
2025-01-14,DS-TheHague-01,Dairy,DAI-03,27,33,113,0
2025-01-14,DS-TheHague-01,Dairy,DAI-04,40,35,159,0
2025-01-14,DS-TheHague-01,Dairy,DAI-05,31,36,122,0
2025-01-14,DS-TheHague-01,Dairy,DAI-06,33,45,122,0
2025-01-14,DS-TheHague-01,Beverages,BEV-01,63,56,194,0
2025-01-14,DS-TheHague-01,Beverages,BEV-02,53,40,219,0
2025-01-14,DS-TheHague-01,Beverages,BEV-03,59,49,218,0
2025-01-14,DS-TheHague-01,Beverages,BEV-04,79,65,281,0
2025-01-14,DS-TheHague-01,Beverages,BEV-05,60,50,173,0
2025-01-14,DS-TheHague-01,Beverages,BEV-06,55,61,157,0
2025-01-14,DS-TheHague-01,Snacks,SNA-01,87,87,145,1
2025-01-14,DS-TheHague-01,Snacks,SNA-02,46,35,75,0
2025-01-14,DS-TheHague-01,Snacks,SNA-03,101,73,158,1
2025-01-14,DS-TheHague-01,Snacks,SNA-04,58,40,71,0
2025-01-14,DS-TheHague-01,Snacks,SNA-05,62,48,94,0
2025-01-14,DS-TheHague-01,Snacks,SNA-06,44,40,54,0
2025-01-14,DS-TheHague-01,Household,HOU-01,22,22,82,0
2025-01-14,DS-TheHague-01,Household,HOU-02,26,25,90,0
2025-01-14,DS-TheHague-01,Household,HOU-03,46,44,136,1
2025-01-14,DS-TheHague-01,Household,HOU-04,27,24,85,0
2025-01-14,DS-TheHague-01,Household,HOU-05,21,25,65,0
2025-01-14,DS-TheHague-01,Household,HOU-06,29,24,118,0
2025-01-15,DS-Amsterdam-01,Fresh Produce,FRE-01,45,47,280,0
2025-01-15,DS-Amsterdam-01,Fresh Produce,FRE-02,33,45,194,0
2025-01-15,DS-Amsterdam-01,Fresh Produce,FRE-03,43,48,253,0
2025-01-15,DS-Amsterdam-01,Fresh Produce,FRE-04,41,50,291,0
2025-01-15,DS-Amsterdam-01,Fresh Produce,FRE-05,76,104,443,1
2025-01-15,DS-Amsterdam-01,Fresh Produce,FRE-06,41,47,256,0
2025-01-15,DS-Amsterdam-01,Dairy,DAI-01,30,34,105,0
2025-01-15,DS-Amsterdam-01,Dairy,DAI-02,24,34,87,0
2025-01-15,DS-Amsterdam-01,Dairy,DAI-03,37,27,116,0
2025-01-15,DS-Amsterdam-01,Dairy,DAI-04,39,35,131,0
2025-01-15,DS-Amsterdam-01,Dairy,DAI-05,34,36,132,0
2025-01-15,DS-Amsterdam-01,Dairy,DAI-06,28,29,117,0
2025-01-15,DS-Amsterdam-01,Beverages,BEV-01,59,62,195,0
2025-01-15,DS-Amsterdam-01,Beverages,BEV-02,59,54,235,0
2025-01-15,DS-Amsterdam-01,Beverages,BEV-03,50,53,190,0
2025-01-15,DS-Amsterdam-01,Beverages,BEV-04,54,47,167,0
2025-01-15,DS-Amsterdam-01,Beverages,BEV-05,89,90,304,1
2025-01-15,DS-Amsterdam-01,Beverages,BEV-06,98,92,323,1
2025-01-15,DS-Amsterdam-01,Snacks,SNA-01,54,46,76,0
2025-01-15,DS-Amsterdam-01,Snacks,SNA-02,48,43,81,0
2025-01-15,DS-Amsterdam-01,Snacks,SNA-03,77,84,113,1
2025-01-15,DS-Amsterdam-01,Snacks,SNA-04,49,36,76,0
2025-01-15,DS-Amsterdam-01,Snacks,SNA-05,78,86,120,1
2025-01-15,DS-Amsterdam-01,Snacks,SNA-06,52,42,91,0
2025-01-15,DS-Amsterdam-01,Household,HOU-01,16,27,60,0
2025-01-15,DS-Amsterdam-01,Household,HOU-02,22,22,84,0
2025-01-15,DS-Amsterdam-01,Household,HOU-03,25,23,70,0
2025-01-15,DS-Amsterdam-01,Household,HOU-04,30,24,106,0
2025-01-15,DS-Amsterdam-01,Household,HOU-05,36,45,116,1
2025-01-15,DS-Amsterdam-01,Household,HOU-06,18,23,65,0
2025-01-15,DS-Amsterdam-02,Fresh Produce,FRE-01,42,40,215,0
2025-01-15,DS-Amsterdam-02,Fresh Produce,FRE-02,36,40,180,0
2025-01-15,DS-Amsterdam-02,Fresh Produce,FRE-03,30,40,202,0
2025-01-15,DS-Amsterdam-02,Fresh Produce,FRE-04,39,46,262,0
2025-01-15,DS-Amsterdam-02,Fresh Produce,FRE-05,37,45,193,0
2025-01-15,DS-Amsterdam-02,Fresh Produce,FRE-06,51,40,311,0
2025-01-15,DS-Amsterdam-02,Dairy,DAI-01,27,22,92,0
2025-01-15,DS-Amsterdam-02,Dairy,DAI-02,30,28,113,0
2025-01-15,DS-Amsterdam-02,Dairy,DAI-03,33,29,95,0
2025-01-15,DS-Amsterdam-02,Dairy,DAI-04,36,23,104,0
2025-01-15,DS-Amsterdam-02,Dairy,DAI-05,25,31,79,0
2025-01-15,DS-Amsterdam-02,Dairy,DAI-06,24,29,82,0
2025-01-15,DS-Amsterdam-02,Beverages,BEV-01,59,53,200,0
2025-01-15,DS-Amsterdam-02,Beverages,BEV-02,54,50,203,0
2025-01-15,DS-Amsterdam-02,Beverages,BEV-03,57,61,167,0
2025-01-15,DS-Amsterdam-02,Beverages,BEV-04,57,56,186,0
2025-01-15,DS-Amsterdam-02,Beverages,BEV-05,64,49,197,0
2025-01-15,DS-Amsterdam-02,Beverages,BEV-06,83,102,321,1
2025-01-15,DS-Amsterdam-02,Snacks,SNA-01,53,30,67,0
2025-01-15,DS-Amsterdam-02,Snacks,SNA-02,59,43,93,0
2025-01-15,DS-Amsterdam-02,Snacks,SNA-03,49,42,78,0
2025-01-15,DS-Amsterdam-02,Snacks,SNA-04,36,39,63,0
2025-01-15,DS-Amsterdam-02,Snacks,SNA-05,48,40,60,0
2025-01-15,DS-Amsterdam-02,Snacks,SNA-06,55,41,98,0
2025-01-15,DS-Amsterdam-02,Household,HOU-01,18,23,72,0
2025-01-15,DS-Amsterdam-02,Household,HOU-02,23,22,66,0
2025-01-15,DS-Amsterdam-02,Household,HOU-03,19,20,79,0
2025-01-15,DS-Amsterdam-02,Household,HOU-04,21,16,82,0
2025-01-15,DS-Amsterdam-02,Household,HOU-05,24,18,88,0
2025-01-15,DS-Amsterdam-02,Household,HOU-06,24,15,92,0
2025-01-15,DS-Rotterdam-01,Fresh Produce,FRE-01,32,48,190,0
2025-01-15,DS-Rotterdam-01,Fresh Produce,FRE-02,38,37,227,0
2025-01-15,DS-Rotterdam-01,Fresh Produce,FRE-03,33,47,199,0
2025-01-15,DS-Rotterdam-01,Fresh Produce,FRE-04,40,43,216,0
2025-01-15,DS-Rotterdam-01,Fresh Produce,FRE-05,50,42,251,0
2025-01-15,DS-Rotterdam-01,Fresh Produce,FRE-06,44,38,315,0
2025-01-15,DS-Rotterdam-01,Dairy,DAI-01,36,35,132,0
2025-01-15,DS-Rotterdam-01,Dairy,DAI-02,23,25,75,0
2025-01-15,DS-Rotterdam-01,Dairy,DAI-03,27,32,104,0
2025-01-15,DS-Rotterdam-01,Dairy,DAI-04,35,31,112,0
2025-01-15,DS-Rotterdam-01,Dairy,DAI-05,35,27,136,0
2025-01-15,DS-Rotterdam-01,Dairy,DAI-06,28,33,96,0
2025-01-15,DS-Rotterdam-01,Beverages,BEV-01,57,44,206,0
2025-01-15,DS-Rotterdam-01,Beverages,BEV-02,62,48,193,0
2025-01-15,DS-Rotterdam-01,Beverages,BEV-03,58,59,165,0
2025-01-15,DS-Rotterdam-01,Beverages,BEV-04,63,53,196,0
2025-01-15,DS-Rotterdam-01,Beverages,BEV-05,53,50,220,0
2025-01-15,DS-Rotterdam-01,Beverages,BEV-06,51,58,213,0
2025-01-15,DS-Rotterdam-01,Snacks,SNA-01,103,49,150,1
2025-01-15,DS-Rotterdam-01,Snacks,SNA-02,36,34,51,0
2025-01-15,DS-Rotterdam-01,Snacks,SNA-03,53,27,85,0
2025-01-15,DS-Rotterdam-01,Snacks,SNA-04,47,34,67,0
2025-01-15,DS-Rotterdam-01,Snacks,SNA-05,47,35,65,0
2025-01-15,DS-Rotterdam-01,Snacks,SNA-06,38,39,51,0
2025-01-15,DS-Rotterdam-01,Household,HOU-01,22,20,75,0
2025-01-15,DS-Rotterdam-01,Household,HOU-02,24,21,83,0
2025-01-15,DS-Rotterdam-01,Household,HOU-03,19,18,73,0
2025-01-15,DS-Rotterdam-01,Household,HOU-04,26,23,81,0
2025-01-15,DS-Rotterdam-01,Household,HOU-05,20,18,62,0
2025-01-15,DS-Rotterdam-01,Household,HOU-06,21,20,79,0
2025-01-15,DS-Utrecht-01,Fresh Produce,FRE-01,52,57,304,0
2025-01-15,DS-Utrecht-01,Fresh Produce,FRE-02,37,51,192,0
2025-01-15,DS-Utrecht-01,Fresh Produce,FRE-03,77,95,465,1
2025-01-15,DS-Utrecht-01,Fresh Produce,FRE-04,48,57,314,0
2025-01-15,DS-Utrecht-01,Fresh Produce,FRE-05,56,53,398,0
2025-01-15,DS-Utrecht-01,Fresh Produce,FRE-06,71,107,501,1
2025-01-15,DS-Utrecht-01,Dairy,DAI-01,32,32,118,0
2025-01-15,DS-Utrecht-01,Dairy,DAI-02,30,33,109,0
2025-01-15,DS-Utrecht-01,Dairy,DAI-03,45,36,140,0
2025-01-15,DS-Utrecht-01,Dairy,DAI-04,51,29,204,0
2025-01-15,DS-Utrecht-01,Dairy,DAI-05,37,37,138,0
2025-01-15,DS-Utrecht-01,Dairy,DAI-06,43,37,164,0
2025-01-15,DS-Utrecht-01,Beverages,BEV-01,65,70,198,0
2025-01-15,DS-Utrecht-01,Beverages,BEV-02,64,53,208,0
2025-01-15,DS-Utrecht-01,Beverages,BEV-03,58,52,224,0
2025-01-15,DS-Utrecht-01,Beverages,BEV-04,76,74,255,0
2025-01-15,DS-Utrecht-01,Beverages,BEV-05,64,75,242,0
2025-01-15,DS-Utrecht-01,Beverages,BEV-06,71,56,233,0
2025-01-15,DS-Utrecht-01,Snacks,SNA-01,53,47,95,0
2025-01-15,DS-Utrecht-01,Snacks,SNA-02,53,47,66,0
2025-01-15,DS-Utrecht-01,Snacks,SNA-03,54,51,95,0
2025-01-15,DS-Utrecht-01,Snacks,SNA-04,65,43,88,0
2025-01-15,DS-Utrecht-01,Snacks,SNA-05,108,93,162,1
2025-01-15,DS-Utrecht-01,Snacks,SNA-06,48,41,86,0
2025-01-15,DS-Utrecht-01,Household,HOU-01,43,26,152,0
2025-01-15,DS-Utrecht-01,Household,HOU-02,27,20,106,0
2025-01-15,DS-Utrecht-01,Household,HOU-03,54,36,219,1
2025-01-15,DS-Utrecht-01,Household,HOU-04,24,27,98,0
2025-01-15,DS-Utrecht-01,Household,HOU-05,47,44,176,1
2025-01-15,DS-Utrecht-01,Household,HOU-06,18,18,74,0
2025-01-15,DS-TheHague-01,Fresh Produce,FRE-01,47,64,241,0
2025-01-15,DS-TheHague-01,Fresh Produce,FRE-02,50,46,334,0
2025-01-15,DS-TheHague-01,Fresh Produce,FRE-03,56,56,302,0
2025-01-15,DS-TheHague-01,Fresh Produce,FRE-04,46,44,271,0
2025-01-15,DS-TheHague-01,Fresh Produce,FRE-05,61,52,434,0
2025-01-15,DS-TheHague-01,Fresh Produce,FRE-06,99,111,709,1
2025-01-15,DS-TheHague-01,Dairy,DAI-01,44,32,144,0
2025-01-15,DS-TheHague-01,Dairy,DAI-02,45,39,133,0
2025-01-15,DS-TheHague-01,Dairy,DAI-03,29,31,109,0
2025-01-15,DS-TheHague-01,Dairy,DAI-04,75,76,240,1
2025-01-15,DS-TheHague-01,Dairy,DAI-05,42,43,141,0
2025-01-15,DS-TheHague-01,Dairy,DAI-06,45,46,156,0
2025-01-15,DS-TheHague-01,Beverages,BEV-01,73,64,300,0
2025-01-15,DS-TheHague-01,Beverages,BEV-02,68,50,209,0
2025-01-15,DS-TheHague-01,Beverages,BEV-03,76,65,292,0
2025-01-15,DS-TheHague-01,Beverages,BEV-04,80,65,331,0
2025-01-15,DS-TheHague-01,Beverages,BEV-05,70,74,266,0
2025-01-15,DS-TheHague-01,Beverages,BEV-06,66,61,196,0
2025-01-15,DS-TheHague-01,Snacks,SNA-01,73,47,88,0
2025-01-15,DS-TheHague-01,Snacks,SNA-02,56,51,71,0
2025-01-15,DS-TheHague-01,Snacks,SNA-03,64,64,87,0
2025-01-15,DS-TheHague-01,Snacks,SNA-04,62,58,80,0
2025-01-15,DS-TheHague-01,Snacks,SNA-05,106,82,152,1
2025-01-15,DS-TheHague-01,Snacks,SNA-06,120,89,145,1
2025-01-15,DS-TheHague-01,Household,HOU-01,25,25,84,0
2025-01-15,DS-TheHague-01,Household,HOU-02,25,30,90,0
2025-01-15,DS-TheHague-01,Household,HOU-03,24,29,92,0
2025-01-15,DS-TheHague-01,Household,HOU-04,49,49,201,1
2025-01-15,DS-TheHague-01,Household,HOU-05,31,25,121,0
2025-01-15,DS-TheHague-01,Household,HOU-06,27,27,90,0
2025-01-16,DS-Amsterdam-01,Fresh Produce,FRE-01,48,33,303,0
2025-01-16,DS-Amsterdam-01,Fresh Produce,FRE-02,32,35,153,0
2025-01-16,DS-Amsterdam-01,Fresh Produce,FRE-03,32,29,167,0
2025-01-16,DS-Amsterdam-01,Fresh Produce,FRE-04,27,36,174,0
2025-01-16,DS-Amsterdam-01,Fresh Produce,FRE-05,32,48,210,0
2025-01-16,DS-Amsterdam-01,Fresh Produce,FRE-06,31,41,154,0
2025-01-16,DS-Amsterdam-01,Dairy,DAI-01,34,30,134,0
2025-01-16,DS-Amsterdam-01,Dairy,DAI-02,25,29,101,0
2025-01-16,DS-Amsterdam-01,Dairy,DAI-03,50,44,168,1
2025-01-16,DS-Amsterdam-01,Dairy,DAI-04,26,24,87,0
2025-01-16,DS-Amsterdam-01,Dairy,DAI-05,26,25,109,0
2025-01-16,DS-Amsterdam-01,Dairy,DAI-06,32,28,124,0
2025-01-16,DS-Amsterdam-01,Beverages,BEV-01,42,55,159,0
2025-01-16,DS-Amsterdam-01,Beverages,BEV-02,41,44,161,0
2025-01-16,DS-Amsterdam-01,Beverages,BEV-03,45,40,140,0
2025-01-16,DS-Amsterdam-01,Beverages,BEV-04,40,48,146,0
2025-01-16,DS-Amsterdam-01,Beverages,BEV-05,56,42,215,0
2025-01-16,DS-Amsterdam-01,Beverages,BEV-06,48,51,170,0
2025-01-16,DS-Amsterdam-01,Snacks,SNA-01,38,32,63,0
2025-01-16,DS-Amsterdam-01,Snacks,SNA-02,75,50,98,1
2025-01-16,DS-Amsterdam-01,Snacks,SNA-03,36,29,62,0
2025-01-16,DS-Amsterdam-01,Snacks,SNA-04,45,26,61,0
2025-01-16,DS-Amsterdam-01,Snacks,SNA-05,38,31,58,0
2025-01-16,DS-Amsterdam-01,Snacks,SNA-06,31,32,53,0
2025-01-16,DS-Amsterdam-01,Household,HOU-01,21,23,64,0
2025-01-16,DS-Amsterdam-01,Household,HOU-02,21,22,61,0
2025-01-16,DS-Amsterdam-01,Household,HOU-03,15,18,46,0
2025-01-16,DS-Amsterdam-01,Household,HOU-04,22,16,87,0
2025-01-16,DS-Amsterdam-01,Household,HOU-05,20,21,61,0
2025-01-16,DS-Amsterdam-01,Household,HOU-06,24,23,99,0
2025-01-16,DS-Amsterdam-02,Fresh Produce,FRE-01,42,50,271,0
2025-01-16,DS-Amsterdam-02,Fresh Produce,FRE-02,37,63,213,0
2025-01-16,DS-Amsterdam-02,Fresh Produce,FRE-03,60,65,315,0
2025-01-16,DS-Amsterdam-02,Fresh Produce,FRE-04,50,52,351,0
2025-01-16,DS-Amsterdam-02,Fresh Produce,FRE-05,52,61,334,0
2025-01-16,DS-Amsterdam-02,Fresh Produce,FRE-06,43,48,295,0
2025-01-16,DS-Amsterdam-02,Dairy,DAI-01,34,38,124,0
2025-01-16,DS-Amsterdam-02,Dairy,DAI-02,44,35,143,0
2025-01-16,DS-Amsterdam-02,Dairy,DAI-03,48,39,141,0
2025-01-16,DS-Amsterdam-02,Dairy,DAI-04,41,48,169,0
2025-01-16,DS-Amsterdam-02,Dairy,DAI-05,36,29,143,0
2025-01-16,DS-Amsterdam-02,Dairy,DAI-06,34,35,105,0
2025-01-16,DS-Amsterdam-02,Beverages,BEV-01,52,62,204,0
2025-01-16,DS-Amsterdam-02,Beverages,BEV-02,60,67,236,0
2025-01-16,DS-Amsterdam-02,Beverages,BEV-03,59,66,223,0
2025-01-16,DS-Amsterdam-02,Beverages,BEV-04,119,126,346,1
2025-01-16,DS-Amsterdam-02,Beverages,BEV-05,87,55,252,0
2025-01-16,DS-Amsterdam-02,Beverages,BEV-06,75,65,212,0
2025-01-16,DS-Amsterdam-02,Snacks,SNA-01,61,42,90,0
2025-01-16,DS-Amsterdam-02,Snacks,SNA-02,115,85,183,1
2025-01-16,DS-Amsterdam-02,Snacks,SNA-03,62,53,85,0
2025-01-16,DS-Amsterdam-02,Snacks,SNA-04,57,51,101,0
2025-01-16,DS-Amsterdam-02,Snacks,SNA-05,46,54,81,0
2025-01-16,DS-Amsterdam-02,Snacks,SNA-06,59,47,99,0
2025-01-16,DS-Amsterdam-02,Household,HOU-01,27,28,104,0
2025-01-16,DS-Amsterdam-02,Household,HOU-02,23,31,66,0
2025-01-16,DS-Amsterdam-02,Household,HOU-03,33,31,131,0
2025-01-16,DS-Amsterdam-02,Household,HOU-04,31,29,126,0
2025-01-16,DS-Amsterdam-02,Household,HOU-05,18,28,53,0
2025-01-16,DS-Amsterdam-02,Household,HOU-06,33,26,130,0
2025-01-16,DS-Rotterdam-01,Fresh Produce,FRE-01,34,40,204,0
2025-01-16,DS-Rotterdam-01,Fresh Produce,FRE-02,47,50,296,0
2025-01-16,DS-Rotterdam-01,Fresh Produce,FRE-03,49,50,294,0
2025-01-16,DS-Rotterdam-01,Fresh Produce,FRE-04,37,50,252,0
2025-01-16,DS-Rotterdam-01,Fresh Produce,FRE-05,42,48,233,0
2025-01-16,DS-Rotterdam-01,Fresh Produce,FRE-06,51,53,348,0
2025-01-16,DS-Rotterdam-01,Dairy,DAI-01,36,30,106,0
2025-01-16,DS-Rotterdam-01,Dairy,DAI-02,62,77,218,1
2025-01-16,DS-Rotterdam-01,Dairy,DAI-03,38,31,129,0
2025-01-16,DS-Rotterdam-01,Dairy,DAI-04,42,37,136,0
2025-01-16,DS-Rotterdam-01,Dairy,DAI-05,34,37,113,0
2025-01-16,DS-Rotterdam-01,Dairy,DAI-06,36,31,140,0
2025-01-16,DS-Rotterdam-01,Beverages,BEV-01,65,52,223,0
2025-01-16,DS-Rotterdam-01,Beverages,BEV-02,65,65,267,0
2025-01-16,DS-Rotterdam-01,Beverages,BEV-03,59,49,227,0
2025-01-16,DS-Rotterdam-01,Beverages,BEV-04,70,55,206,0
2025-01-16,DS-Rotterdam-01,Beverages,BEV-05,58,76,192,0
2025-01-16,DS-Rotterdam-01,Beverages,BEV-06,63,67,236,0
2025-01-16,DS-Rotterdam-01,Snacks,SNA-01,52,45,77,0
2025-01-16,DS-Rotterdam-01,Snacks,SNA-02,48,42,69,0
2025-01-16,DS-Rotterdam-01,Snacks,SNA-03,54,41,79,0
2025-01-16,DS-Rotterdam-01,Snacks,SNA-04,50,44,81,0
2025-01-16,DS-Rotterdam-01,Snacks,SNA-05,50,49,69,0
2025-01-16,DS-Rotterdam-01,Snacks,SNA-06,57,42,70,0
2025-01-16,DS-Rotterdam-01,Household,HOU-01,24,22,68,0
2025-01-16,DS-Rotterdam-01,Household,HOU-02,24,25,80,0
2025-01-16,DS-Rotterdam-01,Household,HOU-03,24,21,85,0
2025-01-16,DS-Rotterdam-01,Household,HOU-04,22,24,91,0
2025-01-16,DS-Rotterdam-01,Household,HOU-05,28,26,92,0
2025-01-16,DS-Rotterdam-01,Household,HOU-06,30,27,101,0
2025-01-16,DS-Utrecht-01,Fresh Produce,FRE-01,54,37,361,0
2025-01-16,DS-Utrecht-01,Fresh Produce,FRE-02,44,44,270,0
2025-01-16,DS-Utrecht-01,Fresh Produce,FRE-03,44,51,305,0
2025-01-16,DS-Utrecht-01,Fresh Produce,FRE-04,31,53,173,0
2025-01-16,DS-Utrecht-01,Fresh Produce,FRE-05,32,43,205,0
2025-01-16,DS-Utrecht-01,Fresh Produce,FRE-06,36,50,182,0
2025-01-16,DS-Utrecht-01,Dairy,DAI-01,26,31,101,0
2025-01-16,DS-Utrecht-01,Dairy,DAI-02,28,34,107,0
2025-01-16,DS-Utrecht-01,Dairy,DAI-03,38,33,132,0
2025-01-16,DS-Utrecht-01,Dairy,DAI-04,24,28,89,0
2025-01-16,DS-Utrecht-01,Dairy,DAI-05,24,35,92,0
2025-01-16,DS-Utrecht-01,Dairy,DAI-06,36,36,138,0
2025-01-16,DS-Utrecht-01,Beverages,BEV-01,54,59,202,0
2025-01-16,DS-Utrecht-01,Beverages,BEV-02,47,56,155,0
2025-01-16,DS-Utrecht-01,Beverages,BEV-03,52,57,197,0
2025-01-16,DS-Utrecht-01,Beverages,BEV-04,68,59,260,0
2025-01-16,DS-Utrecht-01,Beverages,BEV-05,51,53,207,0
2025-01-16,DS-Utrecht-01,Beverages,BEV-06,50,55,163,0
2025-01-16,DS-Utrecht-01,Snacks,SNA-01,52,39,89,0
2025-01-16,DS-Utrecht-01,Snacks,SNA-02,54,50,81,0
2025-01-16,DS-Utrecht-01,Snacks,SNA-03,39,35,68,0
2025-01-16,DS-Utrecht-01,Snacks,SNA-04,42,40,63,0
2025-01-16,DS-Utrecht-01,Snacks,SNA-05,39,35,66,0
2025-01-16,DS-Utrecht-01,Snacks,SNA-06,59,39,99,0
2025-01-16,DS-Utrecht-01,Household,HOU-01,16,22,51,0
2025-01-16,DS-Utrecht-01,Household,HOU-02,24,23,81,0
2025-01-16,DS-Utrecht-01,Household,HOU-03,18,19,55,0
2025-01-16,DS-Utrecht-01,Household,HOU-04,18,22,61,0
2025-01-16,DS-Utrecht-01,Household,HOU-05,19,20,69,0
2025-01-16,DS-Utrecht-01,Household,HOU-06,25,23,79,0
2025-01-16,DS-TheHague-01,Fresh Produce,FRE-01,45,59,290,0
2025-01-16,DS-TheHague-01,Fresh Produce,FRE-02,75,92,479,1
2025-01-16,DS-TheHague-01,Fresh Produce,FRE-03,49,58,294,0
2025-01-16,DS-TheHague-01,Fresh Produce,FRE-04,42,46,260,0
2025-01-16,DS-TheHague-01,Fresh Produce,FRE-05,61,60,371,0
2025-01-16,DS-TheHague-01,Fresh Produce,FRE-06,48,38,309,0
2025-01-16,DS-TheHague-01,Dairy,DAI-01,23,41,75,0
2025-01-16,DS-TheHague-01,Dairy,DAI-02,38,38,151,0
2025-01-16,DS-TheHague-01,Dairy,DAI-03,32,32,90,0
2025-01-16,DS-TheHague-01,Dairy,DAI-04,23,34,95,0
2025-01-16,DS-TheHague-01,Dairy,DAI-05,43,33,129,0
2025-01-16,DS-TheHague-01,Dairy,DAI-06,41,40,130,0
2025-01-16,DS-TheHague-01,Beverages,BEV-01,61,68,236,0
2025-01-16,DS-TheHague-01,Beverages,BEV-02,62,52,175,0
2025-01-16,DS-TheHague-01,Beverages,BEV-03,46,57,148,0
2025-01-16,DS-TheHague-01,Beverages,BEV-04,110,117,438,1
2025-01-16,DS-TheHague-01,Beverages,BEV-05,52,62,179,0
2025-01-16,DS-TheHague-01,Beverages,BEV-06,60,65,183,0
2025-01-16,DS-TheHague-01,Snacks,SNA-01,45,47,60,0
2025-01-16,DS-TheHague-01,Snacks,SNA-02,47,47,65,0
2025-01-16,DS-TheHague-01,Snacks,SNA-03,51,47,79,0
2025-01-16,DS-TheHague-01,Snacks,SNA-04,57,44,75,0
2025-01-16,DS-TheHague-01,Snacks,SNA-05,47,37,62,0
2025-01-16,DS-TheHague-01,Snacks,SNA-06,49,48,59,0
2025-01-16,DS-TheHague-01,Household,HOU-01,24,25,83,0
2025-01-16,DS-TheHague-01,Household,HOU-02,18,26,71,0
2025-01-16,DS-TheHague-01,Household,HOU-03,29,27,111,0
2025-01-16,DS-TheHague-01,Household,HOU-04,21,22,85,0
2025-01-16,DS-TheHague-01,Household,HOU-05,34,31,125,0
2025-01-16,DS-TheHague-01,Household,HOU-06,18,25,61,0
2025-01-17,DS-Amsterdam-01,Fresh Produce,FRE-01,33,42,217,0
2025-01-17,DS-Amsterdam-01,Fresh Produce,FRE-02,34,45,172,0
2025-01-17,DS-Amsterdam-01,Fresh Produce,FRE-03,35,51,241,0
2025-01-17,DS-Amsterdam-01,Fresh Produce,FRE-04,38,51,224,0
2025-01-17,DS-Amsterdam-01,Fresh Produce,FRE-05,46,44,229,0
2025-01-17,DS-Amsterdam-01,Fresh Produce,FRE-06,47,44,296,0
2025-01-17,DS-Amsterdam-01,Dairy,DAI-01,26,33,87,0
2025-01-17,DS-Amsterdam-01,Dairy,DAI-02,78,41,316,1
2025-01-17,DS-Amsterdam-01,Dairy,DAI-03,32,30,107,0
2025-01-17,DS-Amsterdam-01,Dairy,DAI-04,28,27,97,0
2025-01-17,DS-Amsterdam-01,Dairy,DAI-05,32,29,90,0
2025-01-17,DS-Amsterdam-01,Dairy,DAI-06,38,34,125,0
2025-01-17,DS-Amsterdam-01,Beverages,BEV-01,50,56,187,0
2025-01-17,DS-Amsterdam-01,Beverages,BEV-02,67,51,215,0
2025-01-17,DS-Amsterdam-01,Beverages,BEV-03,60,57,204,0
2025-01-17,DS-Amsterdam-01,Beverages,BEV-04,64,57,194,0
2025-01-17,DS-Amsterdam-01,Beverages,BEV-05,47,41,170,0
2025-01-17,DS-Amsterdam-01,Beverages,BEV-06,60,63,221,0
2025-01-17,DS-Amsterdam-01,Snacks,SNA-01,84,66,134,1
2025-01-17,DS-Amsterdam-01,Snacks,SNA-02,49,39,66,0
2025-01-17,DS-Amsterdam-01,Snacks,SNA-03,56,35,93,0
2025-01-17,DS-Amsterdam-01,Snacks,SNA-04,74,77,90,1
2025-01-17,DS-Amsterdam-01,Snacks,SNA-05,32,43,40,0
2025-01-17,DS-Amsterdam-01,Snacks,SNA-06,47,43,67,0
2025-01-17,DS-Amsterdam-01,Household,HOU-01,17,18,66,0
2025-01-17,DS-Amsterdam-01,Household,HOU-02,27,22,96,0
2025-01-17,DS-Amsterdam-01,Household,HOU-03,20,21,82,0
2025-01-17,DS-Amsterdam-01,Household,HOU-04,28,18,101,0
2025-01-17,DS-Amsterdam-01,Household,HOU-05,18,18,54,0
2025-01-17,DS-Amsterdam-01,Household,HOU-06,16,21,58,0
2025-01-17,DS-Amsterdam-02,Fresh Produce,FRE-01,43,64,245,0
2025-01-17,DS-Amsterdam-02,Fresh Produce,FRE-02,55,60,265,0
2025-01-17,DS-Amsterdam-02,Fresh Produce,FRE-03,48,59,273,0
2025-01-17,DS-Amsterdam-02,Fresh Produce,FRE-04,47,60,318,0
2025-01-17,DS-Amsterdam-02,Fresh Produce,FRE-05,39,60,252,0
2025-01-17,DS-Amsterdam-02,Fresh Produce,FRE-06,87,106,516,1
2025-01-17,DS-Amsterdam-02,Dairy,DAI-01,31,34,127,0
2025-01-17,DS-Amsterdam-02,Dairy,DAI-02,47,35,181,0
2025-01-17,DS-Amsterdam-02,Dairy,DAI-03,39,38,154,0
2025-01-17,DS-Amsterdam-02,Dairy,DAI-04,39,35,111,0
2025-01-17,DS-Amsterdam-02,Dairy,DAI-05,33,46,128,0
2025-01-17,DS-Amsterdam-02,Dairy,DAI-06,37,42,131,0
2025-01-17,DS-Amsterdam-02,Beverages,BEV-01,61,64,198,0
2025-01-17,DS-Amsterdam-02,Beverages,BEV-02,62,67,223,0
2025-01-17,DS-Amsterdam-02,Beverages,BEV-03,65,71,199,0
2025-01-17,DS-Amsterdam-02,Beverages,BEV-04,73,68,243,0
2025-01-17,DS-Amsterdam-02,Beverages,BEV-05,85,64,316,0
2025-01-17,DS-Amsterdam-02,Beverages,BEV-06,131,119,391,1
2025-01-17,DS-Amsterdam-02,Snacks,SNA-01,59,46,92,0
2025-01-17,DS-Amsterdam-02,Snacks,SNA-02,52,48,76,0
2025-01-17,DS-Amsterdam-02,Snacks,SNA-03,61,50,87,0
2025-01-17,DS-Amsterdam-02,Snacks,SNA-04,49,47,81,0
2025-01-17,DS-Amsterdam-02,Snacks,SNA-05,52,42,75,0
2025-01-17,DS-Amsterdam-02,Snacks,SNA-06,63,46,83,0
2025-01-17,DS-Amsterdam-02,Household,HOU-01,25,21,77,0
2025-01-17,DS-Amsterdam-02,Household,HOU-02,49,35,147,1
2025-01-17,DS-Amsterdam-02,Household,HOU-03,20,26,65,0
2025-01-17,DS-Amsterdam-02,Household,HOU-04,23,27,69,0
2025-01-17,DS-Amsterdam-02,Household,HOU-05,22,26,68,0
2025-01-17,DS-Amsterdam-02,Household,HOU-06,33,32,102,0
2025-01-17,DS-Rotterdam-01,Fresh Produce,FRE-01,39,49,252,0
2025-01-17,DS-Rotterdam-01,Fresh Produce,FRE-02,37,40,239,0
2025-01-17,DS-Rotterdam-01,Fresh Produce,FRE-03,81,76,417,1
2025-01-17,DS-Rotterdam-01,Fresh Produce,FRE-04,71,62,366,1
2025-01-17,DS-Rotterdam-01,Fresh Produce,FRE-05,52,43,338,0
2025-01-17,DS-Rotterdam-01,Fresh Produce,FRE-06,68,57,347,1
2025-01-17,DS-Rotterdam-01,Dairy,DAI-01,35,37,142,0
2025-01-17,DS-Rotterdam-01,Dairy,DAI-02,30,31,115,0
2025-01-17,DS-Rotterdam-01,Dairy,DAI-03,30,29,114,0
2025-01-17,DS-Rotterdam-01,Dairy,DAI-04,31,30,129,0
2025-01-17,DS-Rotterdam-01,Dairy,DAI-05,47,25,192,0
2025-01-17,DS-Rotterdam-01,Dairy,DAI-06,31,31,123,0
2025-01-17,DS-Rotterdam-01,Beverages,BEV-01,53,45,190,0
2025-01-17,DS-Rotterdam-01,Beverages,BEV-02,58,58,202,0
2025-01-17,DS-Rotterdam-01,Beverages,BEV-03,47,47,189,0
2025-01-17,DS-Rotterdam-01,Beverages,BEV-04,70,59,268,0
2025-01-17,DS-Rotterdam-01,Beverages,BEV-05,50,48,164,0
2025-01-17,DS-Rotterdam-01,Beverages,BEV-06,37,57,132,0
2025-01-17,DS-Rotterdam-01,Snacks,SNA-01,29,41,47,0
2025-01-17,DS-Rotterdam-01,Snacks,SNA-02,47,54,57,0
2025-01-17,DS-Rotterdam-01,Snacks,SNA-03,44,49,71,0
2025-01-17,DS-Rotterdam-01,Snacks,SNA-04,53,38,69,0
2025-01-17,DS-Rotterdam-01,Snacks,SNA-05,45,38,59,0
2025-01-17,DS-Rotterdam-01,Snacks,SNA-06,82,79,119,1
2025-01-17,DS-Rotterdam-01,Household,HOU-01,23,20,73,0
2025-01-17,DS-Rotterdam-01,Household,HOU-02,21,19,64,0
2025-01-17,DS-Rotterdam-01,Household,HOU-03,19,19,77,0
2025-01-17,DS-Rotterdam-01,Household,HOU-04,27,26,85,0
2025-01-17,DS-Rotterdam-01,Household,HOU-05,21,22,67,0
2025-01-17,DS-Rotterdam-01,Household,HOU-06,16,19,50,0
2025-01-17,DS-Utrecht-01,Fresh Produce,FRE-01,52,59,337,0
2025-01-17,DS-Utrecht-01,Fresh Produce,FRE-02,53,52,255,0
2025-01-17,DS-Utrecht-01,Fresh Produce,FRE-03,47,56,278,0
2025-01-17,DS-Utrecht-01,Fresh Produce,FRE-04,49,55,238,0
2025-01-17,DS-Utrecht-01,Fresh Produce,FRE-05,54,63,287,0
2025-01-17,DS-Utrecht-01,Fresh Produce,FRE-06,85,94,421,1
2025-01-17,DS-Utrecht-01,Dairy,DAI-01,33,47,93,0
2025-01-17,DS-Utrecht-01,Dairy,DAI-02,41,41,145,0
2025-01-17,DS-Utrecht-01,Dairy,DAI-03,24,48,86,0
2025-01-17,DS-Utrecht-01,Dairy,DAI-04,30,35,115,0
2025-01-17,DS-Utrecht-01,Dairy,DAI-05,44,33,165,0
2025-01-17,DS-Utrecht-01,Dairy,DAI-06,36,37,145,0
2025-01-17,DS-Utrecht-01,Beverages,BEV-01,61,68,206,0
2025-01-17,DS-Utrecht-01,Beverages,BEV-02,70,60,288,0
2025-01-17,DS-Utrecht-01,Beverages,BEV-03,63,62,180,0
2025-01-17,DS-Utrecht-01,Beverages,BEV-04,69,61,244,0
2025-01-17,DS-Utrecht-01,Beverages,BEV-05,64,74,220,0
2025-01-17,DS-Utrecht-01,Beverages,BEV-06,64,54,201,0
2025-01-17,DS-Utrecht-01,Snacks,SNA-01,57,52,83,0
2025-01-17,DS-Utrecht-01,Snacks,SNA-02,60,47,78,0
2025-01-17,DS-Utrecht-01,Snacks,SNA-03,53,52,69,0
2025-01-17,DS-Utrecht-01,Snacks,SNA-04,55,38,90,0
2025-01-17,DS-Utrecht-01,Snacks,SNA-05,60,44,98,0
2025-01-17,DS-Utrecht-01,Snacks,SNA-06,49,40,70,0
2025-01-17,DS-Utrecht-01,Household,HOU-01,26,31,76,0
2025-01-17,DS-Utrecht-01,Household,HOU-02,31,31,114,0
2025-01-17,DS-Utrecht-01,Household,HOU-03,24,27,85,0
2025-01-17,DS-Utrecht-01,Household,HOU-04,32,28,106,0
2025-01-17,DS-Utrecht-01,Household,HOU-05,30,23,90,0
2025-01-17,DS-Utrecht-01,Household,HOU-06,33,20,109,0
2025-01-17,DS-TheHague-01,Fresh Produce,FRE-01,37,44,249,0
2025-01-17,DS-TheHague-01,Fresh Produce,FRE-02,27,42,143,0
2025-01-17,DS-TheHague-01,Fresh Produce,FRE-03,33,59,237,0
2025-01-17,DS-TheHague-01,Fresh Produce,FRE-04,41,51,254,0
2025-01-17,DS-TheHague-01,Fresh Produce,FRE-05,40,46,218,0
2025-01-17,DS-TheHague-01,Fresh Produce,FRE-06,46,51,292,0
2025-01-17,DS-TheHague-01,Dairy,DAI-01,30,33,104,0
2025-01-17,DS-TheHague-01,Dairy,DAI-02,42,55,147,1
2025-01-17,DS-TheHague-01,Dairy,DAI-03,31,31,116,0
2025-01-17,DS-TheHague-01,Dairy,DAI-04,55,51,216,1
2025-01-17,DS-TheHague-01,Dairy,DAI-05,38,29,149,0
2025-01-17,DS-TheHague-01,Dairy,DAI-06,60,54,249,1
2025-01-17,DS-TheHague-01,Beverages,BEV-01,58,43,240,0
2025-01-17,DS-TheHague-01,Beverages,BEV-02,47,51,153,0
2025-01-17,DS-TheHague-01,Beverages,BEV-03,63,49,193,0
2025-01-17,DS-TheHague-01,Beverages,BEV-04,55,56,160,0
2025-01-17,DS-TheHague-01,Beverages,BEV-05,48,49,180,0
2025-01-17,DS-TheHague-01,Beverages,BEV-06,51,52,148,0
2025-01-17,DS-TheHague-01,Snacks,SNA-01,42,39,74,0
2025-01-17,DS-TheHague-01,Snacks,SNA-02,38,47,61,0
2025-01-17,DS-TheHague-01,Snacks,SNA-03,45,34,65,0
2025-01-17,DS-TheHague-01,Snacks,SNA-04,45,41,55,0
2025-01-17,DS-TheHague-01,Snacks,SNA-05,80,67,129,1
2025-01-17,DS-TheHague-01,Snacks,SNA-06,48,42,63,0
2025-01-17,DS-TheHague-01,Household,HOU-01,22,22,68,0
2025-01-17,DS-TheHague-01,Household,HOU-02,27,26,90,0
2025-01-17,DS-TheHague-01,Household,HOU-03,35,39,108,1
2025-01-17,DS-TheHague-01,Household,HOU-04,19,24,60,0
2025-01-17,DS-TheHague-01,Household,HOU-05,18,19,50,0
2025-01-17,DS-TheHague-01,Household,HOU-06,15,20,55,0
2025-01-18,DS-Amsterdam-01,Fresh Produce,FRE-01,48,63,304,0
2025-01-18,DS-Amsterdam-01,Fresh Produce,FRE-02,57,61,302,0
2025-01-18,DS-Amsterdam-01,Fresh Produce,FRE-03,72,85,503,1
2025-01-18,DS-Amsterdam-01,Fresh Produce,FRE-04,47,49,286,0
2025-01-18,DS-Amsterdam-01,Fresh Produce,FRE-05,40,49,227,0
2025-01-18,DS-Amsterdam-01,Fresh Produce,FRE-06,78,109,401,1
2025-01-18,DS-Amsterdam-01,Dairy,DAI-01,45,39,159,0
2025-01-18,DS-Amsterdam-01,Dairy,DAI-02,40,32,114,0
2025-01-18,DS-Amsterdam-01,Dairy,DAI-03,40,36,123,0
2025-01-18,DS-Amsterdam-01,Dairy,DAI-04,43,36,147,0
2025-01-18,DS-Amsterdam-01,Dairy,DAI-05,44,41,168,0
2025-01-18,DS-Amsterdam-01,Dairy,DAI-06,33,35,111,0
2025-01-18,DS-Amsterdam-01,Beverages,BEV-01,71,68,295,0
2025-01-18,DS-Amsterdam-01,Beverages,BEV-02,134,92,523,1
2025-01-18,DS-Amsterdam-01,Beverages,BEV-03,54,68,191,0
2025-01-18,DS-Amsterdam-01,Beverages,BEV-04,75,72,273,0
2025-01-18,DS-Amsterdam-01,Beverages,BEV-05,65,71,190,0
2025-01-18,DS-Amsterdam-01,Beverages,BEV-06,63,74,257,0
2025-01-18,DS-Amsterdam-01,Snacks,SNA-01,52,45,81,0
2025-01-18,DS-Amsterdam-01,Snacks,SNA-02,56,37,93,0
2025-01-18,DS-Amsterdam-01,Snacks,SNA-03,65,49,115,0
2025-01-18,DS-Amsterdam-01,Snacks,SNA-04,57,57,86,0
2025-01-18,DS-Amsterdam-01,Snacks,SNA-05,59,45,92,0
2025-01-18,DS-Amsterdam-01,Snacks,SNA-06,62,55,92,0
2025-01-18,DS-Amsterdam-01,Household,HOU-01,26,28,75,0
2025-01-18,DS-Amsterdam-01,Household,HOU-02,23,24,66,0
2025-01-18,DS-Amsterdam-01,Household,HOU-03,26,28,108,0
2025-01-18,DS-Amsterdam-01,Household,HOU-04,31,25,124,0
2025-01-18,DS-Amsterdam-01,Household,HOU-05,29,24,103,0
2025-01-18,DS-Amsterdam-01,Household,HOU-06,28,30,83,0
2025-01-18,DS-Amsterdam-02,Fresh Produce,FRE-01,53,65,377,0
2025-01-18,DS-Amsterdam-02,Fresh Produce,FRE-02,48,57,234,0
2025-01-18,DS-Amsterdam-02,Fresh Produce,FRE-03,48,32,341,0
2025-01-18,DS-Amsterdam-02,Fresh Produce,FRE-04,51,55,248,0
2025-01-18,DS-Amsterdam-02,Fresh Produce,FRE-05,58,55,306,0
2025-01-18,DS-Amsterdam-02,Fresh Produce,FRE-06,35,64,175,0
2025-01-18,DS-Amsterdam-02,Dairy,DAI-01,45,35,133,0
2025-01-18,DS-Amsterdam-02,Dairy,DAI-02,63,77,251,1
2025-01-18,DS-Amsterdam-02,Dairy,DAI-03,37,36,130,0
2025-01-18,DS-Amsterdam-02,Dairy,DAI-04,48,44,164,0
2025-01-18,DS-Amsterdam-02,Dairy,DAI-05,63,59,190,1
2025-01-18,DS-Amsterdam-02,Dairy,DAI-06,36,39,103,0
2025-01-18,DS-Amsterdam-02,Beverages,BEV-01,60,71,238,0
2025-01-18,DS-Amsterdam-02,Beverages,BEV-02,70,58,286,0
2025-01-18,DS-Amsterdam-02,Beverages,BEV-03,66,58,268,0
2025-01-18,DS-Amsterdam-02,Beverages,BEV-04,60,62,223,0
2025-01-18,DS-Amsterdam-02,Beverages,BEV-05,73,60,224,0
2025-01-18,DS-Amsterdam-02,Beverages,BEV-06,61,70,241,0
2025-01-18,DS-Amsterdam-02,Snacks,SNA-01,51,57,61,0
2025-01-18,DS-Amsterdam-02,Snacks,SNA-02,72,54,128,0
2025-01-18,DS-Amsterdam-02,Snacks,SNA-03,67,39,93,0
2025-01-18,DS-Amsterdam-02,Snacks,SNA-04,54,58,92,0
2025-01-18,DS-Amsterdam-02,Snacks,SNA-05,56,50,81,0
2025-01-18,DS-Amsterdam-02,Snacks,SNA-06,51,52,73,0
2025-01-18,DS-Amsterdam-02,Household,HOU-01,34,26,100,0
2025-01-18,DS-Amsterdam-02,Household,HOU-02,36,29,125,0
2025-01-18,DS-Amsterdam-02,Household,HOU-03,29,29,90,0
2025-01-18,DS-Amsterdam-02,Household,HOU-04,20,23,72,0
2025-01-18,DS-Amsterdam-02,Household,HOU-05,20,20,74,0
2025-01-18,DS-Amsterdam-02,Household,HOU-06,32,23,107,0
2025-01-18,DS-Rotterdam-01,Fresh Produce,FRE-01,57,77,336,0
2025-01-18,DS-Rotterdam-01,Fresh Produce,FRE-02,63,52,429,0
2025-01-18,DS-Rotterdam-01,Fresh Produce,FRE-03,50,60,296,0
2025-01-18,DS-Rotterdam-01,Fresh Produce,FRE-04,55,66,351,0
2025-01-18,DS-Rotterdam-01,Fresh Produce,FRE-05,60,68,395,0
2025-01-18,DS-Rotterdam-01,Fresh Produce,FRE-06,50,61,250,0
2025-01-18,DS-Rotterdam-01,Dairy,DAI-01,44,50,160,0
2025-01-18,DS-Rotterdam-01,Dairy,DAI-02,31,43,110,0
2025-01-18,DS-Rotterdam-01,Dairy,DAI-03,42,42,120,0
2025-01-18,DS-Rotterdam-01,Dairy,DAI-04,48,54,138,0
2025-01-18,DS-Rotterdam-01,Dairy,DAI-05,100,78,380,1
2025-01-18,DS-Rotterdam-01,Dairy,DAI-06,38,42,138,0
2025-01-18,DS-Rotterdam-01,Beverages,BEV-01,72,92,236,0
2025-01-18,DS-Rotterdam-01,Beverages,BEV-02,76,74,253,0
2025-01-18,DS-Rotterdam-01,Beverages,BEV-03,87,66,312,0
2025-01-18,DS-Rotterdam-01,Beverages,BEV-04,88,89,291,0
2025-01-18,DS-Rotterdam-01,Beverages,BEV-05,62,88,255,0
2025-01-18,DS-Rotterdam-01,Beverages,BEV-06,83,78,283,0
2025-01-18,DS-Rotterdam-01,Snacks,SNA-01,72,62,101,0
2025-01-18,DS-Rotterdam-01,Snacks,SNA-02,61,65,109,0
2025-01-18,DS-Rotterdam-01,Snacks,SNA-03,60,46,81,0
2025-01-18,DS-Rotterdam-01,Snacks,SNA-04,54,71,88,0
2025-01-18,DS-Rotterdam-01,Snacks,SNA-05,67,56,99,0
2025-01-18,DS-Rotterdam-01,Snacks,SNA-06,59,62,84,0
2025-01-18,DS-Rotterdam-01,Household,HOU-01,25,29,99,0
2025-01-18,DS-Rotterdam-01,Household,HOU-02,58,55,223,1
2025-01-18,DS-Rotterdam-01,Household,HOU-03,36,32,136,0
2025-01-18,DS-Rotterdam-01,Household,HOU-04,32,32,130,0
2025-01-18,DS-Rotterdam-01,Household,HOU-05,27,28,85,0
2025-01-18,DS-Rotterdam-01,Household,HOU-06,38,41,149,0
2025-01-18,DS-Utrecht-01,Fresh Produce,FRE-01,45,66,244,0
2025-01-18,DS-Utrecht-01,Fresh Produce,FRE-02,49,69,300,0
2025-01-18,DS-Utrecht-01,Fresh Produce,FRE-03,48,64,313,0
2025-01-18,DS-Utrecht-01,Fresh Produce,FRE-04,41,54,280,0
2025-01-18,DS-Utrecht-01,Fresh Produce,FRE-05,53,49,339,0
2025-01-18,DS-Utrecht-01,Fresh Produce,FRE-06,58,49,403,0
2025-01-18,DS-Utrecht-01,Dairy,DAI-01,48,38,168,0
2025-01-18,DS-Utrecht-01,Dairy,DAI-02,44,33,170,0
2025-01-18,DS-Utrecht-01,Dairy,DAI-03,54,45,201,0
2025-01-18,DS-Utrecht-01,Dairy,DAI-04,56,41,234,0
2025-01-18,DS-Utrecht-01,Dairy,DAI-05,43,45,160,0
2025-01-18,DS-Utrecht-01,Dairy,DAI-06,45,32,167,0
2025-01-18,DS-Utrecht-01,Beverages,BEV-01,64,64,207,0
2025-01-18,DS-Utrecht-01,Beverages,BEV-02,74,65,223,0
2025-01-18,DS-Utrecht-01,Beverages,BEV-03,69,68,219,0
2025-01-18,DS-Utrecht-01,Beverages,BEV-04,78,62,245,0
2025-01-18,DS-Utrecht-01,Beverages,BEV-05,72,56,284,0
2025-01-18,DS-Utrecht-01,Beverages,BEV-06,82,69,243,0
2025-01-18,DS-Utrecht-01,Snacks,SNA-01,58,55,75,0
2025-01-18,DS-Utrecht-01,Snacks,SNA-02,57,62,100,0
2025-01-18,DS-Utrecht-01,Snacks,SNA-03,59,48,105,0
2025-01-18,DS-Utrecht-01,Snacks,SNA-04,54,51,79,0
2025-01-18,DS-Utrecht-01,Snacks,SNA-05,59,49,91,0
2025-01-18,DS-Utrecht-01,Snacks,SNA-06,60,66,87,0
2025-01-18,DS-Utrecht-01,Household,HOU-01,27,27,105,0
2025-01-18,DS-Utrecht-01,Household,HOU-02,27,24,110,0
2025-01-18,DS-Utrecht-01,Household,HOU-03,30,21,91,0
2025-01-18,DS-Utrecht-01,Household,HOU-04,29,23,111,0
2025-01-18,DS-Utrecht-01,Household,HOU-05,50,47,189,1
2025-01-18,DS-Utrecht-01,Household,HOU-06,34,28,131,0
2025-01-18,DS-TheHague-01,Fresh Produce,FRE-01,62,84,320,0
2025-01-18,DS-TheHague-01,Fresh Produce,FRE-02,60,79,402,0
2025-01-18,DS-TheHague-01,Fresh Produce,FRE-03,78,64,556,0
2025-01-18,DS-TheHague-01,Fresh Produce,FRE-04,62,80,343,0
2025-01-18,DS-TheHague-01,Fresh Produce,FRE-05,98,159,601,1
2025-01-18,DS-TheHague-01,Fresh Produce,FRE-06,66,68,336,0
2025-01-18,DS-TheHague-01,Dairy,DAI-01,42,56,121,0
2025-01-18,DS-TheHague-01,Dairy,DAI-02,50,50,161,0
2025-01-18,DS-TheHague-01,Dairy,DAI-03,48,39,161,0
2025-01-18,DS-TheHague-01,Dairy,DAI-04,44,43,180,0
2025-01-18,DS-TheHague-01,Dairy,DAI-05,61,55,170,0
2025-01-18,DS-TheHague-01,Dairy,DAI-06,46,59,165,0
2025-01-18,DS-TheHague-01,Beverages,BEV-01,99,104,404,0
2025-01-18,DS-TheHague-01,Beverages,BEV-02,88,75,336,0
2025-01-18,DS-TheHague-01,Beverages,BEV-03,80,96,268,0
2025-01-18,DS-TheHague-01,Beverages,BEV-04,79,78,263,0
2025-01-18,DS-TheHague-01,Beverages,BEV-05,85,104,317,0
2025-01-18,DS-TheHague-01,Beverages,BEV-06,78,90,314,0
2025-01-18,DS-TheHague-01,Snacks,SNA-01,49,71,59,0
2025-01-18,DS-TheHague-01,Snacks,SNA-02,78,65,138,0
2025-01-18,DS-TheHague-01,Snacks,SNA-03,82,57,138,0
2025-01-18,DS-TheHague-01,Snacks,SNA-04,77,59,101,0
2025-01-18,DS-TheHague-01,Snacks,SNA-05,86,49,126,0
2025-01-18,DS-TheHague-01,Snacks,SNA-06,75,53,127,0
2025-01-18,DS-TheHague-01,Household,HOU-01,52,61,146,1
2025-01-18,DS-TheHague-01,Household,HOU-02,36,41,147,0
2025-01-18,DS-TheHague-01,Household,HOU-03,73,46,225,1
2025-01-18,DS-TheHague-01,Household,HOU-04,39,31,117,0
2025-01-18,DS-TheHague-01,Household,HOU-05,38,37,133,0
2025-01-18,DS-TheHague-01,Household,HOU-06,27,28,79,0
2025-01-19,DS-Amsterdam-01,Fresh Produce,FRE-01,59,71,423,0
2025-01-19,DS-Amsterdam-01,Fresh Produce,FRE-02,80,76,479,0
2025-01-19,DS-Amsterdam-01,Fresh Produce,FRE-03,69,81,392,0
2025-01-19,DS-Amsterdam-01,Fresh Produce,FRE-04,76,61,413,0
2025-01-19,DS-Amsterdam-01,Fresh Produce,FRE-05,66,77,420,0
2025-01-19,DS-Amsterdam-01,Fresh Produce,FRE-06,57,80,317,0
2025-01-19,DS-Amsterdam-01,Dairy,DAI-01,49,68,201,0
2025-01-19,DS-Amsterdam-01,Dairy,DAI-02,59,45,178,0
2025-01-19,DS-Amsterdam-01,Dairy,DAI-03,56,57,183,0
2025-01-19,DS-Amsterdam-01,Dairy,DAI-04,53,56,215,0
2025-01-19,DS-Amsterdam-01,Dairy,DAI-05,48,52,184,0
2025-01-19,DS-Amsterdam-01,Dairy,DAI-06,52,59,211,0
2025-01-19,DS-Amsterdam-01,Beverages,BEV-01,88,104,305,0
2025-01-19,DS-Amsterdam-01,Beverages,BEV-02,110,107,400,0
2025-01-19,DS-Amsterdam-01,Beverages,BEV-03,98,85,285,0
2025-01-19,DS-Amsterdam-01,Beverages,BEV-04,84,93,269,0
2025-01-19,DS-Amsterdam-01,Beverages,BEV-05,80,98,254,0
2025-01-19,DS-Amsterdam-01,Beverages,BEV-06,93,93,285,0
2025-01-19,DS-Amsterdam-01,Snacks,SNA-01,65,63,106,0
2025-01-19,DS-Amsterdam-01,Snacks,SNA-02,93,65,116,0
2025-01-19,DS-Amsterdam-01,Snacks,SNA-03,147,132,263,1
2025-01-19,DS-Amsterdam-01,Snacks,SNA-04,80,77,142,0
2025-01-19,DS-Amsterdam-01,Snacks,SNA-05,84,61,135,0
2025-01-19,DS-Amsterdam-01,Snacks,SNA-06,83,63,132,0
2025-01-19,DS-Amsterdam-01,Household,HOU-01,40,38,118,0
2025-01-19,DS-Amsterdam-01,Household,HOU-02,33,45,127,0
2025-01-19,DS-Amsterdam-01,Household,HOU-03,43,23,165,0
2025-01-19,DS-Amsterdam-01,Household,HOU-04,31,35,98,0
2025-01-19,DS-Amsterdam-01,Household,HOU-05,34,37,104,0
2025-01-19,DS-Amsterdam-01,Household,HOU-06,46,31,179,0
2025-01-19,DS-Amsterdam-02,Fresh Produce,FRE-01,72,74,358,0
2025-01-19,DS-Amsterdam-02,Fresh Produce,FRE-02,71,72,428,0
2025-01-19,DS-Amsterdam-02,Fresh Produce,FRE-03,64,82,450,0
2025-01-19,DS-Amsterdam-02,Fresh Produce,FRE-04,64,76,416,0
2025-01-19,DS-Amsterdam-02,Fresh Produce,FRE-05,64,86,410,0
2025-01-19,DS-Amsterdam-02,Fresh Produce,FRE-06,70,68,343,0
2025-01-19,DS-Amsterdam-02,Dairy,DAI-01,55,64,182,0
2025-01-19,DS-Amsterdam-02,Dairy,DAI-02,52,50,173,0
2025-01-19,DS-Amsterdam-02,Dairy,DAI-03,55,54,177,0
2025-01-19,DS-Amsterdam-02,Dairy,DAI-04,50,46,166,0
2025-01-19,DS-Amsterdam-02,Dairy,DAI-05,78,75,301,1
2025-01-19,DS-Amsterdam-02,Dairy,DAI-06,55,59,155,0
2025-01-19,DS-Amsterdam-02,Beverages,BEV-01,115,90,419,0
2025-01-19,DS-Amsterdam-02,Beverages,BEV-02,170,156,629,1
2025-01-19,DS-Amsterdam-02,Beverages,BEV-03,77,80,248,0
2025-01-19,DS-Amsterdam-02,Beverages,BEV-04,162,179,461,1
2025-01-19,DS-Amsterdam-02,Beverages,BEV-05,90,96,346,0
2025-01-19,DS-Amsterdam-02,Beverages,BEV-06,87,101,335,0
2025-01-19,DS-Amsterdam-02,Snacks,SNA-01,97,74,166,0
2025-01-19,DS-Amsterdam-02,Snacks,SNA-02,145,153,213,1
2025-01-19,DS-Amsterdam-02,Snacks,SNA-03,72,75,109,0
2025-01-19,DS-Amsterdam-02,Snacks,SNA-04,80,81,123,0
2025-01-19,DS-Amsterdam-02,Snacks,SNA-05,75,70,96,0
2025-01-19,DS-Amsterdam-02,Snacks,SNA-06,72,64,120,0
2025-01-19,DS-Amsterdam-02,Household,HOU-01,30,36,86,0
2025-01-19,DS-Amsterdam-02,Household,HOU-02,36,31,142,0
2025-01-19,DS-Amsterdam-02,Household,HOU-03,35,39,134,0
2025-01-19,DS-Amsterdam-02,Household,HOU-04,24,37,98,0
2025-01-19,DS-Amsterdam-02,Household,HOU-05,64,59,208,1
2025-01-19,DS-Amsterdam-02,Household,HOU-06,28,33,96,0
2025-01-19,DS-Rotterdam-01,Fresh Produce,FRE-01,61,88,432,0
2025-01-19,DS-Rotterdam-01,Fresh Produce,FRE-02,67,95,431,0
2025-01-19,DS-Rotterdam-01,Fresh Produce,FRE-03,67,67,445,0
2025-01-19,DS-Rotterdam-01,Fresh Produce,FRE-04,81,80,470,0
2025-01-19,DS-Rotterdam-01,Fresh Produce,FRE-05,69,68,346,0
2025-01-19,DS-Rotterdam-01,Fresh Produce,FRE-06,72,72,364,0
2025-01-19,DS-Rotterdam-01,Dairy,DAI-01,62,48,237,0
2025-01-19,DS-Rotterdam-01,Dairy,DAI-02,58,63,222,0
2025-01-19,DS-Rotterdam-01,Dairy,DAI-03,55,60,224,0
2025-01-19,DS-Rotterdam-01,Dairy,DAI-04,105,83,324,1
2025-01-19,DS-Rotterdam-01,Dairy,DAI-05,60,48,230,0
2025-01-19,DS-Rotterdam-01,Dairy,DAI-06,62,46,245,0
2025-01-19,DS-Rotterdam-01,Beverages,BEV-01,180,167,541,1
2025-01-19,DS-Rotterdam-01,Beverages,BEV-02,97,70,359,0
2025-01-19,DS-Rotterdam-01,Beverages,BEV-03,104,92,350,0
2025-01-19,DS-Rotterdam-01,Beverages,BEV-04,85,111,340,0
2025-01-19,DS-Rotterdam-01,Beverages,BEV-05,103,94,388,0
2025-01-19,DS-Rotterdam-01,Beverages,BEV-06,80,98,237,0
2025-01-19,DS-Rotterdam-01,Snacks,SNA-01,84,67,101,0
2025-01-19,DS-Rotterdam-01,Snacks,SNA-02,89,71,125,0
2025-01-19,DS-Rotterdam-01,Snacks,SNA-03,67,72,91,0
2025-01-19,DS-Rotterdam-01,Snacks,SNA-04,92,62,138,0
2025-01-19,DS-Rotterdam-01,Snacks,SNA-05,93,67,111,0
2025-01-19,DS-Rotterdam-01,Snacks,SNA-06,76,69,110,0
2025-01-19,DS-Rotterdam-01,Household,HOU-01,41,38,116,0
2025-01-19,DS-Rotterdam-01,Household,HOU-02,42,38,122,0
2025-01-19,DS-Rotterdam-01,Household,HOU-03,41,36,134,0
2025-01-19,DS-Rotterdam-01,Household,HOU-04,47,31,180,0
2025-01-19,DS-Rotterdam-01,Household,HOU-05,40,41,121,0
2025-01-19,DS-Rotterdam-01,Household,HOU-06,33,39,118,0
2025-01-19,DS-Utrecht-01,Fresh Produce,FRE-01,51,63,361,0
2025-01-19,DS-Utrecht-01,Fresh Produce,FRE-02,51,61,343,0
2025-01-19,DS-Utrecht-01,Fresh Produce,FRE-03,62,60,411,0
2025-01-19,DS-Utrecht-01,Fresh Produce,FRE-04,60,55,377,0
2025-01-19,DS-Utrecht-01,Fresh Produce,FRE-05,77,121,462,1
2025-01-19,DS-Utrecht-01,Fresh Produce,FRE-06,43,63,294,0
2025-01-19,DS-Utrecht-01,Dairy,DAI-01,41,37,135,0
2025-01-19,DS-Utrecht-01,Dairy,DAI-02,42,35,174,0
2025-01-19,DS-Utrecht-01,Dairy,DAI-03,70,77,252,1
2025-01-19,DS-Utrecht-01,Dairy,DAI-04,42,45,165,0
2025-01-19,DS-Utrecht-01,Dairy,DAI-05,35,29,111,0
2025-01-19,DS-Utrecht-01,Dairy,DAI-06,39,41,114,0
2025-01-19,DS-Utrecht-01,Beverages,BEV-01,72,65,204,0
2025-01-19,DS-Utrecht-01,Beverages,BEV-02,73,68,222,0
2025-01-19,DS-Utrecht-01,Beverages,BEV-03,54,65,177,0
2025-01-19,DS-Utrecht-01,Beverages,BEV-04,67,44,233,0
2025-01-19,DS-Utrecht-01,Beverages,BEV-05,74,65,275,0
2025-01-19,DS-Utrecht-01,Beverages,BEV-06,57,71,216,0
2025-01-19,DS-Utrecht-01,Snacks,SNA-01,72,55,129,0
2025-01-19,DS-Utrecht-01,Snacks,SNA-02,57,56,94,0
2025-01-19,DS-Utrecht-01,Snacks,SNA-03,56,47,74,0
2025-01-19,DS-Utrecht-01,Snacks,SNA-04,60,54,73,0
2025-01-19,DS-Utrecht-01,Snacks,SNA-05,60,47,92,0
2025-01-19,DS-Utrecht-01,Snacks,SNA-06,75,52,100,0
2025-01-19,DS-Utrecht-01,Household,HOU-01,31,26,119,0
2025-01-19,DS-Utrecht-01,Household,HOU-02,32,27,104,0
2025-01-19,DS-Utrecht-01,Household,HOU-03,22,27,85,0
2025-01-19,DS-Utrecht-01,Household,HOU-04,35,25,140,0
2025-01-19,DS-Utrecht-01,Household,HOU-05,30,25,107,0
2025-01-19,DS-Utrecht-01,Household,HOU-06,29,24,118,0
2025-01-19,DS-TheHague-01,Fresh Produce,FRE-01,65,84,336,0
2025-01-19,DS-TheHague-01,Fresh Produce,FRE-02,74,71,505,0
2025-01-19,DS-TheHague-01,Fresh Produce,FRE-03,72,72,419,0
2025-01-19,DS-TheHague-01,Fresh Produce,FRE-04,59,77,363,0
2025-01-19,DS-TheHague-01,Fresh Produce,FRE-05,69,91,464,0
2025-01-19,DS-TheHague-01,Fresh Produce,FRE-06,65,68,357,0
2025-01-19,DS-TheHague-01,Dairy,DAI-01,96,101,310,1
2025-01-19,DS-TheHague-01,Dairy,DAI-02,62,50,233,0
2025-01-19,DS-TheHague-01,Dairy,DAI-03,60,52,235,0
2025-01-19,DS-TheHague-01,Dairy,DAI-04,46,56,187,0
2025-01-19,DS-TheHague-01,Dairy,DAI-05,56,53,174,0
2025-01-19,DS-TheHague-01,Dairy,DAI-06,47,38,138,0
2025-01-19,DS-TheHague-01,Beverages,BEV-01,90,112,292,0
2025-01-19,DS-TheHague-01,Beverages,BEV-02,91,108,302,0
2025-01-19,DS-TheHague-01,Beverages,BEV-03,72,87,204,0
2025-01-19,DS-TheHague-01,Beverages,BEV-04,94,95,366,0
2025-01-19,DS-TheHague-01,Beverages,BEV-05,91,86,371,0
2025-01-19,DS-TheHague-01,Beverages,BEV-06,97,101,379,0
2025-01-19,DS-TheHague-01,Snacks,SNA-01,60,50,103,0
2025-01-19,DS-TheHague-01,Snacks,SNA-02,97,70,172,0
2025-01-19,DS-TheHague-01,Snacks,SNA-03,86,75,137,0
2025-01-19,DS-TheHague-01,Snacks,SNA-04,82,80,98,0
2025-01-19,DS-TheHague-01,Snacks,SNA-05,68,66,97,0
2025-01-19,DS-TheHague-01,Snacks,SNA-06,72,57,118,0
2025-01-19,DS-TheHague-01,Household,HOU-01,31,31,129,0
2025-01-19,DS-TheHague-01,Household,HOU-02,24,35,90,0
2025-01-19,DS-TheHague-01,Household,HOU-03,34,32,131,0
2025-01-19,DS-TheHague-01,Household,HOU-04,32,29,119,0
2025-01-19,DS-TheHague-01,Household,HOU-05,40,42,125,0
2025-01-19,DS-TheHague-01,Household,HOU-06,38,34,137,0
2025-01-20,DS-Amsterdam-01,Fresh Produce,FRE-01,57,55,280,0
2025-01-20,DS-Amsterdam-01,Fresh Produce,FRE-02,49,58,259,0
2025-01-20,DS-Amsterdam-01,Fresh Produce,FRE-03,48,52,272,0
2025-01-20,DS-Amsterdam-01,Fresh Produce,FRE-04,54,56,338,0
2025-01-20,DS-Amsterdam-01,Fresh Produce,FRE-05,46,54,304,0
2025-01-20,DS-Amsterdam-01,Fresh Produce,FRE-06,52,47,297,0
2025-01-20,DS-Amsterdam-01,Dairy,DAI-01,49,30,199,0
2025-01-20,DS-Amsterdam-01,Dairy,DAI-02,34,33,109,0
2025-01-20,DS-Amsterdam-01,Dairy,DAI-03,35,40,102,0
2025-01-20,DS-Amsterdam-01,Dairy,DAI-04,71,91,241,1
2025-01-20,DS-Amsterdam-01,Dairy,DAI-05,41,39,162,0
2025-01-20,DS-Amsterdam-01,Dairy,DAI-06,40,46,142,0
2025-01-20,DS-Amsterdam-01,Beverages,BEV-01,111,162,392,1
2025-01-20,DS-Amsterdam-01,Beverages,BEV-02,69,80,243,0
2025-01-20,DS-Amsterdam-01,Beverages,BEV-03,59,60,221,0
2025-01-20,DS-Amsterdam-01,Beverages,BEV-04,76,68,250,0
2025-01-20,DS-Amsterdam-01,Beverages,BEV-05,69,67,225,0
2025-01-20,DS-Amsterdam-01,Beverages,BEV-06,62,65,254,0
2025-01-20,DS-Amsterdam-01,Snacks,SNA-01,46,51,64,0
2025-01-20,DS-Amsterdam-01,Snacks,SNA-02,64,46,95,0
2025-01-20,DS-Amsterdam-01,Snacks,SNA-03,59,59,80,0
2025-01-20,DS-Amsterdam-01,Snacks,SNA-04,58,43,71,0
2025-01-20,DS-Amsterdam-01,Snacks,SNA-05,63,61,102,0
2025-01-20,DS-Amsterdam-01,Snacks,SNA-06,77,52,136,0
2025-01-20,DS-Amsterdam-01,Household,HOU-01,22,25,73,0
2025-01-20,DS-Amsterdam-01,Household,HOU-02,30,26,113,0
2025-01-20,DS-Amsterdam-01,Household,HOU-03,18,30,67,0
2025-01-20,DS-Amsterdam-01,Household,HOU-04,34,31,129,0
2025-01-20,DS-Amsterdam-01,Household,HOU-05,21,25,67,0
2025-01-20,DS-Amsterdam-01,Household,HOU-06,18,22,51,0
2025-01-20,DS-Amsterdam-02,Fresh Produce,FRE-01,70,82,431,1
2025-01-20,DS-Amsterdam-02,Fresh Produce,FRE-02,35,53,194,0
2025-01-20,DS-Amsterdam-02,Fresh Produce,FRE-03,48,50,335,0
2025-01-20,DS-Amsterdam-02,Fresh Produce,FRE-04,81,82,491,1
2025-01-20,DS-Amsterdam-02,Fresh Produce,FRE-05,39,47,215,0
2025-01-20,DS-Amsterdam-02,Fresh Produce,FRE-06,34,49,201,0
2025-01-20,DS-Amsterdam-02,Dairy,DAI-01,37,34,120,0
2025-01-20,DS-Amsterdam-02,Dairy,DAI-02,35,31,105,0
2025-01-20,DS-Amsterdam-02,Dairy,DAI-03,28,30,101,0
2025-01-20,DS-Amsterdam-02,Dairy,DAI-04,34,30,127,0
2025-01-20,DS-Amsterdam-02,Dairy,DAI-05,30,32,110,0
2025-01-20,DS-Amsterdam-02,Dairy,DAI-06,36,26,102,0
2025-01-20,DS-Amsterdam-02,Beverages,BEV-01,56,40,225,0
2025-01-20,DS-Amsterdam-02,Beverages,BEV-02,106,105,339,1
2025-01-20,DS-Amsterdam-02,Beverages,BEV-03,44,50,164,0
2025-01-20,DS-Amsterdam-02,Beverages,BEV-04,55,46,199,0
2025-01-20,DS-Amsterdam-02,Beverages,BEV-05,44,52,184,0
2025-01-20,DS-Amsterdam-02,Beverages,BEV-06,59,54,190,0
2025-01-20,DS-Amsterdam-02,Snacks,SNA-01,43,38,53,0
2025-01-20,DS-Amsterdam-02,Snacks,SNA-02,38,39,63,0
2025-01-20,DS-Amsterdam-02,Snacks,SNA-03,49,37,68,0
2025-01-20,DS-Amsterdam-02,Snacks,SNA-04,89,79,157,1
2025-01-20,DS-Amsterdam-02,Snacks,SNA-05,46,38,61,0
2025-01-20,DS-Amsterdam-02,Snacks,SNA-06,48,36,70,0
2025-01-20,DS-Amsterdam-02,Household,HOU-01,21,22,82,0
2025-01-20,DS-Amsterdam-02,Household,HOU-02,20,18,67,0
2025-01-20,DS-Amsterdam-02,Household,HOU-03,16,23,64,0
2025-01-20,DS-Amsterdam-02,Household,HOU-04,23,20,66,0
2025-01-20,DS-Amsterdam-02,Household,HOU-05,20,20,64,0
2025-01-20,DS-Amsterdam-02,Household,HOU-06,19,18,79,0
2025-01-20,DS-Rotterdam-01,Fresh Produce,FRE-01,27,42,161,0
2025-01-20,DS-Rotterdam-01,Fresh Produce,FRE-02,51,75,256,1
2025-01-20,DS-Rotterdam-01,Fresh Produce,FRE-03,36,38,218,0
2025-01-20,DS-Rotterdam-01,Fresh Produce,FRE-04,33,45,215,0
2025-01-20,DS-Rotterdam-01,Fresh Produce,FRE-05,93,75,651,1
2025-01-20,DS-Rotterdam-01,Fresh Produce,FRE-06,34,42,166,0
2025-01-20,DS-Rotterdam-01,Dairy,DAI-01,33,30,107,0
2025-01-20,DS-Rotterdam-01,Dairy,DAI-02,57,64,195,1
2025-01-20,DS-Rotterdam-01,Dairy,DAI-03,30,31,106,0
2025-01-20,DS-Rotterdam-01,Dairy,DAI-04,37,37,109,0
2025-01-20,DS-Rotterdam-01,Dairy,DAI-05,29,30,95,0
2025-01-20,DS-Rotterdam-01,Dairy,DAI-06,29,29,107,0
2025-01-20,DS-Rotterdam-01,Beverages,BEV-01,42,45,153,0
2025-01-20,DS-Rotterdam-01,Beverages,BEV-02,45,56,187,0
2025-01-20,DS-Rotterdam-01,Beverages,BEV-03,54,49,220,0
2025-01-20,DS-Rotterdam-01,Beverages,BEV-04,36,59,108,0
2025-01-20,DS-Rotterdam-01,Beverages,BEV-05,44,53,167,0
2025-01-20,DS-Rotterdam-01,Beverages,BEV-06,38,51,120,0
2025-01-20,DS-Rotterdam-01,Snacks,SNA-01,41,44,50,0
2025-01-20,DS-Rotterdam-01,Snacks,SNA-02,48,38,59,0
2025-01-20,DS-Rotterdam-01,Snacks,SNA-03,42,40,71,0
2025-01-20,DS-Rotterdam-01,Snacks,SNA-04,64,67,95,1
2025-01-20,DS-Rotterdam-01,Snacks,SNA-05,44,37,58,0
2025-01-20,DS-Rotterdam-01,Snacks,SNA-06,51,33,83,0
2025-01-20,DS-Rotterdam-01,Household,HOU-01,20,17,78,0
2025-01-20,DS-Rotterdam-01,Household,HOU-02,17,20,52,0
2025-01-20,DS-Rotterdam-01,Household,HOU-03,19,18,59,0
2025-01-20,DS-Rotterdam-01,Household,HOU-04,31,17,109,0
2025-01-20,DS-Rotterdam-01,Household,HOU-05,22,21,87,0
2025-01-20,DS-Rotterdam-01,Household,HOU-06,17,16,60,0
2025-01-20,DS-Utrecht-01,Fresh Produce,FRE-01,51,38,293,0
2025-01-20,DS-Utrecht-01,Fresh Produce,FRE-02,52,52,316,0
2025-01-20,DS-Utrecht-01,Fresh Produce,FRE-03,56,53,313,0
2025-01-20,DS-Utrecht-01,Fresh Produce,FRE-04,36,48,218,0
2025-01-20,DS-Utrecht-01,Fresh Produce,FRE-05,58,52,373,0
2025-01-20,DS-Utrecht-01,Fresh Produce,FRE-06,37,55,200,0
2025-01-20,DS-Utrecht-01,Dairy,DAI-01,33,33,101,0
2025-01-20,DS-Utrecht-01,Dairy,DAI-02,49,33,144,0
2025-01-20,DS-Utrecht-01,Dairy,DAI-03,38,36,140,0
2025-01-20,DS-Utrecht-01,Dairy,DAI-04,35,36,99,0
2025-01-20,DS-Utrecht-01,Dairy,DAI-05,69,64,214,1
2025-01-20,DS-Utrecht-01,Dairy,DAI-06,30,41,108,0
2025-01-20,DS-Utrecht-01,Beverages,BEV-01,76,56,262,0
2025-01-20,DS-Utrecht-01,Beverages,BEV-02,68,71,199,0
2025-01-20,DS-Utrecht-01,Beverages,BEV-03,60,58,208,0
2025-01-20,DS-Utrecht-01,Beverages,BEV-04,68,60,247,0
2025-01-20,DS-Utrecht-01,Beverages,BEV-05,61,57,254,0
2025-01-20,DS-Utrecht-01,Beverages,BEV-06,50,59,155,0
2025-01-20,DS-Utrecht-01,Snacks,SNA-01,58,53,78,0
2025-01-20,DS-Utrecht-01,Snacks,SNA-02,61,40,73,0
2025-01-20,DS-Utrecht-01,Snacks,SNA-03,52,40,67,0
2025-01-20,DS-Utrecht-01,Snacks,SNA-04,51,53,83,0
2025-01-20,DS-Utrecht-01,Snacks,SNA-05,52,47,82,0
2025-01-20,DS-Utrecht-01,Snacks,SNA-06,62,55,110,0
2025-01-20,DS-Utrecht-01,Household,HOU-01,23,25,90,0
2025-01-20,DS-Utrecht-01,Household,HOU-02,24,19,81,0
2025-01-20,DS-Utrecht-01,Household,HOU-03,22,23,72,0
2025-01-20,DS-Utrecht-01,Household,HOU-04,20,24,61,0
2025-01-20,DS-Utrecht-01,Household,HOU-05,36,23,102,0
2025-01-20,DS-Utrecht-01,Household,HOU-06,52,37,164,1
2025-01-20,DS-TheHague-01,Fresh Produce,FRE-01,41,63,229,0
2025-01-20,DS-TheHague-01,Fresh Produce,FRE-02,46,52,251,0
2025-01-20,DS-TheHague-01,Fresh Produce,FRE-03,97,110,553,1
2025-01-20,DS-TheHague-01,Fresh Produce,FRE-04,33,51,207,0
2025-01-20,DS-TheHague-01,Fresh Produce,FRE-05,58,64,381,0
2025-01-20,DS-TheHague-01,Fresh Produce,FRE-06,53,51,334,0
2025-01-20,DS-TheHague-01,Dairy,DAI-01,44,24,157,0
2025-01-20,DS-TheHague-01,Dairy,DAI-02,50,41,197,0
2025-01-20,DS-TheHague-01,Dairy,DAI-03,31,36,103,0
2025-01-20,DS-TheHague-01,Dairy,DAI-04,40,39,129,0
2025-01-20,DS-TheHague-01,Dairy,DAI-05,46,33,138,0
2025-01-20,DS-TheHague-01,Dairy,DAI-06,41,35,170,0
2025-01-20,DS-TheHague-01,Beverages,BEV-01,71,64,282,0
2025-01-20,DS-TheHague-01,Beverages,BEV-02,56,53,172,0
2025-01-20,DS-TheHague-01,Beverages,BEV-03,71,69,233,0
2025-01-20,DS-TheHague-01,Beverages,BEV-04,80,69,287,0
2025-01-20,DS-TheHague-01,Beverages,BEV-05,60,68,202,0
2025-01-20,DS-TheHague-01,Beverages,BEV-06,78,67,266,0
2025-01-20,DS-TheHague-01,Snacks,SNA-01,97,73,133,1
2025-01-20,DS-TheHague-01,Snacks,SNA-02,52,61,65,0
2025-01-20,DS-TheHague-01,Snacks,SNA-03,65,34,105,0
2025-01-20,DS-TheHague-01,Snacks,SNA-04,42,46,54,0
2025-01-20,DS-TheHague-01,Snacks,SNA-05,64,43,101,0
2025-01-20,DS-TheHague-01,Snacks,SNA-06,60,52,95,0
2025-01-20,DS-TheHague-01,Household,HOU-01,27,25,108,0
2025-01-20,DS-TheHague-01,Household,HOU-02,31,30,129,0
2025-01-20,DS-TheHague-01,Household,HOU-03,23,24,78,0
2025-01-20,DS-TheHague-01,Household,HOU-04,31,23,89,0
2025-01-20,DS-TheHague-01,Household,HOU-05,21,22,60,0
2025-01-20,DS-TheHague-01,Household,HOU-06,25,25,84,0
2025-01-21,DS-Amsterdam-01,Fresh Produce,FRE-01,53,57,275,0
2025-01-21,DS-Amsterdam-01,Fresh Produce,FRE-02,60,66,342,0
2025-01-21,DS-Amsterdam-01,Fresh Produce,FRE-03,57,57,280,0
2025-01-21,DS-Amsterdam-01,Fresh Produce,FRE-04,58,66,412,0
2025-01-21,DS-Amsterdam-01,Fresh Produce,FRE-05,60,66,389,0
2025-01-21,DS-Amsterdam-01,Fresh Produce,FRE-06,59,46,420,0
2025-01-21,DS-Amsterdam-01,Dairy,DAI-01,71,73,199,1
2025-01-21,DS-Amsterdam-01,Dairy,DAI-02,51,36,146,0
2025-01-21,DS-Amsterdam-01,Dairy,DAI-03,49,40,172,0
2025-01-21,DS-Amsterdam-01,Dairy,DAI-04,44,54,149,0
2025-01-21,DS-Amsterdam-01,Dairy,DAI-05,43,53,156,0
2025-01-21,DS-Amsterdam-01,Dairy,DAI-06,36,49,134,0
2025-01-21,DS-Amsterdam-01,Beverages,BEV-01,69,65,279,0
2025-01-21,DS-Amsterdam-01,Beverages,BEV-02,68,88,200,0
2025-01-21,DS-Amsterdam-01,Beverages,BEV-03,71,67,275,0
2025-01-21,DS-Amsterdam-01,Beverages,BEV-04,132,119,401,1
2025-01-21,DS-Amsterdam-01,Beverages,BEV-05,65,73,252,0
2025-01-21,DS-Amsterdam-01,Beverages,BEV-06,79,70,227,0
2025-01-21,DS-Amsterdam-01,Snacks,SNA-01,63,65,84,0
2025-01-21,DS-Amsterdam-01,Snacks,SNA-02,55,56,88,0
2025-01-21,DS-Amsterdam-01,Snacks,SNA-03,52,51,65,0
2025-01-21,DS-Amsterdam-01,Snacks,SNA-04,50,56,68,0
2025-01-21,DS-Amsterdam-01,Snacks,SNA-05,56,42,72,0
2025-01-21,DS-Amsterdam-01,Snacks,SNA-06,74,50,107,0
2025-01-21,DS-Amsterdam-01,Household,HOU-01,25,25,89,0
2025-01-21,DS-Amsterdam-01,Household,HOU-02,25,24,82,0
2025-01-21,DS-Amsterdam-01,Household,HOU-03,33,23,116,0
2025-01-21,DS-Amsterdam-01,Household,HOU-04,20,26,76,0
2025-01-21,DS-Amsterdam-01,Household,HOU-05,22,27,73,0
2025-01-21,DS-Amsterdam-01,Household,HOU-06,28,32,109,0
2025-01-21,DS-Amsterdam-02,Fresh Produce,FRE-01,49,57,242,0
2025-01-21,DS-Amsterdam-02,Fresh Produce,FRE-02,37,57,261,0
2025-01-21,DS-Amsterdam-02,Fresh Produce,FRE-03,44,50,250,0
2025-01-21,DS-Amsterdam-02,Fresh Produce,FRE-04,57,65,389,0
2025-01-21,DS-Amsterdam-02,Fresh Produce,FRE-05,52,54,340,0
2025-01-21,DS-Amsterdam-02,Fresh Produce,FRE-06,49,54,263,0
2025-01-21,DS-Amsterdam-02,Dairy,DAI-01,45,34,133,0
2025-01-21,DS-Amsterdam-02,Dairy,DAI-02,67,69,265,1
2025-01-21,DS-Amsterdam-02,Dairy,DAI-03,54,38,155,0
2025-01-21,DS-Amsterdam-02,Dairy,DAI-04,41,38,153,0
2025-01-21,DS-Amsterdam-02,Dairy,DAI-05,45,45,130,0
2025-01-21,DS-Amsterdam-02,Dairy,DAI-06,29,34,87,0
2025-01-21,DS-Amsterdam-02,Beverages,BEV-01,65,64,246,0
2025-01-21,DS-Amsterdam-02,Beverages,BEV-02,68,70,250,0
2025-01-21,DS-Amsterdam-02,Beverages,BEV-03,119,108,473,1
2025-01-21,DS-Amsterdam-02,Beverages,BEV-04,65,69,239,0
2025-01-21,DS-Amsterdam-02,Beverages,BEV-05,78,63,288,0
2025-01-21,DS-Amsterdam-02,Beverages,BEV-06,70,62,254,0
2025-01-21,DS-Amsterdam-02,Snacks,SNA-01,51,57,81,0
2025-01-21,DS-Amsterdam-02,Snacks,SNA-02,50,64,74,0
2025-01-21,DS-Amsterdam-02,Snacks,SNA-03,54,50,79,0
2025-01-21,DS-Amsterdam-02,Snacks,SNA-04,51,56,67,0
2025-01-21,DS-Amsterdam-02,Snacks,SNA-05,64,51,89,0
2025-01-21,DS-Amsterdam-02,Snacks,SNA-06,59,50,99,0
2025-01-21,DS-Amsterdam-02,Household,HOU-01,26,24,99,0
2025-01-21,DS-Amsterdam-02,Household,HOU-02,38,26,146,0
2025-01-21,DS-Amsterdam-02,Household,HOU-03,56,55,225,1
2025-01-21,DS-Amsterdam-02,Household,HOU-04,23,25,69,0
2025-01-21,DS-Amsterdam-02,Household,HOU-05,21,25,84,0
2025-01-21,DS-Amsterdam-02,Household,HOU-06,19,32,63,0
2025-01-21,DS-Rotterdam-01,Fresh Produce,FRE-01,23,52,156,0
2025-01-21,DS-Rotterdam-01,Fresh Produce,FRE-02,37,38,203,0
2025-01-21,DS-Rotterdam-01,Fresh Produce,FRE-03,41,43,225,0
2025-01-21,DS-Rotterdam-01,Fresh Produce,FRE-04,41,40,289,0
2025-01-21,DS-Rotterdam-01,Fresh Produce,FRE-05,45,44,241,0
2025-01-21,DS-Rotterdam-01,Fresh Produce,FRE-06,35,43,205,0
2025-01-21,DS-Rotterdam-01,Dairy,DAI-01,33,28,104,0
2025-01-21,DS-Rotterdam-01,Dairy,DAI-02,22,30,73,0
2025-01-21,DS-Rotterdam-01,Dairy,DAI-03,21,26,63,0
2025-01-21,DS-Rotterdam-01,Dairy,DAI-04,28,32,80,0
2025-01-21,DS-Rotterdam-01,Dairy,DAI-05,33,28,107,0
2025-01-21,DS-Rotterdam-01,Dairy,DAI-06,27,30,100,0
2025-01-21,DS-Rotterdam-01,Beverages,BEV-01,45,53,185,0
2025-01-21,DS-Rotterdam-01,Beverages,BEV-02,52,60,167,0
2025-01-21,DS-Rotterdam-01,Beverages,BEV-03,64,49,213,0
2025-01-21,DS-Rotterdam-01,Beverages,BEV-04,55,48,201,0
2025-01-21,DS-Rotterdam-01,Beverages,BEV-05,49,61,154,0
2025-01-21,DS-Rotterdam-01,Beverages,BEV-06,100,96,402,1
2025-01-21,DS-Rotterdam-01,Snacks,SNA-01,40,34,58,0
2025-01-21,DS-Rotterdam-01,Snacks,SNA-02,36,38,52,0
2025-01-21,DS-Rotterdam-01,Snacks,SNA-03,31,41,43,0
2025-01-21,DS-Rotterdam-01,Snacks,SNA-04,39,33,47,0
2025-01-21,DS-Rotterdam-01,Snacks,SNA-05,55,43,84,0
2025-01-21,DS-Rotterdam-01,Snacks,SNA-06,53,42,74,0
2025-01-21,DS-Rotterdam-01,Household,HOU-01,24,17,78,0
2025-01-21,DS-Rotterdam-01,Household,HOU-02,19,20,60,0
2025-01-21,DS-Rotterdam-01,Household,HOU-03,16,22,57,0
2025-01-21,DS-Rotterdam-01,Household,HOU-04,19,22,78,0
2025-01-21,DS-Rotterdam-01,Household,HOU-05,12,23,37,0
2025-01-21,DS-Rotterdam-01,Household,HOU-06,19,21,68,0
2025-01-21,DS-Utrecht-01,Fresh Produce,FRE-01,36,51,192,0
2025-01-21,DS-Utrecht-01,Fresh Produce,FRE-02,26,37,142,0
2025-01-21,DS-Utrecht-01,Fresh Produce,FRE-03,30,46,201,0
2025-01-21,DS-Utrecht-01,Fresh Produce,FRE-04,43,46,297,0
2025-01-21,DS-Utrecht-01,Fresh Produce,FRE-05,33,49,177,0
2025-01-21,DS-Utrecht-01,Fresh Produce,FRE-06,33,40,223,0
2025-01-21,DS-Utrecht-01,Dairy,DAI-01,26,28,85,0
2025-01-21,DS-Utrecht-01,Dairy,DAI-02,26,33,102,0
2025-01-21,DS-Utrecht-01,Dairy,DAI-03,24,27,92,0
2025-01-21,DS-Utrecht-01,Dairy,DAI-04,29,26,87,0
2025-01-21,DS-Utrecht-01,Dairy,DAI-05,33,28,104,0
2025-01-21,DS-Utrecht-01,Dairy,DAI-06,20,31,58,0
2025-01-21,DS-Utrecht-01,Beverages,BEV-01,43,47,175,0
2025-01-21,DS-Utrecht-01,Beverages,BEV-02,42,48,172,0
2025-01-21,DS-Utrecht-01,Beverages,BEV-03,41,53,158,0
2025-01-21,DS-Utrecht-01,Beverages,BEV-04,48,54,193,0
2025-01-21,DS-Utrecht-01,Beverages,BEV-05,45,47,177,0
2025-01-21,DS-Utrecht-01,Beverages,BEV-06,52,51,216,0
2025-01-21,DS-Utrecht-01,Snacks,SNA-01,37,35,56,0
2025-01-21,DS-Utrecht-01,Snacks,SNA-02,48,43,75,0
2025-01-21,DS-Utrecht-01,Snacks,SNA-03,39,30,51,0
2025-01-21,DS-Utrecht-01,Snacks,SNA-04,33,36,39,0
2025-01-21,DS-Utrecht-01,Snacks,SNA-05,53,30,84,0
2025-01-21,DS-Utrecht-01,Snacks,SNA-06,52,40,71,0
2025-01-21,DS-Utrecht-01,Household,HOU-01,21,18,71,0
2025-01-21,DS-Utrecht-01,Household,HOU-02,19,22,77,0
2025-01-21,DS-Utrecht-01,Household,HOU-03,18,20,60,0
2025-01-21,DS-Utrecht-01,Household,HOU-04,19,24,56,0
2025-01-21,DS-Utrecht-01,Household,HOU-05,22,22,70,0
2025-01-21,DS-Utrecht-01,Household,HOU-06,22,19,75,0
2025-01-21,DS-TheHague-01,Fresh Produce,FRE-01,39,60,267,0
2025-01-21,DS-TheHague-01,Fresh Produce,FRE-02,40,60,275,0
2025-01-21,DS-TheHague-01,Fresh Produce,FRE-03,47,50,256,0
2025-01-21,DS-TheHague-01,Fresh Produce,FRE-04,58,70,286,0
2025-01-21,DS-TheHague-01,Fresh Produce,FRE-05,46,53,229,0
2025-01-21,DS-TheHague-01,Fresh Produce,FRE-06,58,59,312,0
2025-01-21,DS-TheHague-01,Dairy,DAI-01,63,55,216,1
2025-01-21,DS-TheHague-01,Dairy,DAI-02,30,38,104,0
2025-01-21,DS-TheHague-01,Dairy,DAI-03,38,43,142,0
2025-01-21,DS-TheHague-01,Dairy,DAI-04,57,46,233,0
2025-01-21,DS-TheHague-01,Dairy,DAI-05,35,36,137,0
2025-01-21,DS-TheHague-01,Dairy,DAI-06,76,64,295,1
2025-01-21,DS-TheHague-01,Beverages,BEV-01,69,72,231,0
2025-01-21,DS-TheHague-01,Beverages,BEV-02,71,72,250,0
2025-01-21,DS-TheHague-01,Beverages,BEV-03,68,74,225,0
2025-01-21,DS-TheHague-01,Beverages,BEV-04,64,56,258,0
2025-01-21,DS-TheHague-01,Beverages,BEV-05,73,85,280,0
2025-01-21,DS-TheHague-01,Beverages,BEV-06,58,50,203,0
2025-01-21,DS-TheHague-01,Snacks,SNA-01,114,76,144,1
2025-01-21,DS-TheHague-01,Snacks,SNA-02,59,56,97,0
2025-01-21,DS-TheHague-01,Snacks,SNA-03,64,51,82,0
2025-01-21,DS-TheHague-01,Snacks,SNA-04,67,45,91,0
2025-01-21,DS-TheHague-01,Snacks,SNA-05,68,49,104,0
2025-01-21,DS-TheHague-01,Snacks,SNA-06,62,47,75,0
2025-01-21,DS-TheHague-01,Household,HOU-01,28,24,86,0
2025-01-21,DS-TheHague-01,Household,HOU-02,22,26,82,0
2025-01-21,DS-TheHague-01,Household,HOU-03,55,58,186,1
2025-01-21,DS-TheHague-01,Household,HOU-04,23,30,80,0
2025-01-21,DS-TheHague-01,Household,HOU-05,27,25,106,0
2025-01-21,DS-TheHague-01,Household,HOU-06,19,29,76,0
2025-01-22,DS-Amsterdam-01,Fresh Produce,FRE-01,43,59,207,0
2025-01-22,DS-Amsterdam-01,Fresh Produce,FRE-02,51,54,304,0
2025-01-22,DS-Amsterdam-01,Fresh Produce,FRE-03,41,53,238,0
2025-01-22,DS-Amsterdam-01,Fresh Produce,FRE-04,61,95,304,1
2025-01-22,DS-Amsterdam-01,Fresh Produce,FRE-05,79,102,495,1
2025-01-22,DS-Amsterdam-01,Fresh Produce,FRE-06,34,52,199,0
2025-01-22,DS-Amsterdam-01,Dairy,DAI-01,22,34,75,0
2025-01-22,DS-Amsterdam-01,Dairy,DAI-02,50,72,158,1
2025-01-22,DS-Amsterdam-01,Dairy,DAI-03,35,37,123,0
2025-01-22,DS-Amsterdam-01,Dairy,DAI-04,53,65,207,1
2025-01-22,DS-Amsterdam-01,Dairy,DAI-05,38,32,120,0
2025-01-22,DS-Amsterdam-01,Dairy,DAI-06,43,38,147,0
2025-01-22,DS-Amsterdam-01,Beverages,BEV-01,95,112,361,1
2025-01-22,DS-Amsterdam-01,Beverages,BEV-02,58,72,190,0
2025-01-22,DS-Amsterdam-01,Beverages,BEV-03,64,62,268,0
2025-01-22,DS-Amsterdam-01,Beverages,BEV-04,56,66,197,0
2025-01-22,DS-Amsterdam-01,Beverages,BEV-05,64,55,256,0
2025-01-22,DS-Amsterdam-01,Beverages,BEV-06,56,63,173,0
2025-01-22,DS-Amsterdam-01,Snacks,SNA-01,51,39,87,0
2025-01-22,DS-Amsterdam-01,Snacks,SNA-02,57,36,73,0
2025-01-22,DS-Amsterdam-01,Snacks,SNA-03,48,46,76,0
2025-01-22,DS-Amsterdam-01,Snacks,SNA-04,48,42,60,0
2025-01-22,DS-Amsterdam-01,Snacks,SNA-05,66,51,99,0
2025-01-22,DS-Amsterdam-01,Snacks,SNA-06,55,48,84,0
2025-01-22,DS-Amsterdam-01,Household,HOU-01,30,26,114,0
2025-01-22,DS-Amsterdam-01,Household,HOU-02,22,20,79,0
2025-01-22,DS-Amsterdam-01,Household,HOU-03,51,48,154,1
2025-01-22,DS-Amsterdam-01,Household,HOU-04,26,23,100,0
2025-01-22,DS-Amsterdam-01,Household,HOU-05,27,26,88,0
2025-01-22,DS-Amsterdam-01,Household,HOU-06,30,24,116,0
2025-01-22,DS-Amsterdam-02,Fresh Produce,FRE-01,47,42,237,0
2025-01-22,DS-Amsterdam-02,Fresh Produce,FRE-02,44,39,275,0
2025-01-22,DS-Amsterdam-02,Fresh Produce,FRE-03,45,54,269,0
2025-01-22,DS-Amsterdam-02,Fresh Produce,FRE-04,43,45,284,0
2025-01-22,DS-Amsterdam-02,Fresh Produce,FRE-05,38,47,212,0
2025-01-22,DS-Amsterdam-02,Fresh Produce,FRE-06,49,38,257,0
2025-01-22,DS-Amsterdam-02,Dairy,DAI-01,39,32,144,0
2025-01-22,DS-Amsterdam-02,Dairy,DAI-02,28,28,108,0
2025-01-22,DS-Amsterdam-02,Dairy,DAI-03,29,28,102,0
2025-01-22,DS-Amsterdam-02,Dairy,DAI-04,29,32,114,0
2025-01-22,DS-Amsterdam-02,Dairy,DAI-05,23,25,85,0
2025-01-22,DS-Amsterdam-02,Dairy,DAI-06,25,32,79,0
2025-01-22,DS-Amsterdam-02,Beverages,BEV-01,71,55,240,0
2025-01-22,DS-Amsterdam-02,Beverages,BEV-02,92,114,342,1
2025-01-22,DS-Amsterdam-02,Beverages,BEV-03,61,66,249,0
2025-01-22,DS-Amsterdam-02,Beverages,BEV-04,59,58,190,0
2025-01-22,DS-Amsterdam-02,Beverages,BEV-05,61,57,205,0
2025-01-22,DS-Amsterdam-02,Beverages,BEV-06,88,101,312,1
2025-01-22,DS-Amsterdam-02,Snacks,SNA-01,36,39,44,0
2025-01-22,DS-Amsterdam-02,Snacks,SNA-02,60,39,72,0
2025-01-22,DS-Amsterdam-02,Snacks,SNA-03,48,45,77,0
2025-01-22,DS-Amsterdam-02,Snacks,SNA-04,59,39,97,0
2025-01-22,DS-Amsterdam-02,Snacks,SNA-05,46,45,60,0
2025-01-22,DS-Amsterdam-02,Snacks,SNA-06,49,41,61,0
2025-01-22,DS-Amsterdam-02,Household,HOU-01,17,19,58,0
2025-01-22,DS-Amsterdam-02,Household,HOU-02,17,21,70,0
2025-01-22,DS-Amsterdam-02,Household,HOU-03,20,21,78,0
2025-01-22,DS-Amsterdam-02,Household,HOU-04,32,23,97,0
2025-01-22,DS-Amsterdam-02,Household,HOU-05,47,35,150,1
2025-01-22,DS-Amsterdam-02,Household,HOU-06,18,24,66,0
2025-01-22,DS-Rotterdam-01,Fresh Produce,FRE-01,63,72,430,0
2025-01-22,DS-Rotterdam-01,Fresh Produce,FRE-02,54,52,384,0
2025-01-22,DS-Rotterdam-01,Fresh Produce,FRE-03,48,46,275,0
2025-01-22,DS-Rotterdam-01,Fresh Produce,FRE-04,54,44,332,0
2025-01-22,DS-Rotterdam-01,Fresh Produce,FRE-05,54,55,340,0
2025-01-22,DS-Rotterdam-01,Fresh Produce,FRE-06,53,64,275,0
2025-01-22,DS-Rotterdam-01,Dairy,DAI-01,46,44,135,0
2025-01-22,DS-Rotterdam-01,Dairy,DAI-02,49,34,203,0
2025-01-22,DS-Rotterdam-01,Dairy,DAI-03,73,72,290,1
2025-01-22,DS-Rotterdam-01,Dairy,DAI-04,28,44,106,0
2025-01-22,DS-Rotterdam-01,Dairy,DAI-05,42,40,162,0
2025-01-22,DS-Rotterdam-01,Dairy,DAI-06,41,36,148,0
2025-01-22,DS-Rotterdam-01,Beverages,BEV-01,62,69,219,0
2025-01-22,DS-Rotterdam-01,Beverages,BEV-02,79,79,270,0
2025-01-22,DS-Rotterdam-01,Beverages,BEV-03,69,62,249,0
2025-01-22,DS-Rotterdam-01,Beverages,BEV-04,53,73,164,0
2025-01-22,DS-Rotterdam-01,Beverages,BEV-05,64,66,260,0
2025-01-22,DS-Rotterdam-01,Beverages,BEV-06,65,73,255,0
2025-01-22,DS-Rotterdam-01,Snacks,SNA-01,52,63,74,0
2025-01-22,DS-Rotterdam-01,Snacks,SNA-02,64,45,112,0
2025-01-22,DS-Rotterdam-01,Snacks,SNA-03,52,52,62,0
2025-01-22,DS-Rotterdam-01,Snacks,SNA-04,74,58,118,0
2025-01-22,DS-Rotterdam-01,Snacks,SNA-05,66,50,117,0
2025-01-22,DS-Rotterdam-01,Snacks,SNA-06,60,49,107,0
2025-01-22,DS-Rotterdam-01,Household,HOU-01,21,27,60,0
2025-01-22,DS-Rotterdam-01,Household,HOU-02,58,47,168,1
2025-01-22,DS-Rotterdam-01,Household,HOU-03,28,22,82,0
2025-01-22,DS-Rotterdam-01,Household,HOU-04,35,29,115,0
2025-01-22,DS-Rotterdam-01,Household,HOU-05,26,32,81,0
2025-01-22,DS-Rotterdam-01,Household,HOU-06,29,24,112,0
2025-01-22,DS-Utrecht-01,Fresh Produce,FRE-01,41,36,207,0
2025-01-22,DS-Utrecht-01,Fresh Produce,FRE-02,43,45,276,0
2025-01-22,DS-Utrecht-01,Fresh Produce,FRE-03,44,48,245,0
2025-01-22,DS-Utrecht-01,Fresh Produce,FRE-04,35,48,183,0
2025-01-22,DS-Utrecht-01,Fresh Produce,FRE-05,31,55,215,0
2025-01-22,DS-Utrecht-01,Fresh Produce,FRE-06,36,54,223,0
2025-01-22,DS-Utrecht-01,Dairy,DAI-01,36,35,148,0
2025-01-22,DS-Utrecht-01,Dairy,DAI-02,32,28,112,0
2025-01-22,DS-Utrecht-01,Dairy,DAI-03,29,28,116,0
2025-01-22,DS-Utrecht-01,Dairy,DAI-04,33,27,128,0
2025-01-22,DS-Utrecht-01,Dairy,DAI-05,31,27,110,0
2025-01-22,DS-Utrecht-01,Dairy,DAI-06,21,26,69,0
2025-01-22,DS-Utrecht-01,Beverages,BEV-01,60,57,203,0
2025-01-22,DS-Utrecht-01,Beverages,BEV-02,48,52,164,0
2025-01-22,DS-Utrecht-01,Beverages,BEV-03,44,52,158,0
2025-01-22,DS-Utrecht-01,Beverages,BEV-04,59,61,177,0
2025-01-22,DS-Utrecht-01,Beverages,BEV-05,56,54,220,0
2025-01-22,DS-Utrecht-01,Beverages,BEV-06,44,46,155,0
2025-01-22,DS-Utrecht-01,Snacks,SNA-01,49,39,65,0
2025-01-22,DS-Utrecht-01,Snacks,SNA-02,54,43,96,0
2025-01-22,DS-Utrecht-01,Snacks,SNA-03,43,46,60,0
2025-01-22,DS-Utrecht-01,Snacks,SNA-04,43,34,63,0
2025-01-22,DS-Utrecht-01,Snacks,SNA-05,85,59,140,1
2025-01-22,DS-Utrecht-01,Snacks,SNA-06,43,46,58,0
2025-01-22,DS-Utrecht-01,Household,HOU-01,24,19,71,0
2025-01-22,DS-Utrecht-01,Household,HOU-02,19,24,61,0
2025-01-22,DS-Utrecht-01,Household,HOU-03,19,14,66,0
2025-01-22,DS-Utrecht-01,Household,HOU-04,19,28,68,0
2025-01-22,DS-Utrecht-01,Household,HOU-05,27,21,86,0
2025-01-22,DS-Utrecht-01,Household,HOU-06,17,23,50,0
2025-01-22,DS-TheHague-01,Fresh Produce,FRE-01,38,57,219,0
2025-01-22,DS-TheHague-01,Fresh Produce,FRE-02,45,53,308,0
2025-01-22,DS-TheHague-01,Fresh Produce,FRE-03,54,67,388,0
2025-01-22,DS-TheHague-01,Fresh Produce,FRE-04,55,48,301,0
2025-01-22,DS-TheHague-01,Fresh Produce,FRE-05,60,61,337,0
2025-01-22,DS-TheHague-01,Fresh Produce,FRE-06,47,54,271,0
2025-01-22,DS-TheHague-01,Dairy,DAI-01,49,45,149,0
2025-01-22,DS-TheHague-01,Dairy,DAI-02,40,42,149,0
2025-01-22,DS-TheHague-01,Dairy,DAI-03,48,39,201,0
2025-01-22,DS-TheHague-01,Dairy,DAI-04,42,44,166,0
2025-01-22,DS-TheHague-01,Dairy,DAI-05,39,42,152,0
2025-01-22,DS-TheHague-01,Dairy,DAI-06,47,39,143,0
2025-01-22,DS-TheHague-01,Beverages,BEV-01,122,127,406,1
2025-01-22,DS-TheHague-01,Beverages,BEV-02,66,63,223,0
2025-01-22,DS-TheHague-01,Beverages,BEV-03,65,72,237,0
2025-01-22,DS-TheHague-01,Beverages,BEV-04,87,52,245,0
2025-01-22,DS-TheHague-01,Beverages,BEV-05,63,83,229,0
2025-01-22,DS-TheHague-01,Beverages,BEV-06,60,72,178,0
2025-01-22,DS-TheHague-01,Snacks,SNA-01,55,50,70,0
2025-01-22,DS-TheHague-01,Snacks,SNA-02,59,48,92,0
2025-01-22,DS-TheHague-01,Snacks,SNA-03,70,58,84,0
2025-01-22,DS-TheHague-01,Snacks,SNA-04,70,41,109,0
2025-01-22,DS-TheHague-01,Snacks,SNA-05,91,85,117,1
2025-01-22,DS-TheHague-01,Snacks,SNA-06,65,46,111,0
2025-01-22,DS-TheHague-01,Household,HOU-01,26,24,80,0
2025-01-22,DS-TheHague-01,Household,HOU-02,21,30,85,0
2025-01-22,DS-TheHague-01,Household,HOU-03,52,43,180,1
2025-01-22,DS-TheHague-01,Household,HOU-04,24,25,73,0
2025-01-22,DS-TheHague-01,Household,HOU-05,41,29,129,0
2025-01-22,DS-TheHague-01,Household,HOU-06,32,24,114,0
2025-01-23,DS-Amsterdam-01,Fresh Produce,FRE-01,52,75,290,0
2025-01-23,DS-Amsterdam-01,Fresh Produce,FRE-02,62,62,381,0
2025-01-23,DS-Amsterdam-01,Fresh Produce,FRE-03,43,62,217,0
2025-01-23,DS-Amsterdam-01,Fresh Produce,FRE-04,52,62,255,0
2025-01-23,DS-Amsterdam-01,Fresh Produce,FRE-05,50,70,249,0
2025-01-23,DS-Amsterdam-01,Fresh Produce,FRE-06,72,55,352,0
2025-01-23,DS-Amsterdam-01,Dairy,DAI-01,36,48,147,0
2025-01-23,DS-Amsterdam-01,Dairy,DAI-02,53,39,182,0
2025-01-23,DS-Amsterdam-01,Dairy,DAI-03,82,81,316,1
2025-01-23,DS-Amsterdam-01,Dairy,DAI-04,32,50,116,0
2025-01-23,DS-Amsterdam-01,Dairy,DAI-05,45,45,132,0
2025-01-23,DS-Amsterdam-01,Dairy,DAI-06,44,49,126,0
2025-01-23,DS-Amsterdam-01,Beverages,BEV-01,74,59,277,0
2025-01-23,DS-Amsterdam-01,Beverages,BEV-02,140,117,516,1
2025-01-23,DS-Amsterdam-01,Beverages,BEV-03,74,83,233,0
2025-01-23,DS-Amsterdam-01,Beverages,BEV-04,95,76,303,0
2025-01-23,DS-Amsterdam-01,Beverages,BEV-05,82,89,329,0
2025-01-23,DS-Amsterdam-01,Beverages,BEV-06,152,129,450,1
2025-01-23,DS-Amsterdam-01,Snacks,SNA-01,66,52,96,0
2025-01-23,DS-Amsterdam-01,Snacks,SNA-02,70,48,118,0
2025-01-23,DS-Amsterdam-01,Snacks,SNA-03,52,57,73,0
2025-01-23,DS-Amsterdam-01,Snacks,SNA-04,138,97,188,1
2025-01-23,DS-Amsterdam-01,Snacks,SNA-05,63,56,87,0
2025-01-23,DS-Amsterdam-01,Snacks,SNA-06,72,54,101,0
2025-01-23,DS-Amsterdam-01,Household,HOU-01,29,23,107,0
2025-01-23,DS-Amsterdam-01,Household,HOU-02,30,30,95,0
2025-01-23,DS-Amsterdam-01,Household,HOU-03,29,29,110,0
2025-01-23,DS-Amsterdam-01,Household,HOU-04,40,32,160,0
2025-01-23,DS-Amsterdam-01,Household,HOU-05,22,33,71,0
2025-01-23,DS-Amsterdam-01,Household,HOU-06,40,28,138,0
2025-01-23,DS-Amsterdam-02,Fresh Produce,FRE-01,42,53,269,0
2025-01-23,DS-Amsterdam-02,Fresh Produce,FRE-02,48,76,277,0
2025-01-23,DS-Amsterdam-02,Fresh Produce,FRE-03,55,61,356,0
2025-01-23,DS-Amsterdam-02,Fresh Produce,FRE-04,52,52,282,0
2025-01-23,DS-Amsterdam-02,Fresh Produce,FRE-05,43,57,249,0
2025-01-23,DS-Amsterdam-02,Fresh Produce,FRE-06,50,50,258,0
2025-01-23,DS-Amsterdam-02,Dairy,DAI-01,39,33,143,0
2025-01-23,DS-Amsterdam-02,Dairy,DAI-02,31,47,115,0
2025-01-23,DS-Amsterdam-02,Dairy,DAI-03,48,33,157,0
2025-01-23,DS-Amsterdam-02,Dairy,DAI-04,36,38,115,0
2025-01-23,DS-Amsterdam-02,Dairy,DAI-05,39,43,121,0
2025-01-23,DS-Amsterdam-02,Dairy,DAI-06,47,31,156,0
2025-01-23,DS-Amsterdam-02,Beverages,BEV-01,70,76,263,0
2025-01-23,DS-Amsterdam-02,Beverages,BEV-02,121,138,375,1
2025-01-23,DS-Amsterdam-02,Beverages,BEV-03,69,75,227,0
2025-01-23,DS-Amsterdam-02,Beverages,BEV-04,69,72,281,0
2025-01-23,DS-Amsterdam-02,Beverages,BEV-05,70,63,269,0
2025-01-23,DS-Amsterdam-02,Beverages,BEV-06,66,58,248,0
2025-01-23,DS-Amsterdam-02,Snacks,SNA-01,67,41,115,0
2025-01-23,DS-Amsterdam-02,Snacks,SNA-02,146,100,221,1
2025-01-23,DS-Amsterdam-02,Snacks,SNA-03,56,51,67,0
2025-01-23,DS-Amsterdam-02,Snacks,SNA-04,50,56,72,0
2025-01-23,DS-Amsterdam-02,Snacks,SNA-05,67,51,114,0
2025-01-23,DS-Amsterdam-02,Snacks,SNA-06,74,55,129,0
2025-01-23,DS-Amsterdam-02,Household,HOU-01,28,29,102,0
2025-01-23,DS-Amsterdam-02,Household,HOU-02,34,24,95,0
2025-01-23,DS-Amsterdam-02,Household,HOU-03,35,28,121,0
2025-01-23,DS-Amsterdam-02,Household,HOU-04,24,26,77,0
2025-01-23,DS-Amsterdam-02,Household,HOU-05,32,27,97,0
2025-01-23,DS-Amsterdam-02,Household,HOU-06,27,32,79,0
2025-01-23,DS-Rotterdam-01,Fresh Produce,FRE-01,42,40,276,0
2025-01-23,DS-Rotterdam-01,Fresh Produce,FRE-02,37,47,222,0
2025-01-23,DS-Rotterdam-01,Fresh Produce,FRE-03,39,53,261,0
2025-01-23,DS-Rotterdam-01,Fresh Produce,FRE-04,58,48,326,0
2025-01-23,DS-Rotterdam-01,Fresh Produce,FRE-05,42,54,245,0
2025-01-23,DS-Rotterdam-01,Fresh Produce,FRE-06,44,48,268,0
2025-01-23,DS-Rotterdam-01,Dairy,DAI-01,35,47,113,0
2025-01-23,DS-Rotterdam-01,Dairy,DAI-02,31,33,114,0
2025-01-23,DS-Rotterdam-01,Dairy,DAI-03,39,31,149,0
2025-01-23,DS-Rotterdam-01,Dairy,DAI-04,32,38,109,0
2025-01-23,DS-Rotterdam-01,Dairy,DAI-05,40,34,153,0
2025-01-23,DS-Rotterdam-01,Dairy,DAI-06,42,35,155,0
2025-01-23,DS-Rotterdam-01,Beverages,BEV-01,51,59,143,0
2025-01-23,DS-Rotterdam-01,Beverages,BEV-02,54,56,168,0
2025-01-23,DS-Rotterdam-01,Beverages,BEV-03,66,63,270,0
2025-01-23,DS-Rotterdam-01,Beverages,BEV-04,54,61,197,0
2025-01-23,DS-Rotterdam-01,Beverages,BEV-05,74,66,305,0
2025-01-23,DS-Rotterdam-01,Beverages,BEV-06,62,56,202,0
2025-01-23,DS-Rotterdam-01,Snacks,SNA-01,51,37,74,0
2025-01-23,DS-Rotterdam-01,Snacks,SNA-02,45,44,72,0
2025-01-23,DS-Rotterdam-01,Snacks,SNA-03,43,41,61,0
2025-01-23,DS-Rotterdam-01,Snacks,SNA-04,45,39,76,0
2025-01-23,DS-Rotterdam-01,Snacks,SNA-05,50,42,81,0
2025-01-23,DS-Rotterdam-01,Snacks,SNA-06,89,84,143,1
2025-01-23,DS-Rotterdam-01,Household,HOU-01,30,24,99,0
2025-01-23,DS-Rotterdam-01,Household,HOU-02,46,45,181,1
2025-01-23,DS-Rotterdam-01,Household,HOU-03,30,20,112,0
2025-01-23,DS-Rotterdam-01,Household,HOU-04,21,24,67,0
2025-01-23,DS-Rotterdam-01,Household,HOU-05,25,21,99,0
2025-01-23,DS-Rotterdam-01,Household,HOU-06,25,25,75,0
2025-01-23,DS-Utrecht-01,Fresh Produce,FRE-01,39,50,267,0
2025-01-23,DS-Utrecht-01,Fresh Produce,FRE-02,42,56,270,0
2025-01-23,DS-Utrecht-01,Fresh Produce,FRE-03,49,58,243,0
2025-01-23,DS-Utrecht-01,Fresh Produce,FRE-04,41,53,205,0
2025-01-23,DS-Utrecht-01,Fresh Produce,FRE-05,40,41,196,0
2025-01-23,DS-Utrecht-01,Fresh Produce,FRE-06,64,48,340,0
2025-01-23,DS-Utrecht-01,Dairy,DAI-01,51,29,189,0
2025-01-23,DS-Utrecht-01,Dairy,DAI-02,30,34,101,0
2025-01-23,DS-Utrecht-01,Dairy,DAI-03,45,37,161,0
2025-01-23,DS-Utrecht-01,Dairy,DAI-04,42,40,126,0
2025-01-23,DS-Utrecht-01,Dairy,DAI-05,38,33,110,0
2025-01-23,DS-Utrecht-01,Dairy,DAI-06,36,32,114,0
2025-01-23,DS-Utrecht-01,Beverages,BEV-01,109,120,427,1
2025-01-23,DS-Utrecht-01,Beverages,BEV-02,57,66,226,0
2025-01-23,DS-Utrecht-01,Beverages,BEV-03,123,129,349,1
2025-01-23,DS-Utrecht-01,Beverages,BEV-04,62,62,226,0
2025-01-23,DS-Utrecht-01,Beverages,BEV-05,69,58,262,0
2025-01-23,DS-Utrecht-01,Beverages,BEV-06,65,55,260,0
2025-01-23,DS-Utrecht-01,Snacks,SNA-01,59,42,103,0
2025-01-23,DS-Utrecht-01,Snacks,SNA-02,44,48,78,0
2025-01-23,DS-Utrecht-01,Snacks,SNA-03,68,44,94,0
2025-01-23,DS-Utrecht-01,Snacks,SNA-04,111,81,177,1
2025-01-23,DS-Utrecht-01,Snacks,SNA-05,57,50,87,0
2025-01-23,DS-Utrecht-01,Snacks,SNA-06,52,42,84,0
2025-01-23,DS-Utrecht-01,Household,HOU-01,23,23,89,0
2025-01-23,DS-Utrecht-01,Household,HOU-02,29,27,107,0
2025-01-23,DS-Utrecht-01,Household,HOU-03,29,20,108,0
2025-01-23,DS-Utrecht-01,Household,HOU-04,25,27,78,0
2025-01-23,DS-Utrecht-01,Household,HOU-05,31,23,90,0
2025-01-23,DS-Utrecht-01,Household,HOU-06,31,19,122,0
2025-01-23,DS-TheHague-01,Fresh Produce,FRE-01,47,56,233,0
2025-01-23,DS-TheHague-01,Fresh Produce,FRE-02,54,47,348,0
2025-01-23,DS-TheHague-01,Fresh Produce,FRE-03,40,57,263,0
2025-01-23,DS-TheHague-01,Fresh Produce,FRE-04,41,44,216,0
2025-01-23,DS-TheHague-01,Fresh Produce,FRE-05,35,46,245,0
2025-01-23,DS-TheHague-01,Fresh Produce,FRE-06,91,78,551,1
2025-01-23,DS-TheHague-01,Dairy,DAI-01,30,29,117,0
2025-01-23,DS-TheHague-01,Dairy,DAI-02,35,40,101,0
2025-01-23,DS-TheHague-01,Dairy,DAI-03,54,48,209,1
2025-01-23,DS-TheHague-01,Dairy,DAI-04,23,34,69,0
2025-01-23,DS-TheHague-01,Dairy,DAI-05,30,31,111,0
2025-01-23,DS-TheHague-01,Dairy,DAI-06,32,30,95,0
2025-01-23,DS-TheHague-01,Beverages,BEV-01,49,49,155,0
2025-01-23,DS-TheHague-01,Beverages,BEV-02,64,60,179,0
2025-01-23,DS-TheHague-01,Beverages,BEV-03,61,60,174,0
2025-01-23,DS-TheHague-01,Beverages,BEV-04,51,57,179,0
2025-01-23,DS-TheHague-01,Beverages,BEV-05,51,51,199,0
2025-01-23,DS-TheHague-01,Beverages,BEV-06,61,59,233,0
2025-01-23,DS-TheHague-01,Snacks,SNA-01,45,38,75,0
2025-01-23,DS-TheHague-01,Snacks,SNA-02,44,49,62,0
2025-01-23,DS-TheHague-01,Snacks,SNA-03,54,31,71,0
2025-01-23,DS-TheHague-01,Snacks,SNA-04,39,36,47,0
2025-01-23,DS-TheHague-01,Snacks,SNA-05,41,41,51,0
2025-01-23,DS-TheHague-01,Snacks,SNA-06,49,40,73,0
2025-01-23,DS-TheHague-01,Household,HOU-01,25,23,71,0
2025-01-23,DS-TheHague-01,Household,HOU-02,30,26,86,0
2025-01-23,DS-TheHague-01,Household,HOU-03,13,19,52,0
2025-01-23,DS-TheHague-01,Household,HOU-04,34,40,110,1
2025-01-23,DS-TheHague-01,Household,HOU-05,24,22,85,0
2025-01-23,DS-TheHague-01,Household,HOU-06,24,21,79,0
2025-01-24,DS-Amsterdam-01,Fresh Produce,FRE-01,56,67,318,0
2025-01-24,DS-Amsterdam-01,Fresh Produce,FRE-02,50,67,336,0
2025-01-24,DS-Amsterdam-01,Fresh Produce,FRE-03,55,54,345,0
2025-01-24,DS-Amsterdam-01,Fresh Produce,FRE-04,58,59,383,0
2025-01-24,DS-Amsterdam-01,Fresh Produce,FRE-05,66,58,412,0
2025-01-24,DS-Amsterdam-01,Fresh Produce,FRE-06,45,63,229,0
2025-01-24,DS-Amsterdam-01,Dairy,DAI-01,78,78,275,1
2025-01-24,DS-Amsterdam-01,Dairy,DAI-02,40,45,139,0
2025-01-24,DS-Amsterdam-01,Dairy,DAI-03,40,42,125,0
2025-01-24,DS-Amsterdam-01,Dairy,DAI-04,31,47,122,0
2025-01-24,DS-Amsterdam-01,Dairy,DAI-05,48,50,180,0
2025-01-24,DS-Amsterdam-01,Dairy,DAI-06,49,46,172,0
2025-01-24,DS-Amsterdam-01,Beverages,BEV-01,86,67,257,0
2025-01-24,DS-Amsterdam-01,Beverages,BEV-02,77,73,252,0
2025-01-24,DS-Amsterdam-01,Beverages,BEV-03,74,68,212,0
2025-01-24,DS-Amsterdam-01,Beverages,BEV-04,83,69,262,0
2025-01-24,DS-Amsterdam-01,Beverages,BEV-05,80,96,292,0
2025-01-24,DS-Amsterdam-01,Beverages,BEV-06,67,97,253,0
2025-01-24,DS-Amsterdam-01,Snacks,SNA-01,71,33,96,0
2025-01-24,DS-Amsterdam-01,Snacks,SNA-02,73,59,122,0
2025-01-24,DS-Amsterdam-01,Snacks,SNA-03,66,59,113,0
2025-01-24,DS-Amsterdam-01,Snacks,SNA-04,82,60,145,0
2025-01-24,DS-Amsterdam-01,Snacks,SNA-05,58,66,87,0
2025-01-24,DS-Amsterdam-01,Snacks,SNA-06,71,56,101,0
2025-01-24,DS-Amsterdam-01,Household,HOU-01,29,30,100,0
2025-01-24,DS-Amsterdam-01,Household,HOU-02,27,28,113,0
2025-01-24,DS-Amsterdam-01,Household,HOU-03,25,26,73,0
2025-01-24,DS-Amsterdam-01,Household,HOU-04,29,29,100,0
2025-01-24,DS-Amsterdam-01,Household,HOU-05,23,30,96,0
2025-01-24,DS-Amsterdam-01,Household,HOU-06,37,22,145,0
2025-01-24,DS-Amsterdam-02,Fresh Produce,FRE-01,60,65,303,0
2025-01-24,DS-Amsterdam-02,Fresh Produce,FRE-02,57,60,322,0
2025-01-24,DS-Amsterdam-02,Fresh Produce,FRE-03,56,65,364,0
2025-01-24,DS-Amsterdam-02,Fresh Produce,FRE-04,56,71,350,0
2025-01-24,DS-Amsterdam-02,Fresh Produce,FRE-05,60,56,354,0
2025-01-24,DS-Amsterdam-02,Fresh Produce,FRE-06,45,74,299,0
2025-01-24,DS-Amsterdam-02,Dairy,DAI-01,39,43,134,0
2025-01-24,DS-Amsterdam-02,Dairy,DAI-02,55,43,186,0
2025-01-24,DS-Amsterdam-02,Dairy,DAI-03,36,45,134,0
2025-01-24,DS-Amsterdam-02,Dairy,DAI-04,53,41,211,0
2025-01-24,DS-Amsterdam-02,Dairy,DAI-05,39,50,153,0
2025-01-24,DS-Amsterdam-02,Dairy,DAI-06,38,43,137,0
2025-01-24,DS-Amsterdam-02,Beverages,BEV-01,86,72,287,0
2025-01-24,DS-Amsterdam-02,Beverages,BEV-02,56,72,228,0
2025-01-24,DS-Amsterdam-02,Beverages,BEV-03,77,81,311,0
2025-01-24,DS-Amsterdam-02,Beverages,BEV-04,65,65,222,0
2025-01-24,DS-Amsterdam-02,Beverages,BEV-05,82,81,334,0
2025-01-24,DS-Amsterdam-02,Beverages,BEV-06,69,78,222,0
2025-01-24,DS-Amsterdam-02,Snacks,SNA-01,57,49,76,0
2025-01-24,DS-Amsterdam-02,Snacks,SNA-02,58,55,73,0
2025-01-24,DS-Amsterdam-02,Snacks,SNA-03,73,65,110,0
2025-01-24,DS-Amsterdam-02,Snacks,SNA-04,62,56,108,0
2025-01-24,DS-Amsterdam-02,Snacks,SNA-05,69,50,95,0
2025-01-24,DS-Amsterdam-02,Snacks,SNA-06,115,95,189,1
2025-01-24,DS-Amsterdam-02,Household,HOU-01,25,26,88,0
2025-01-24,DS-Amsterdam-02,Household,HOU-02,28,29,96,0
2025-01-24,DS-Amsterdam-02,Household,HOU-03,57,50,236,1
2025-01-24,DS-Amsterdam-02,Household,HOU-04,22,34,84,0
2025-01-24,DS-Amsterdam-02,Household,HOU-05,30,34,101,0
2025-01-24,DS-Amsterdam-02,Household,HOU-06,26,28,78,0
2025-01-24,DS-Rotterdam-01,Fresh Produce,FRE-01,45,43,312,0
2025-01-24,DS-Rotterdam-01,Fresh Produce,FRE-02,46,58,274,0
2025-01-24,DS-Rotterdam-01,Fresh Produce,FRE-03,37,55,252,0
2025-01-24,DS-Rotterdam-01,Fresh Produce,FRE-04,44,55,257,0
2025-01-24,DS-Rotterdam-01,Fresh Produce,FRE-05,47,59,232,0
2025-01-24,DS-Rotterdam-01,Fresh Produce,FRE-06,51,60,247,0
2025-01-24,DS-Rotterdam-01,Dairy,DAI-01,33,38,107,0
2025-01-24,DS-Rotterdam-01,Dairy,DAI-02,33,39,98,0
2025-01-24,DS-Rotterdam-01,Dairy,DAI-03,49,38,191,0
2025-01-24,DS-Rotterdam-01,Dairy,DAI-04,32,30,130,0
2025-01-24,DS-Rotterdam-01,Dairy,DAI-05,33,44,112,0
2025-01-24,DS-Rotterdam-01,Dairy,DAI-06,32,43,95,0
2025-01-24,DS-Rotterdam-01,Beverages,BEV-01,67,63,190,0
2025-01-24,DS-Rotterdam-01,Beverages,BEV-02,68,60,233,0
2025-01-24,DS-Rotterdam-01,Beverages,BEV-03,59,76,229,0
2025-01-24,DS-Rotterdam-01,Beverages,BEV-04,73,66,206,0
2025-01-24,DS-Rotterdam-01,Beverages,BEV-05,58,54,174,0
2025-01-24,DS-Rotterdam-01,Beverages,BEV-06,60,55,191,0
2025-01-24,DS-Rotterdam-01,Snacks,SNA-01,51,52,90,0
2025-01-24,DS-Rotterdam-01,Snacks,SNA-02,57,43,70,0
2025-01-24,DS-Rotterdam-01,Snacks,SNA-03,69,44,107,0
2025-01-24,DS-Rotterdam-01,Snacks,SNA-04,73,42,121,0
2025-01-24,DS-Rotterdam-01,Snacks,SNA-05,46,38,68,0
2025-01-24,DS-Rotterdam-01,Snacks,SNA-06,52,49,69,0
2025-01-24,DS-Rotterdam-01,Household,HOU-01,22,24,82,0
2025-01-24,DS-Rotterdam-01,Household,HOU-02,23,23,69,0
2025-01-24,DS-Rotterdam-01,Household,HOU-03,33,30,99,0
2025-01-24,DS-Rotterdam-01,Household,HOU-04,24,22,72,0
2025-01-24,DS-Rotterdam-01,Household,HOU-05,30,23,100,0
2025-01-24,DS-Rotterdam-01,Household,HOU-06,34,25,134,0
2025-01-24,DS-Utrecht-01,Fresh Produce,FRE-01,39,40,232,0
2025-01-24,DS-Utrecht-01,Fresh Produce,FRE-02,34,50,193,0
2025-01-24,DS-Utrecht-01,Fresh Produce,FRE-03,27,48,182,0
2025-01-24,DS-Utrecht-01,Fresh Produce,FRE-04,27,45,188,0
2025-01-24,DS-Utrecht-01,Fresh Produce,FRE-05,80,80,429,1
2025-01-24,DS-Utrecht-01,Fresh Produce,FRE-06,50,46,322,0
2025-01-24,DS-Utrecht-01,Dairy,DAI-01,27,31,100,0
2025-01-24,DS-Utrecht-01,Dairy,DAI-02,38,29,111,0
2025-01-24,DS-Utrecht-01,Dairy,DAI-03,34,29,138,0
2025-01-24,DS-Utrecht-01,Dairy,DAI-04,25,26,88,0
2025-01-24,DS-Utrecht-01,Dairy,DAI-05,32,29,99,0
2025-01-24,DS-Utrecht-01,Dairy,DAI-06,27,33,88,0
2025-01-24,DS-Utrecht-01,Beverages,BEV-01,41,43,143,0
2025-01-24,DS-Utrecht-01,Beverages,BEV-02,46,46,156,0
2025-01-24,DS-Utrecht-01,Beverages,BEV-03,56,49,231,0
2025-01-24,DS-Utrecht-01,Beverages,BEV-04,84,67,289,1
2025-01-24,DS-Utrecht-01,Beverages,BEV-05,50,51,171,0
2025-01-24,DS-Utrecht-01,Beverages,BEV-06,53,47,173,0
2025-01-24,DS-Utrecht-01,Snacks,SNA-01,58,43,83,0
2025-01-24,DS-Utrecht-01,Snacks,SNA-02,48,40,83,0
2025-01-24,DS-Utrecht-01,Snacks,SNA-03,98,62,166,1
2025-01-24,DS-Utrecht-01,Snacks,SNA-04,35,32,50,0
2025-01-24,DS-Utrecht-01,Snacks,SNA-05,53,39,83,0
2025-01-24,DS-Utrecht-01,Snacks,SNA-06,38,38,64,0
2025-01-24,DS-Utrecht-01,Household,HOU-01,21,13,59,0
2025-01-24,DS-Utrecht-01,Household,HOU-02,18,19,61,0
2025-01-24,DS-Utrecht-01,Household,HOU-03,26,19,81,0
2025-01-24,DS-Utrecht-01,Household,HOU-04,22,19,75,0
2025-01-24,DS-Utrecht-01,Household,HOU-05,25,18,88,0
2025-01-24,DS-Utrecht-01,Household,HOU-06,22,20,68,0
2025-01-24,DS-TheHague-01,Fresh Produce,FRE-01,49,73,282,0
2025-01-24,DS-TheHague-01,Fresh Produce,FRE-02,56,73,281,0
2025-01-24,DS-TheHague-01,Fresh Produce,FRE-03,59,57,408,0
2025-01-24,DS-TheHague-01,Fresh Produce,FRE-04,46,68,329,0
2025-01-24,DS-TheHague-01,Fresh Produce,FRE-05,52,59,329,0
2025-01-24,DS-TheHague-01,Fresh Produce,FRE-06,101,118,694,1
2025-01-24,DS-TheHague-01,Dairy,DAI-01,48,46,154,0
2025-01-24,DS-TheHague-01,Dairy,DAI-02,50,48,201,0
2025-01-24,DS-TheHague-01,Dairy,DAI-03,46,57,134,0
2025-01-24,DS-TheHague-01,Dairy,DAI-04,84,56,236,1
2025-01-24,DS-TheHague-01,Dairy,DAI-05,50,43,208,0
2025-01-24,DS-TheHague-01,Dairy,DAI-06,33,36,131,0
2025-01-24,DS-TheHague-01,Beverages,BEV-01,80,66,288,0
2025-01-24,DS-TheHague-01,Beverages,BEV-02,69,68,238,0
2025-01-24,DS-TheHague-01,Beverages,BEV-03,53,68,167,0
2025-01-24,DS-TheHague-01,Beverages,BEV-04,73,72,251,0
2025-01-24,DS-TheHague-01,Beverages,BEV-05,146,113,572,1
2025-01-24,DS-TheHague-01,Beverages,BEV-06,72,62,297,0
2025-01-24,DS-TheHague-01,Snacks,SNA-01,78,62,98,0
2025-01-24,DS-TheHague-01,Snacks,SNA-02,44,57,69,0
2025-01-24,DS-TheHague-01,Snacks,SNA-03,57,42,83,0
2025-01-24,DS-TheHague-01,Snacks,SNA-04,68,55,85,0
2025-01-24,DS-TheHague-01,Snacks,SNA-05,71,59,97,0
2025-01-24,DS-TheHague-01,Snacks,SNA-06,76,53,132,0
2025-01-24,DS-TheHague-01,Household,HOU-01,36,32,151,0
2025-01-24,DS-TheHague-01,Household,HOU-02,26,32,74,0
2025-01-24,DS-TheHague-01,Household,HOU-03,36,28,110,0
2025-01-24,DS-TheHague-01,Household,HOU-04,26,25,93,0
2025-01-24,DS-TheHague-01,Household,HOU-05,27,28,97,0
2025-01-24,DS-TheHague-01,Household,HOU-06,42,33,121,0
2025-01-25,DS-Amsterdam-01,Fresh Produce,FRE-01,67,62,471,0
2025-01-25,DS-Amsterdam-01,Fresh Produce,FRE-02,65,69,467,0
2025-01-25,DS-Amsterdam-01,Fresh Produce,FRE-03,70,80,410,0
2025-01-25,DS-Amsterdam-01,Fresh Produce,FRE-04,62,60,372,0
2025-01-25,DS-Amsterdam-01,Fresh Produce,FRE-05,69,77,407,0
2025-01-25,DS-Amsterdam-01,Fresh Produce,FRE-06,59,72,400,0
2025-01-25,DS-Amsterdam-01,Dairy,DAI-01,79,94,232,1
2025-01-25,DS-Amsterdam-01,Dairy,DAI-02,49,44,204,0
2025-01-25,DS-Amsterdam-01,Dairy,DAI-03,58,54,179,0
2025-01-25,DS-Amsterdam-01,Dairy,DAI-04,53,41,189,0
2025-01-25,DS-Amsterdam-01,Dairy,DAI-05,56,42,201,0
2025-01-25,DS-Amsterdam-01,Dairy,DAI-06,46,51,171,0
2025-01-25,DS-Amsterdam-01,Beverages,BEV-01,99,82,339,0
2025-01-25,DS-Amsterdam-01,Beverages,BEV-02,84,70,269,0
2025-01-25,DS-Amsterdam-01,Beverages,BEV-03,75,84,235,0
2025-01-25,DS-Amsterdam-01,Beverages,BEV-04,94,72,387,0
2025-01-25,DS-Amsterdam-01,Beverages,BEV-05,87,107,258,0
2025-01-25,DS-Amsterdam-01,Beverages,BEV-06,80,64,270,0
2025-01-25,DS-Amsterdam-01,Snacks,SNA-01,78,52,136,0
2025-01-25,DS-Amsterdam-01,Snacks,SNA-02,61,63,79,0
2025-01-25,DS-Amsterdam-01,Snacks,SNA-03,75,67,108,0
2025-01-25,DS-Amsterdam-01,Snacks,SNA-04,70,55,89,0
2025-01-25,DS-Amsterdam-01,Snacks,SNA-05,65,61,79,0
2025-01-25,DS-Amsterdam-01,Snacks,SNA-06,66,76,96,0
2025-01-25,DS-Amsterdam-01,Household,HOU-01,26,28,106,0
2025-01-25,DS-Amsterdam-01,Household,HOU-02,35,29,99,0
2025-01-25,DS-Amsterdam-01,Household,HOU-03,31,34,125,0
2025-01-25,DS-Amsterdam-01,Household,HOU-04,29,36,88,0
2025-01-25,DS-Amsterdam-01,Household,HOU-05,39,28,162,0
2025-01-25,DS-Amsterdam-01,Household,HOU-06,34,31,128,0
2025-01-25,DS-Amsterdam-02,Fresh Produce,FRE-01,65,98,380,0
2025-01-25,DS-Amsterdam-02,Fresh Produce,FRE-02,69,98,368,0
2025-01-25,DS-Amsterdam-02,Fresh Produce,FRE-03,69,91,364,0
2025-01-25,DS-Amsterdam-02,Fresh Produce,FRE-04,85,67,424,0
2025-01-25,DS-Amsterdam-02,Fresh Produce,FRE-05,69,71,433,0
2025-01-25,DS-Amsterdam-02,Fresh Produce,FRE-06,67,80,353,0
2025-01-25,DS-Amsterdam-02,Dairy,DAI-01,66,52,214,0
2025-01-25,DS-Amsterdam-02,Dairy,DAI-02,54,46,207,0
2025-01-25,DS-Amsterdam-02,Dairy,DAI-03,64,62,234,0
2025-01-25,DS-Amsterdam-02,Dairy,DAI-04,56,59,183,0
2025-01-25,DS-Amsterdam-02,Dairy,DAI-05,54,54,208,0
2025-01-25,DS-Amsterdam-02,Dairy,DAI-06,65,54,208,0
2025-01-25,DS-Amsterdam-02,Beverages,BEV-01,94,110,332,0
2025-01-25,DS-Amsterdam-02,Beverages,BEV-02,83,89,283,0
2025-01-25,DS-Amsterdam-02,Beverages,BEV-03,101,101,343,0
2025-01-25,DS-Amsterdam-02,Beverages,BEV-04,110,119,398,0
2025-01-25,DS-Amsterdam-02,Beverages,BEV-05,107,114,307,0
2025-01-25,DS-Amsterdam-02,Beverages,BEV-06,91,88,340,0
2025-01-25,DS-Amsterdam-02,Snacks,SNA-01,87,59,110,0
2025-01-25,DS-Amsterdam-02,Snacks,SNA-02,89,71,122,0
2025-01-25,DS-Amsterdam-02,Snacks,SNA-03,89,74,143,0
2025-01-25,DS-Amsterdam-02,Snacks,SNA-04,84,69,117,0
2025-01-25,DS-Amsterdam-02,Snacks,SNA-05,91,82,149,0
2025-01-25,DS-Amsterdam-02,Snacks,SNA-06,88,75,113,0
2025-01-25,DS-Amsterdam-02,Household,HOU-01,27,39,77,0
2025-01-25,DS-Amsterdam-02,Household,HOU-02,88,63,262,1
2025-01-25,DS-Amsterdam-02,Household,HOU-03,42,36,174,0
2025-01-25,DS-Amsterdam-02,Household,HOU-04,34,39,111,0
2025-01-25,DS-Amsterdam-02,Household,HOU-05,57,34,221,0
2025-01-25,DS-Amsterdam-02,Household,HOU-06,36,38,101,0
2025-01-25,DS-Rotterdam-01,Fresh Produce,FRE-01,57,92,351,0
2025-01-25,DS-Rotterdam-01,Fresh Produce,FRE-02,75,75,423,0
2025-01-25,DS-Rotterdam-01,Fresh Produce,FRE-03,52,63,345,0
2025-01-25,DS-Rotterdam-01,Fresh Produce,FRE-04,64,68,435,0
2025-01-25,DS-Rotterdam-01,Fresh Produce,FRE-05,53,52,290,0
2025-01-25,DS-Rotterdam-01,Fresh Produce,FRE-06,72,67,492,0
2025-01-25,DS-Rotterdam-01,Dairy,DAI-01,42,49,141,0
2025-01-25,DS-Rotterdam-01,Dairy,DAI-02,66,58,196,0
2025-01-25,DS-Rotterdam-01,Dairy,DAI-03,54,52,186,0
2025-01-25,DS-Rotterdam-01,Dairy,DAI-04,57,51,236,0
2025-01-25,DS-Rotterdam-01,Dairy,DAI-05,55,47,158,0
2025-01-25,DS-Rotterdam-01,Dairy,DAI-06,124,91,504,1
2025-01-25,DS-Rotterdam-01,Beverages,BEV-01,168,147,621,1
2025-01-25,DS-Rotterdam-01,Beverages,BEV-02,79,88,282,0
2025-01-25,DS-Rotterdam-01,Beverages,BEV-03,82,89,264,0
2025-01-25,DS-Rotterdam-01,Beverages,BEV-04,88,87,348,0
2025-01-25,DS-Rotterdam-01,Beverages,BEV-05,75,86,312,0
2025-01-25,DS-Rotterdam-01,Beverages,BEV-06,77,75,276,0
2025-01-25,DS-Rotterdam-01,Snacks,SNA-01,84,58,133,0
2025-01-25,DS-Rotterdam-01,Snacks,SNA-02,88,51,154,0
2025-01-25,DS-Rotterdam-01,Snacks,SNA-03,71,55,89,0
2025-01-25,DS-Rotterdam-01,Snacks,SNA-04,73,53,106,0
2025-01-25,DS-Rotterdam-01,Snacks,SNA-05,69,55,118,0
2025-01-25,DS-Rotterdam-01,Snacks,SNA-06,65,69,115,0
2025-01-25,DS-Rotterdam-01,Household,HOU-01,32,36,128,0
2025-01-25,DS-Rotterdam-01,Household,HOU-02,58,58,226,1
2025-01-25,DS-Rotterdam-01,Household,HOU-03,50,39,205,0
2025-01-25,DS-Rotterdam-01,Household,HOU-04,41,38,143,0
2025-01-25,DS-Rotterdam-01,Household,HOU-05,69,68,220,1
2025-01-25,DS-Rotterdam-01,Household,HOU-06,44,26,134,0
2025-01-25,DS-Utrecht-01,Fresh Produce,FRE-01,67,56,336,0
2025-01-25,DS-Utrecht-01,Fresh Produce,FRE-02,49,64,237,0
2025-01-25,DS-Utrecht-01,Fresh Produce,FRE-03,50,64,352,0
2025-01-25,DS-Utrecht-01,Fresh Produce,FRE-04,55,72,390,0
2025-01-25,DS-Utrecht-01,Fresh Produce,FRE-05,109,102,745,1
2025-01-25,DS-Utrecht-01,Fresh Produce,FRE-06,64,60,314,0
2025-01-25,DS-Utrecht-01,Dairy,DAI-01,41,46,115,0
2025-01-25,DS-Utrecht-01,Dairy,DAI-02,38,42,128,0
2025-01-25,DS-Utrecht-01,Dairy,DAI-03,39,44,141,0
2025-01-25,DS-Utrecht-01,Dairy,DAI-04,55,36,167,0
2025-01-25,DS-Utrecht-01,Dairy,DAI-05,40,40,144,0
2025-01-25,DS-Utrecht-01,Dairy,DAI-06,50,52,197,0
2025-01-25,DS-Utrecht-01,Beverages,BEV-01,73,71,259,0
2025-01-25,DS-Utrecht-01,Beverages,BEV-02,132,109,543,1
2025-01-25,DS-Utrecht-01,Beverages,BEV-03,63,69,243,0
2025-01-25,DS-Utrecht-01,Beverages,BEV-04,65,63,253,0
2025-01-25,DS-Utrecht-01,Beverages,BEV-05,82,75,320,0
2025-01-25,DS-Utrecht-01,Beverages,BEV-06,93,75,384,0
2025-01-25,DS-Utrecht-01,Snacks,SNA-01,74,45,132,0
2025-01-25,DS-Utrecht-01,Snacks,SNA-02,69,62,96,0
2025-01-25,DS-Utrecht-01,Snacks,SNA-03,66,56,82,0
2025-01-25,DS-Utrecht-01,Snacks,SNA-04,71,64,126,0
2025-01-25,DS-Utrecht-01,Snacks,SNA-05,60,58,100,0
2025-01-25,DS-Utrecht-01,Snacks,SNA-06,55,49,76,0
2025-01-25,DS-Utrecht-01,Household,HOU-01,45,26,181,0
2025-01-25,DS-Utrecht-01,Household,HOU-02,39,31,131,0
2025-01-25,DS-Utrecht-01,Household,HOU-03,32,28,95,0
2025-01-25,DS-Utrecht-01,Household,HOU-04,25,26,100,0
2025-01-25,DS-Utrecht-01,Household,HOU-05,38,27,127,0
2025-01-25,DS-Utrecht-01,Household,HOU-06,22,33,83,0
2025-01-25,DS-TheHague-01,Fresh Produce,FRE-01,80,76,467,0
2025-01-25,DS-TheHague-01,Fresh Produce,FRE-02,59,92,398,0
2025-01-25,DS-TheHague-01,Fresh Produce,FRE-03,59,96,328,0
2025-01-25,DS-TheHague-01,Fresh Produce,FRE-04,69,83,364,0
2025-01-25,DS-TheHague-01,Fresh Produce,FRE-05,69,85,481,0
2025-01-25,DS-TheHague-01,Fresh Produce,FRE-06,85,94,504,0
2025-01-25,DS-TheHague-01,Dairy,DAI-01,66,52,243,0
2025-01-25,DS-TheHague-01,Dairy,DAI-02,96,103,383,1
2025-01-25,DS-TheHague-01,Dairy,DAI-03,46,58,191,0
2025-01-25,DS-TheHague-01,Dairy,DAI-04,60,56,169,0
2025-01-25,DS-TheHague-01,Dairy,DAI-05,54,53,175,0
2025-01-25,DS-TheHague-01,Dairy,DAI-06,59,57,167,0
2025-01-25,DS-TheHague-01,Beverages,BEV-01,120,99,429,0
2025-01-25,DS-TheHague-01,Beverages,BEV-02,96,104,378,0
2025-01-25,DS-TheHague-01,Beverages,BEV-03,112,83,371,0
2025-01-25,DS-TheHague-01,Beverages,BEV-04,102,94,331,0
2025-01-25,DS-TheHague-01,Beverages,BEV-05,107,107,312,0
2025-01-25,DS-TheHague-01,Beverages,BEV-06,95,111,276,0
2025-01-25,DS-TheHague-01,Snacks,SNA-01,64,73,81,0
2025-01-25,DS-TheHague-01,Snacks,SNA-02,76,79,121,0
2025-01-25,DS-TheHague-01,Snacks,SNA-03,82,77,136,0
2025-01-25,DS-TheHague-01,Snacks,SNA-04,102,74,151,0
2025-01-25,DS-TheHague-01,Snacks,SNA-05,74,69,106,0
2025-01-25,DS-TheHague-01,Snacks,SNA-06,73,65,128,0
2025-01-25,DS-TheHague-01,Household,HOU-01,42,39,128,0
2025-01-25,DS-TheHague-01,Household,HOU-02,33,37,94,0
2025-01-25,DS-TheHague-01,Household,HOU-03,38,39,140,0
2025-01-25,DS-TheHague-01,Household,HOU-04,32,39,123,0
2025-01-25,DS-TheHague-01,Household,HOU-05,48,35,157,0
2025-01-25,DS-TheHague-01,Household,HOU-06,41,37,159,0
2025-01-26,DS-Amsterdam-01,Fresh Produce,FRE-01,73,57,502,0
2025-01-26,DS-Amsterdam-01,Fresh Produce,FRE-02,57,67,406,0
2025-01-26,DS-Amsterdam-01,Fresh Produce,FRE-03,50,59,257,0
2025-01-26,DS-Amsterdam-01,Fresh Produce,FRE-04,56,61,402,0
2025-01-26,DS-Amsterdam-01,Fresh Produce,FRE-05,53,61,356,0
2025-01-26,DS-Amsterdam-01,Fresh Produce,FRE-06,63,64,337,0
2025-01-26,DS-Amsterdam-01,Dairy,DAI-01,44,47,125,0
2025-01-26,DS-Amsterdam-01,Dairy,DAI-02,56,42,207,0
2025-01-26,DS-Amsterdam-01,Dairy,DAI-03,51,44,157,0
2025-01-26,DS-Amsterdam-01,Dairy,DAI-04,50,50,205,0
2025-01-26,DS-Amsterdam-01,Dairy,DAI-05,53,42,178,0
2025-01-26,DS-Amsterdam-01,Dairy,DAI-06,37,53,115,0
2025-01-26,DS-Amsterdam-01,Beverages,BEV-01,75,78,310,0
2025-01-26,DS-Amsterdam-01,Beverages,BEV-02,74,80,305,0
2025-01-26,DS-Amsterdam-01,Beverages,BEV-03,83,96,320,0
2025-01-26,DS-Amsterdam-01,Beverages,BEV-04,68,75,233,0
2025-01-26,DS-Amsterdam-01,Beverages,BEV-05,89,81,372,0
2025-01-26,DS-Amsterdam-01,Beverages,BEV-06,106,77,427,0
2025-01-26,DS-Amsterdam-01,Snacks,SNA-01,62,67,104,0
2025-01-26,DS-Amsterdam-01,Snacks,SNA-02,76,60,94,0
2025-01-26,DS-Amsterdam-01,Snacks,SNA-03,70,62,114,0
2025-01-26,DS-Amsterdam-01,Snacks,SNA-04,73,60,102,0
2025-01-26,DS-Amsterdam-01,Snacks,SNA-05,64,62,107,0
2025-01-26,DS-Amsterdam-01,Snacks,SNA-06,74,54,113,0
2025-01-26,DS-Amsterdam-01,Household,HOU-01,42,29,130,0
2025-01-26,DS-Amsterdam-01,Household,HOU-02,35,29,102,0
2025-01-26,DS-Amsterdam-01,Household,HOU-03,36,27,139,0
2025-01-26,DS-Amsterdam-01,Household,HOU-04,33,28,116,0
2025-01-26,DS-Amsterdam-01,Household,HOU-05,32,26,102,0
2025-01-26,DS-Amsterdam-01,Household,HOU-06,27,32,91,0
2025-01-26,DS-Amsterdam-02,Fresh Produce,FRE-01,60,71,294,0
2025-01-26,DS-Amsterdam-02,Fresh Produce,FRE-02,59,69,399,0
2025-01-26,DS-Amsterdam-02,Fresh Produce,FRE-03,81,75,450,0
2025-01-26,DS-Amsterdam-02,Fresh Produce,FRE-04,69,73,335,0
2025-01-26,DS-Amsterdam-02,Fresh Produce,FRE-05,81,102,454,0
2025-01-26,DS-Amsterdam-02,Fresh Produce,FRE-06,81,108,576,0
2025-01-26,DS-Amsterdam-02,Dairy,DAI-01,64,60,243,0
2025-01-26,DS-Amsterdam-02,Dairy,DAI-02,57,62,172,0
2025-01-26,DS-Amsterdam-02,Dairy,DAI-03,58,53,201,0
2025-01-26,DS-Amsterdam-02,Dairy,DAI-04,61,63,242,0
2025-01-26,DS-Amsterdam-02,Dairy,DAI-05,70,49,252,0
2025-01-26,DS-Amsterdam-02,Dairy,DAI-06,60,57,215,0
2025-01-26,DS-Amsterdam-02,Beverages,BEV-01,100,104,292,0
2025-01-26,DS-Amsterdam-02,Beverages,BEV-02,180,184,744,1
2025-01-26,DS-Amsterdam-02,Beverages,BEV-03,97,99,278,0
2025-01-26,DS-Amsterdam-02,Beverages,BEV-04,97,96,398,0
2025-01-26,DS-Amsterdam-02,Beverages,BEV-05,101,107,386,0
2025-01-26,DS-Amsterdam-02,Beverages,BEV-06,96,101,323,0
2025-01-26,DS-Amsterdam-02,Snacks,SNA-01,99,74,162,0
2025-01-26,DS-Amsterdam-02,Snacks,SNA-02,83,87,142,0
2025-01-26,DS-Amsterdam-02,Snacks,SNA-03,94,72,140,0
2025-01-26,DS-Amsterdam-02,Snacks,SNA-04,102,70,126,0
2025-01-26,DS-Amsterdam-02,Snacks,SNA-05,77,87,105,0
2025-01-26,DS-Amsterdam-02,Snacks,SNA-06,95,75,152,0
2025-01-26,DS-Amsterdam-02,Household,HOU-01,35,38,100,0
2025-01-26,DS-Amsterdam-02,Household,HOU-02,34,42,137,0
2025-01-26,DS-Amsterdam-02,Household,HOU-03,39,42,116,0
2025-01-26,DS-Amsterdam-02,Household,HOU-04,31,37,88,0
2025-01-26,DS-Amsterdam-02,Household,HOU-05,39,39,156,0
2025-01-26,DS-Amsterdam-02,Household,HOU-06,34,41,105,0
2025-01-26,DS-Rotterdam-01,Fresh Produce,FRE-01,117,112,758,1
2025-01-26,DS-Rotterdam-01,Fresh Produce,FRE-02,56,91,302,0
2025-01-26,DS-Rotterdam-01,Fresh Produce,FRE-03,101,131,713,1
2025-01-26,DS-Rotterdam-01,Fresh Produce,FRE-04,63,62,334,0
2025-01-26,DS-Rotterdam-01,Fresh Produce,FRE-05,48,72,321,0
2025-01-26,DS-Rotterdam-01,Fresh Produce,FRE-06,64,67,424,0
2025-01-26,DS-Rotterdam-01,Dairy,DAI-01,42,51,144,0
2025-01-26,DS-Rotterdam-01,Dairy,DAI-02,52,32,215,0
2025-01-26,DS-Rotterdam-01,Dairy,DAI-03,52,43,169,0
2025-01-26,DS-Rotterdam-01,Dairy,DAI-04,48,47,187,0
2025-01-26,DS-Rotterdam-01,Dairy,DAI-05,42,55,119,0
2025-01-26,DS-Rotterdam-01,Dairy,DAI-06,47,45,188,0
2025-01-26,DS-Rotterdam-01,Beverages,BEV-01,66,82,212,0
2025-01-26,DS-Rotterdam-01,Beverages,BEV-02,60,84,227,0
2025-01-26,DS-Rotterdam-01,Beverages,BEV-03,82,80,340,0
2025-01-26,DS-Rotterdam-01,Beverages,BEV-04,89,79,318,0
2025-01-26,DS-Rotterdam-01,Beverages,BEV-05,86,107,341,0
2025-01-26,DS-Rotterdam-01,Beverages,BEV-06,84,90,317,0
2025-01-26,DS-Rotterdam-01,Snacks,SNA-01,52,50,86,0
2025-01-26,DS-Rotterdam-01,Snacks,SNA-02,138,111,235,1
2025-01-26,DS-Rotterdam-01,Snacks,SNA-03,70,55,122,0
2025-01-26,DS-Rotterdam-01,Snacks,SNA-04,67,50,104,0
2025-01-26,DS-Rotterdam-01,Snacks,SNA-05,67,60,101,0
2025-01-26,DS-Rotterdam-01,Snacks,SNA-06,132,109,191,1
2025-01-26,DS-Rotterdam-01,Household,HOU-01,26,30,83,0
2025-01-26,DS-Rotterdam-01,Household,HOU-02,34,39,103,0
2025-01-26,DS-Rotterdam-01,Household,HOU-03,25,30,103,0
2025-01-26,DS-Rotterdam-01,Household,HOU-04,58,65,188,1
2025-01-26,DS-Rotterdam-01,Household,HOU-05,33,32,116,0
2025-01-26,DS-Rotterdam-01,Household,HOU-06,21,31,73,0
2025-01-26,DS-Utrecht-01,Fresh Produce,FRE-01,69,85,358,0
2025-01-26,DS-Utrecht-01,Fresh Produce,FRE-02,70,74,349,0
2025-01-26,DS-Utrecht-01,Fresh Produce,FRE-03,64,80,459,0
2025-01-26,DS-Utrecht-01,Fresh Produce,FRE-04,47,90,336,0
2025-01-26,DS-Utrecht-01,Fresh Produce,FRE-05,62,83,427,0
2025-01-26,DS-Utrecht-01,Fresh Produce,FRE-06,60,72,384,0
2025-01-26,DS-Utrecht-01,Dairy,DAI-01,49,45,160,0
2025-01-26,DS-Utrecht-01,Dairy,DAI-02,52,56,152,0
2025-01-26,DS-Utrecht-01,Dairy,DAI-03,41,50,118,0
2025-01-26,DS-Utrecht-01,Dairy,DAI-04,50,38,148,0
2025-01-26,DS-Utrecht-01,Dairy,DAI-05,37,44,130,0
2025-01-26,DS-Utrecht-01,Dairy,DAI-06,45,45,154,0
2025-01-26,DS-Utrecht-01,Beverages,BEV-01,86,100,357,0
2025-01-26,DS-Utrecht-01,Beverages,BEV-02,149,138,612,1
2025-01-26,DS-Utrecht-01,Beverages,BEV-03,89,80,364,0
2025-01-26,DS-Utrecht-01,Beverages,BEV-04,91,92,285,0
2025-01-26,DS-Utrecht-01,Beverages,BEV-05,163,146,535,1
2025-01-26,DS-Utrecht-01,Beverages,BEV-06,86,105,274,0
2025-01-26,DS-Utrecht-01,Snacks,SNA-01,77,59,132,0
2025-01-26,DS-Utrecht-01,Snacks,SNA-02,63,57,104,0
2025-01-26,DS-Utrecht-01,Snacks,SNA-03,78,73,113,0
2025-01-26,DS-Utrecht-01,Snacks,SNA-04,76,82,131,0
2025-01-26,DS-Utrecht-01,Snacks,SNA-05,86,59,128,0
2025-01-26,DS-Utrecht-01,Snacks,SNA-06,75,71,90,0
2025-01-26,DS-Utrecht-01,Household,HOU-01,61,74,245,1
2025-01-26,DS-Utrecht-01,Household,HOU-02,25,34,104,0
2025-01-26,DS-Utrecht-01,Household,HOU-03,44,39,155,0
2025-01-26,DS-Utrecht-01,Household,HOU-04,36,42,106,0
2025-01-26,DS-Utrecht-01,Household,HOU-05,32,35,118,0
2025-01-26,DS-Utrecht-01,Household,HOU-06,36,40,111,0
2025-01-26,DS-TheHague-01,Fresh Produce,FRE-01,82,70,492,0
2025-01-26,DS-TheHague-01,Fresh Produce,FRE-02,68,72,488,0
2025-01-26,DS-TheHague-01,Fresh Produce,FRE-03,60,79,358,0
2025-01-26,DS-TheHague-01,Fresh Produce,FRE-04,83,72,597,0
2025-01-26,DS-TheHague-01,Fresh Produce,FRE-05,80,77,393,0
2025-01-26,DS-TheHague-01,Fresh Produce,FRE-06,82,63,419,0
2025-01-26,DS-TheHague-01,Dairy,DAI-01,48,72,160,0
2025-01-26,DS-TheHague-01,Dairy,DAI-02,45,59,140,0
2025-01-26,DS-TheHague-01,Dairy,DAI-03,59,58,226,0
2025-01-26,DS-TheHague-01,Dairy,DAI-04,53,53,155,0
2025-01-26,DS-TheHague-01,Dairy,DAI-05,43,50,156,0
2025-01-26,DS-TheHague-01,Dairy,DAI-06,89,106,275,1
2025-01-26,DS-TheHague-01,Beverages,BEV-01,95,83,389,0
2025-01-26,DS-TheHague-01,Beverages,BEV-02,89,96,260,0
2025-01-26,DS-TheHague-01,Beverages,BEV-03,83,79,266,0
2025-01-26,DS-TheHague-01,Beverages,BEV-04,76,98,231,0
2025-01-26,DS-TheHague-01,Beverages,BEV-05,76,80,288,0
2025-01-26,DS-TheHague-01,Beverages,BEV-06,80,82,332,0
2025-01-26,DS-TheHague-01,Snacks,SNA-01,82,84,105,0
2025-01-26,DS-TheHague-01,Snacks,SNA-02,87,63,138,0
2025-01-26,DS-TheHague-01,Snacks,SNA-03,64,69,106,0
2025-01-26,DS-TheHague-01,Snacks,SNA-04,96,65,144,0
2025-01-26,DS-TheHague-01,Snacks,SNA-05,88,72,149,0
2025-01-26,DS-TheHague-01,Snacks,SNA-06,91,73,113,0
2025-01-26,DS-TheHague-01,Household,HOU-01,41,35,161,0
2025-01-26,DS-TheHague-01,Household,HOU-02,32,33,104,0
2025-01-26,DS-TheHague-01,Household,HOU-03,31,41,87,0
2025-01-26,DS-TheHague-01,Household,HOU-04,38,34,146,0
2025-01-26,DS-TheHague-01,Household,HOU-05,72,67,288,1
2025-01-26,DS-TheHague-01,Household,HOU-06,35,37,143,0
2025-01-27,DS-Amsterdam-01,Fresh Produce,FRE-01,102,101,572,1
2025-01-27,DS-Amsterdam-01,Fresh Produce,FRE-02,58,61,403,0
2025-01-27,DS-Amsterdam-01,Fresh Produce,FRE-03,46,53,325,0
2025-01-27,DS-Amsterdam-01,Fresh Produce,FRE-04,46,45,286,0
2025-01-27,DS-Amsterdam-01,Fresh Produce,FRE-05,59,61,366,0
2025-01-27,DS-Amsterdam-01,Fresh Produce,FRE-06,73,116,417,1
2025-01-27,DS-Amsterdam-01,Dairy,DAI-01,40,36,152,0
2025-01-27,DS-Amsterdam-01,Dairy,DAI-02,33,39,111,0
2025-01-27,DS-Amsterdam-01,Dairy,DAI-03,42,40,135,0
2025-01-27,DS-Amsterdam-01,Dairy,DAI-04,39,46,139,0
2025-01-27,DS-Amsterdam-01,Dairy,DAI-05,40,42,121,0
2025-01-27,DS-Amsterdam-01,Dairy,DAI-06,41,45,123,0
2025-01-27,DS-Amsterdam-01,Beverages,BEV-01,50,73,177,0
2025-01-27,DS-Amsterdam-01,Beverages,BEV-02,70,50,227,0
2025-01-27,DS-Amsterdam-01,Beverages,BEV-03,60,71,190,0
2025-01-27,DS-Amsterdam-01,Beverages,BEV-04,65,82,266,0
2025-01-27,DS-Amsterdam-01,Beverages,BEV-05,63,60,252,0
2025-01-27,DS-Amsterdam-01,Beverages,BEV-06,64,69,261,0
2025-01-27,DS-Amsterdam-01,Snacks,SNA-01,56,51,92,0
2025-01-27,DS-Amsterdam-01,Snacks,SNA-02,51,47,80,0
2025-01-27,DS-Amsterdam-01,Snacks,SNA-03,69,56,96,0
2025-01-27,DS-Amsterdam-01,Snacks,SNA-04,66,56,83,0
2025-01-27,DS-Amsterdam-01,Snacks,SNA-05,57,49,93,0
2025-01-27,DS-Amsterdam-01,Snacks,SNA-06,57,54,101,0
2025-01-27,DS-Amsterdam-01,Household,HOU-01,22,24,81,0
2025-01-27,DS-Amsterdam-01,Household,HOU-02,21,18,76,0
2025-01-27,DS-Amsterdam-01,Household,HOU-03,27,27,108,0
2025-01-27,DS-Amsterdam-01,Household,HOU-04,24,27,80,0
2025-01-27,DS-Amsterdam-01,Household,HOU-05,32,31,126,0
2025-01-27,DS-Amsterdam-01,Household,HOU-06,32,25,105,0
2025-01-27,DS-Amsterdam-02,Fresh Produce,FRE-01,40,50,248,0
2025-01-27,DS-Amsterdam-02,Fresh Produce,FRE-02,38,54,260,0
2025-01-27,DS-Amsterdam-02,Fresh Produce,FRE-03,46,48,232,0
2025-01-27,DS-Amsterdam-02,Fresh Produce,FRE-04,55,56,374,0
2025-01-27,DS-Amsterdam-02,Fresh Produce,FRE-05,49,57,256,0
2025-01-27,DS-Amsterdam-02,Fresh Produce,FRE-06,43,60,276,0
2025-01-27,DS-Amsterdam-02,Dairy,DAI-01,28,30,91,0
2025-01-27,DS-Amsterdam-02,Dairy,DAI-02,38,30,144,0
2025-01-27,DS-Amsterdam-02,Dairy,DAI-03,32,39,126,0
2025-01-27,DS-Amsterdam-02,Dairy,DAI-04,37,31,149,0
2025-01-27,DS-Amsterdam-02,Dairy,DAI-05,37,35,129,0
2025-01-27,DS-Amsterdam-02,Dairy,DAI-06,37,38,140,0
2025-01-27,DS-Amsterdam-02,Beverages,BEV-01,64,55,182,0
2025-01-27,DS-Amsterdam-02,Beverages,BEV-02,102,99,286,1
2025-01-27,DS-Amsterdam-02,Beverages,BEV-03,105,119,410,1
2025-01-27,DS-Amsterdam-02,Beverages,BEV-04,58,71,211,0
2025-01-27,DS-Amsterdam-02,Beverages,BEV-05,64,64,219,0
2025-01-27,DS-Amsterdam-02,Beverages,BEV-06,60,44,234,0
2025-01-27,DS-Amsterdam-02,Snacks,SNA-01,57,38,74,0
2025-01-27,DS-Amsterdam-02,Snacks,SNA-02,49,44,60,0
2025-01-27,DS-Amsterdam-02,Snacks,SNA-03,35,55,44,0
2025-01-27,DS-Amsterdam-02,Snacks,SNA-04,45,35,76,0
2025-01-27,DS-Amsterdam-02,Snacks,SNA-05,46,35,57,0
2025-01-27,DS-Amsterdam-02,Snacks,SNA-06,59,36,71,0
2025-01-27,DS-Amsterdam-02,Household,HOU-01,23,26,81,0
2025-01-27,DS-Amsterdam-02,Household,HOU-02,40,44,154,1
2025-01-27,DS-Amsterdam-02,Household,HOU-03,22,23,74,0
2025-01-27,DS-Amsterdam-02,Household,HOU-04,25,24,70,0
2025-01-27,DS-Amsterdam-02,Household,HOU-05,28,23,95,0
2025-01-27,DS-Amsterdam-02,Household,HOU-06,26,28,89,0
2025-01-27,DS-Rotterdam-01,Fresh Produce,FRE-01,57,60,357,0
2025-01-27,DS-Rotterdam-01,Fresh Produce,FRE-02,48,65,320,0
2025-01-27,DS-Rotterdam-01,Fresh Produce,FRE-03,47,53,310,0
2025-01-27,DS-Rotterdam-01,Fresh Produce,FRE-04,45,67,319,0
2025-01-27,DS-Rotterdam-01,Fresh Produce,FRE-05,95,129,578,1
2025-01-27,DS-Rotterdam-01,Fresh Produce,FRE-06,56,68,390,0
2025-01-27,DS-Rotterdam-01,Dairy,DAI-01,44,26,157,0
2025-01-27,DS-Rotterdam-01,Dairy,DAI-02,39,48,153,0
2025-01-27,DS-Rotterdam-01,Dairy,DAI-03,52,47,196,0
2025-01-27,DS-Rotterdam-01,Dairy,DAI-04,50,50,166,0
2025-01-27,DS-Rotterdam-01,Dairy,DAI-05,50,46,158,0
2025-01-27,DS-Rotterdam-01,Dairy,DAI-06,39,35,135,0
2025-01-27,DS-Rotterdam-01,Beverages,BEV-01,85,74,270,0
2025-01-27,DS-Rotterdam-01,Beverages,BEV-02,67,80,206,0
2025-01-27,DS-Rotterdam-01,Beverages,BEV-03,75,62,259,0
2025-01-27,DS-Rotterdam-01,Beverages,BEV-04,80,81,232,0
2025-01-27,DS-Rotterdam-01,Beverages,BEV-05,84,67,296,0
2025-01-27,DS-Rotterdam-01,Beverages,BEV-06,60,72,173,0
2025-01-27,DS-Rotterdam-01,Snacks,SNA-01,54,57,95,0
2025-01-27,DS-Rotterdam-01,Snacks,SNA-02,65,64,80,0
2025-01-27,DS-Rotterdam-01,Snacks,SNA-03,73,51,116,0
2025-01-27,DS-Rotterdam-01,Snacks,SNA-04,73,56,97,0
2025-01-27,DS-Rotterdam-01,Snacks,SNA-05,67,52,93,0
2025-01-27,DS-Rotterdam-01,Snacks,SNA-06,63,60,100,0
2025-01-27,DS-Rotterdam-01,Household,HOU-01,36,25,128,0
2025-01-27,DS-Rotterdam-01,Household,HOU-02,27,26,91,0
2025-01-27,DS-Rotterdam-01,Household,HOU-03,26,30,93,0
2025-01-27,DS-Rotterdam-01,Household,HOU-04,31,30,120,0
2025-01-27,DS-Rotterdam-01,Household,HOU-05,37,31,144,0
2025-01-27,DS-Rotterdam-01,Household,HOU-06,30,32,124,0
2025-01-27,DS-Utrecht-01,Fresh Produce,FRE-01,26,34,176,0
2025-01-27,DS-Utrecht-01,Fresh Produce,FRE-02,35,43,230,0
2025-01-27,DS-Utrecht-01,Fresh Produce,FRE-03,34,34,222,0
2025-01-27,DS-Utrecht-01,Fresh Produce,FRE-04,32,46,182,0
2025-01-27,DS-Utrecht-01,Fresh Produce,FRE-05,44,40,246,0
2025-01-27,DS-Utrecht-01,Fresh Produce,FRE-06,36,53,203,0
2025-01-27,DS-Utrecht-01,Dairy,DAI-01,22,24,90,0
2025-01-27,DS-Utrecht-01,Dairy,DAI-02,35,26,102,0
2025-01-27,DS-Utrecht-01,Dairy,DAI-03,26,29,108,0
2025-01-27,DS-Utrecht-01,Dairy,DAI-04,34,34,98,0
2025-01-27,DS-Utrecht-01,Dairy,DAI-05,37,28,110,0
2025-01-27,DS-Utrecht-01,Dairy,DAI-06,40,21,149,0
2025-01-27,DS-Utrecht-01,Beverages,BEV-01,40,56,144,0
2025-01-27,DS-Utrecht-01,Beverages,BEV-02,57,65,177,0
2025-01-27,DS-Utrecht-01,Beverages,BEV-03,49,44,183,0
2025-01-27,DS-Utrecht-01,Beverages,BEV-04,50,48,150,0
2025-01-27,DS-Utrecht-01,Beverages,BEV-05,55,58,224,0
2025-01-27,DS-Utrecht-01,Beverages,BEV-06,56,53,232,0
2025-01-27,DS-Utrecht-01,Snacks,SNA-01,52,32,86,0
2025-01-27,DS-Utrecht-01,Snacks,SNA-02,51,39,83,0
2025-01-27,DS-Utrecht-01,Snacks,SNA-03,54,34,90,0
2025-01-27,DS-Utrecht-01,Snacks,SNA-04,49,29,74,0
2025-01-27,DS-Utrecht-01,Snacks,SNA-05,49,40,59,0
2025-01-27,DS-Utrecht-01,Snacks,SNA-06,75,45,102,1
2025-01-27,DS-Utrecht-01,Household,HOU-01,19,23,59,0
2025-01-27,DS-Utrecht-01,Household,HOU-02,22,19,89,0
2025-01-27,DS-Utrecht-01,Household,HOU-03,29,19,111,0
2025-01-27,DS-Utrecht-01,Household,HOU-04,26,21,93,0
2025-01-27,DS-Utrecht-01,Household,HOU-05,22,21,86,0
2025-01-27,DS-Utrecht-01,Household,HOU-06,29,20,112,0
2025-01-27,DS-TheHague-01,Fresh Produce,FRE-01,38,44,245,0
2025-01-27,DS-TheHague-01,Fresh Produce,FRE-02,42,44,239,0
2025-01-27,DS-TheHague-01,Fresh Produce,FRE-03,37,44,238,0
2025-01-27,DS-TheHague-01,Fresh Produce,FRE-04,38,42,195,0
2025-01-27,DS-TheHague-01,Fresh Produce,FRE-05,41,33,230,0
2025-01-27,DS-TheHague-01,Fresh Produce,FRE-06,40,44,205,0
2025-01-27,DS-TheHague-01,Dairy,DAI-01,28,29,84,0
2025-01-27,DS-TheHague-01,Dairy,DAI-02,38,29,116,0
2025-01-27,DS-TheHague-01,Dairy,DAI-03,31,33,122,0
2025-01-27,DS-TheHague-01,Dairy,DAI-04,44,31,181,0
2025-01-27,DS-TheHague-01,Dairy,DAI-05,36,28,106,0
2025-01-27,DS-TheHague-01,Dairy,DAI-06,26,31,85,0
2025-01-27,DS-TheHague-01,Beverages,BEV-01,49,50,140,0
2025-01-27,DS-TheHague-01,Beverages,BEV-02,59,52,218,0
2025-01-27,DS-TheHague-01,Beverages,BEV-03,50,55,184,0
2025-01-27,DS-TheHague-01,Beverages,BEV-04,43,46,130,0
2025-01-27,DS-TheHague-01,Beverages,BEV-05,49,52,180,0
2025-01-27,DS-TheHague-01,Beverages,BEV-06,55,52,191,0
2025-01-27,DS-TheHague-01,Snacks,SNA-01,37,38,45,0
2025-01-27,DS-TheHague-01,Snacks,SNA-02,49,37,88,0
2025-01-27,DS-TheHague-01,Snacks,SNA-03,36,46,64,0
2025-01-27,DS-TheHague-01,Snacks,SNA-04,83,72,100,1
2025-01-27,DS-TheHague-01,Snacks,SNA-05,41,37,59,0
2025-01-27,DS-TheHague-01,Snacks,SNA-06,46,31,72,0
2025-01-27,DS-TheHague-01,Household,HOU-01,23,21,94,0
2025-01-27,DS-TheHague-01,Household,HOU-02,21,22,80,0
2025-01-27,DS-TheHague-01,Household,HOU-03,22,21,86,0
2025-01-27,DS-TheHague-01,Household,HOU-04,23,17,71,0
2025-01-27,DS-TheHague-01,Household,HOU-05,18,22,66,0
2025-01-27,DS-TheHague-01,Household,HOU-06,27,17,88,0
2025-01-28,DS-Amsterdam-01,Fresh Produce,FRE-01,69,100,373,1
2025-01-28,DS-Amsterdam-01,Fresh Produce,FRE-02,52,47,253,0
2025-01-28,DS-Amsterdam-01,Fresh Produce,FRE-03,38,56,256,0
2025-01-28,DS-Amsterdam-01,Fresh Produce,FRE-04,55,53,282,0
2025-01-28,DS-Amsterdam-01,Fresh Produce,FRE-05,44,45,261,0
2025-01-28,DS-Amsterdam-01,Fresh Produce,FRE-06,80,109,432,1
2025-01-28,DS-Amsterdam-01,Dairy,DAI-01,33,41,96,0
2025-01-28,DS-Amsterdam-01,Dairy,DAI-02,34,39,113,0
2025-01-28,DS-Amsterdam-01,Dairy,DAI-03,35,32,107,0
2025-01-28,DS-Amsterdam-01,Dairy,DAI-04,36,40,107,0
2025-01-28,DS-Amsterdam-01,Dairy,DAI-05,64,43,187,1
2025-01-28,DS-Amsterdam-01,Dairy,DAI-06,46,38,146,0
2025-01-28,DS-Amsterdam-01,Beverages,BEV-01,72,54,215,0
2025-01-28,DS-Amsterdam-01,Beverages,BEV-02,52,66,164,0
2025-01-28,DS-Amsterdam-01,Beverages,BEV-03,63,59,247,0
2025-01-28,DS-Amsterdam-01,Beverages,BEV-04,62,52,196,0
2025-01-28,DS-Amsterdam-01,Beverages,BEV-05,57,51,202,0
2025-01-28,DS-Amsterdam-01,Beverages,BEV-06,60,58,209,0
2025-01-28,DS-Amsterdam-01,Snacks,SNA-01,57,40,87,0
2025-01-28,DS-Amsterdam-01,Snacks,SNA-02,59,44,83,0
2025-01-28,DS-Amsterdam-01,Snacks,SNA-03,47,43,71,0
2025-01-28,DS-Amsterdam-01,Snacks,SNA-04,53,43,87,0
2025-01-28,DS-Amsterdam-01,Snacks,SNA-05,69,34,84,0
2025-01-28,DS-Amsterdam-01,Snacks,SNA-06,100,74,171,1
2025-01-28,DS-Amsterdam-01,Household,HOU-01,24,19,91,0
2025-01-28,DS-Amsterdam-01,Household,HOU-02,20,27,72,0
2025-01-28,DS-Amsterdam-01,Household,HOU-03,31,24,106,0
2025-01-28,DS-Amsterdam-01,Household,HOU-04,20,22,71,0
2025-01-28,DS-Amsterdam-01,Household,HOU-05,24,23,72,0
2025-01-28,DS-Amsterdam-01,Household,HOU-06,28,21,95,0
2025-01-28,DS-Amsterdam-02,Fresh Produce,FRE-01,31,41,165,0
2025-01-28,DS-Amsterdam-02,Fresh Produce,FRE-02,35,43,169,0
2025-01-28,DS-Amsterdam-02,Fresh Produce,FRE-03,45,48,319,0
2025-01-28,DS-Amsterdam-02,Fresh Produce,FRE-04,47,50,301,0
2025-01-28,DS-Amsterdam-02,Fresh Produce,FRE-05,77,73,458,1
2025-01-28,DS-Amsterdam-02,Fresh Produce,FRE-06,34,42,168,0
2025-01-28,DS-Amsterdam-02,Dairy,DAI-01,33,32,134,0
2025-01-28,DS-Amsterdam-02,Dairy,DAI-02,30,29,123,0
2025-01-28,DS-Amsterdam-02,Dairy,DAI-03,31,24,86,0
2025-01-28,DS-Amsterdam-02,Dairy,DAI-04,28,32,114,0
2025-01-28,DS-Amsterdam-02,Dairy,DAI-05,26,34,78,0
2025-01-28,DS-Amsterdam-02,Dairy,DAI-06,23,27,92,0
2025-01-28,DS-Amsterdam-02,Beverages,BEV-01,54,62,179,0
2025-01-28,DS-Amsterdam-02,Beverages,BEV-02,53,46,176,0
2025-01-28,DS-Amsterdam-02,Beverages,BEV-03,55,47,192,0
2025-01-28,DS-Amsterdam-02,Beverages,BEV-04,60,53,243,0
2025-01-28,DS-Amsterdam-02,Beverages,BEV-05,43,53,165,0
2025-01-28,DS-Amsterdam-02,Beverages,BEV-06,42,57,159,0
2025-01-28,DS-Amsterdam-02,Snacks,SNA-01,65,30,115,0
2025-01-28,DS-Amsterdam-02,Snacks,SNA-02,48,35,59,0
2025-01-28,DS-Amsterdam-02,Snacks,SNA-03,53,31,69,0
2025-01-28,DS-Amsterdam-02,Snacks,SNA-04,46,40,70,0
2025-01-28,DS-Amsterdam-02,Snacks,SNA-05,49,34,86,0
2025-01-28,DS-Amsterdam-02,Snacks,SNA-06,49,38,82,0
2025-01-28,DS-Amsterdam-02,Household,HOU-01,20,19,71,0
2025-01-28,DS-Amsterdam-02,Household,HOU-02,25,20,83,0
2025-01-28,DS-Amsterdam-02,Household,HOU-03,16,18,50,0
2025-01-28,DS-Amsterdam-02,Household,HOU-04,22,21,80,0
2025-01-28,DS-Amsterdam-02,Household,HOU-05,17,14,51,0
2025-01-28,DS-Amsterdam-02,Household,HOU-06,23,22,67,0
2025-01-28,DS-Rotterdam-01,Fresh Produce,FRE-01,46,37,270,0
2025-01-28,DS-Rotterdam-01,Fresh Produce,FRE-02,46,38,321,0
2025-01-28,DS-Rotterdam-01,Fresh Produce,FRE-03,41,32,280,0
2025-01-28,DS-Rotterdam-01,Fresh Produce,FRE-04,35,43,228,0
2025-01-28,DS-Rotterdam-01,Fresh Produce,FRE-05,28,38,141,0
2025-01-28,DS-Rotterdam-01,Fresh Produce,FRE-06,37,45,186,0
2025-01-28,DS-Rotterdam-01,Dairy,DAI-01,21,24,64,0
2025-01-28,DS-Rotterdam-01,Dairy,DAI-02,27,30,96,0
2025-01-28,DS-Rotterdam-01,Dairy,DAI-03,24,27,74,0
2025-01-28,DS-Rotterdam-01,Dairy,DAI-04,28,32,92,0
2025-01-28,DS-Rotterdam-01,Dairy,DAI-05,22,25,86,0
2025-01-28,DS-Rotterdam-01,Dairy,DAI-06,49,57,191,1
2025-01-28,DS-Rotterdam-01,Beverages,BEV-01,89,74,251,1
2025-01-28,DS-Rotterdam-01,Beverages,BEV-02,48,41,190,0
2025-01-28,DS-Rotterdam-01,Beverages,BEV-03,41,57,159,0
2025-01-28,DS-Rotterdam-01,Beverages,BEV-04,37,50,140,0
2025-01-28,DS-Rotterdam-01,Beverages,BEV-05,47,44,157,0
2025-01-28,DS-Rotterdam-01,Beverages,BEV-06,42,54,137,0
2025-01-28,DS-Rotterdam-01,Snacks,SNA-01,73,53,94,1
2025-01-28,DS-Rotterdam-01,Snacks,SNA-02,50,41,83,0
2025-01-28,DS-Rotterdam-01,Snacks,SNA-03,44,35,57,0
2025-01-28,DS-Rotterdam-01,Snacks,SNA-04,40,44,57,0
2025-01-28,DS-Rotterdam-01,Snacks,SNA-05,41,38,70,0
2025-01-28,DS-Rotterdam-01,Snacks,SNA-06,36,39,60,0
2025-01-28,DS-Rotterdam-01,Household,HOU-01,19,19,66,0
2025-01-28,DS-Rotterdam-01,Household,HOU-02,21,16,76,0
2025-01-28,DS-Rotterdam-01,Household,HOU-03,15,22,43,0
2025-01-28,DS-Rotterdam-01,Household,HOU-04,56,31,205,1
2025-01-28,DS-Rotterdam-01,Household,HOU-05,20,23,72,0
2025-01-28,DS-Rotterdam-01,Household,HOU-06,16,19,59,0
2025-01-28,DS-Utrecht-01,Fresh Produce,FRE-01,49,68,350,0
2025-01-28,DS-Utrecht-01,Fresh Produce,FRE-02,67,73,362,0
2025-01-28,DS-Utrecht-01,Fresh Produce,FRE-03,52,66,274,0
2025-01-28,DS-Utrecht-01,Fresh Produce,FRE-04,43,50,249,0
2025-01-28,DS-Utrecht-01,Fresh Produce,FRE-05,41,68,287,0
2025-01-28,DS-Utrecht-01,Fresh Produce,FRE-06,43,51,304,0
2025-01-28,DS-Utrecht-01,Dairy,DAI-01,48,39,189,0
2025-01-28,DS-Utrecht-01,Dairy,DAI-02,39,41,155,0
2025-01-28,DS-Utrecht-01,Dairy,DAI-03,43,41,121,0
2025-01-28,DS-Utrecht-01,Dairy,DAI-04,53,36,186,0
2025-01-28,DS-Utrecht-01,Dairy,DAI-05,47,38,142,0
2025-01-28,DS-Utrecht-01,Dairy,DAI-06,42,45,129,0
2025-01-28,DS-Utrecht-01,Beverages,BEV-01,83,73,240,0
2025-01-28,DS-Utrecht-01,Beverages,BEV-02,82,75,286,0
2025-01-28,DS-Utrecht-01,Beverages,BEV-03,81,67,330,0
2025-01-28,DS-Utrecht-01,Beverages,BEV-04,78,73,228,0
2025-01-28,DS-Utrecht-01,Beverages,BEV-05,70,82,238,0
2025-01-28,DS-Utrecht-01,Beverages,BEV-06,64,65,194,0
2025-01-28,DS-Utrecht-01,Snacks,SNA-01,50,53,62,0
2025-01-28,DS-Utrecht-01,Snacks,SNA-02,62,60,95,0
2025-01-28,DS-Utrecht-01,Snacks,SNA-03,73,64,120,0
2025-01-28,DS-Utrecht-01,Snacks,SNA-04,60,49,75,0
2025-01-28,DS-Utrecht-01,Snacks,SNA-05,78,54,107,0
2025-01-28,DS-Utrecht-01,Snacks,SNA-06,55,57,79,0
2025-01-28,DS-Utrecht-01,Household,HOU-01,39,34,146,0
2025-01-28,DS-Utrecht-01,Household,HOU-02,28,27,111,0
2025-01-28,DS-Utrecht-01,Household,HOU-03,32,30,106,0
2025-01-28,DS-Utrecht-01,Household,HOU-04,24,24,94,0
2025-01-28,DS-Utrecht-01,Household,HOU-05,33,30,130,0
2025-01-28,DS-Utrecht-01,Household,HOU-06,51,53,184,1
2025-01-28,DS-TheHague-01,Fresh Produce,FRE-01,54,69,273,0
2025-01-28,DS-TheHague-01,Fresh Produce,FRE-02,55,54,267,0
2025-01-28,DS-TheHague-01,Fresh Produce,FRE-03,61,44,373,0
2025-01-28,DS-TheHague-01,Fresh Produce,FRE-04,54,56,305,0
2025-01-28,DS-TheHague-01,Fresh Produce,FRE-05,49,64,268,0
2025-01-28,DS-TheHague-01,Fresh Produce,FRE-06,45,47,289,0
2025-01-28,DS-TheHague-01,Dairy,DAI-01,27,33,101,0
2025-01-28,DS-TheHague-01,Dairy,DAI-02,34,38,134,0
2025-01-28,DS-TheHague-01,Dairy,DAI-03,38,40,129,0
2025-01-28,DS-TheHague-01,Dairy,DAI-04,38,32,151,0
2025-01-28,DS-TheHague-01,Dairy,DAI-05,47,36,172,0
2025-01-28,DS-TheHague-01,Dairy,DAI-06,33,42,127,0
2025-01-28,DS-TheHague-01,Beverages,BEV-01,51,68,183,0
2025-01-28,DS-TheHague-01,Beverages,BEV-02,55,68,219,0
2025-01-28,DS-TheHague-01,Beverages,BEV-03,69,73,224,0
2025-01-28,DS-TheHague-01,Beverages,BEV-04,116,154,355,1
2025-01-28,DS-TheHague-01,Beverages,BEV-05,82,92,318,0
2025-01-28,DS-TheHague-01,Beverages,BEV-06,113,128,403,1
2025-01-28,DS-TheHague-01,Snacks,SNA-01,56,54,97,0
2025-01-28,DS-TheHague-01,Snacks,SNA-02,56,49,96,0
2025-01-28,DS-TheHague-01,Snacks,SNA-03,55,35,81,0
2025-01-28,DS-TheHague-01,Snacks,SNA-04,60,38,90,0
2025-01-28,DS-TheHague-01,Snacks,SNA-05,73,46,96,0
2025-01-28,DS-TheHague-01,Snacks,SNA-06,64,53,103,0
2025-01-28,DS-TheHague-01,Household,HOU-01,25,29,93,0
2025-01-28,DS-TheHague-01,Household,HOU-02,30,23,87,0
2025-01-28,DS-TheHague-01,Household,HOU-03,56,39,191,1
2025-01-28,DS-TheHague-01,Household,HOU-04,30,33,85,0
2025-01-28,DS-TheHague-01,Household,HOU-05,21,27,74,0
2025-01-28,DS-TheHague-01,Household,HOU-06,33,19,107,0
2025-01-29,DS-Amsterdam-01,Fresh Produce,FRE-01,45,41,269,0
2025-01-29,DS-Amsterdam-01,Fresh Produce,FRE-02,36,46,195,0
2025-01-29,DS-Amsterdam-01,Fresh Produce,FRE-03,38,52,189,0
2025-01-29,DS-Amsterdam-01,Fresh Produce,FRE-04,49,53,246,0
2025-01-29,DS-Amsterdam-01,Fresh Produce,FRE-05,33,49,205,0
2025-01-29,DS-Amsterdam-01,Fresh Produce,FRE-06,35,49,222,0
2025-01-29,DS-Amsterdam-01,Dairy,DAI-01,29,40,109,0
2025-01-29,DS-Amsterdam-01,Dairy,DAI-02,31,35,124,0
2025-01-29,DS-Amsterdam-01,Dairy,DAI-03,29,32,104,0
2025-01-29,DS-Amsterdam-01,Dairy,DAI-04,39,33,141,0
2025-01-29,DS-Amsterdam-01,Dairy,DAI-05,31,34,92,0
2025-01-29,DS-Amsterdam-01,Dairy,DAI-06,25,33,101,0
2025-01-29,DS-Amsterdam-01,Beverages,BEV-01,71,62,246,0
2025-01-29,DS-Amsterdam-01,Beverages,BEV-02,50,60,191,0
2025-01-29,DS-Amsterdam-01,Beverages,BEV-03,55,55,207,0
2025-01-29,DS-Amsterdam-01,Beverages,BEV-04,56,46,169,0
2025-01-29,DS-Amsterdam-01,Beverages,BEV-05,88,91,340,1
2025-01-29,DS-Amsterdam-01,Beverages,BEV-06,55,54,221,0
2025-01-29,DS-Amsterdam-01,Snacks,SNA-01,44,42,74,0
2025-01-29,DS-Amsterdam-01,Snacks,SNA-02,60,46,79,0
2025-01-29,DS-Amsterdam-01,Snacks,SNA-03,51,38,66,0
2025-01-29,DS-Amsterdam-01,Snacks,SNA-04,43,49,70,0
2025-01-29,DS-Amsterdam-01,Snacks,SNA-05,51,35,82,0
2025-01-29,DS-Amsterdam-01,Snacks,SNA-06,59,41,81,0
2025-01-29,DS-Amsterdam-01,Household,HOU-01,23,24,80,0
2025-01-29,DS-Amsterdam-01,Household,HOU-02,27,19,76,0
2025-01-29,DS-Amsterdam-01,Household,HOU-03,32,26,122,0
2025-01-29,DS-Amsterdam-01,Household,HOU-04,20,21,56,0
2025-01-29,DS-Amsterdam-01,Household,HOU-05,18,22,70,0
2025-01-29,DS-Amsterdam-01,Household,HOU-06,16,21,52,0
2025-01-29,DS-Amsterdam-02,Fresh Produce,FRE-01,49,53,320,0
2025-01-29,DS-Amsterdam-02,Fresh Produce,FRE-02,58,71,322,0
2025-01-29,DS-Amsterdam-02,Fresh Produce,FRE-03,55,72,392,0
2025-01-29,DS-Amsterdam-02,Fresh Produce,FRE-04,60,60,340,0
2025-01-29,DS-Amsterdam-02,Fresh Produce,FRE-05,57,46,354,0
2025-01-29,DS-Amsterdam-02,Fresh Produce,FRE-06,57,76,304,0
2025-01-29,DS-Amsterdam-02,Dairy,DAI-01,47,43,190,0
2025-01-29,DS-Amsterdam-02,Dairy,DAI-02,49,45,193,0
2025-01-29,DS-Amsterdam-02,Dairy,DAI-03,40,40,159,0
2025-01-29,DS-Amsterdam-02,Dairy,DAI-04,55,47,178,0
2025-01-29,DS-Amsterdam-02,Dairy,DAI-05,44,49,178,0
2025-01-29,DS-Amsterdam-02,Dairy,DAI-06,40,59,138,0
2025-01-29,DS-Amsterdam-02,Beverages,BEV-01,88,58,326,0
2025-01-29,DS-Amsterdam-02,Beverages,BEV-02,70,70,211,0
2025-01-29,DS-Amsterdam-02,Beverages,BEV-03,72,64,216,0
2025-01-29,DS-Amsterdam-02,Beverages,BEV-04,89,90,322,0
2025-01-29,DS-Amsterdam-02,Beverages,BEV-05,68,79,216,0
2025-01-29,DS-Amsterdam-02,Beverages,BEV-06,72,79,268,0
2025-01-29,DS-Amsterdam-02,Snacks,SNA-01,57,53,85,0
2025-01-29,DS-Amsterdam-02,Snacks,SNA-02,76,55,129,0
2025-01-29,DS-Amsterdam-02,Snacks,SNA-03,71,47,103,0
2025-01-29,DS-Amsterdam-02,Snacks,SNA-04,51,52,72,0
2025-01-29,DS-Amsterdam-02,Snacks,SNA-05,80,57,136,0
2025-01-29,DS-Amsterdam-02,Snacks,SNA-06,77,53,129,0
2025-01-29,DS-Amsterdam-02,Household,HOU-01,31,32,93,0
2025-01-29,DS-Amsterdam-02,Household,HOU-02,26,27,97,0
2025-01-29,DS-Amsterdam-02,Household,HOU-03,24,27,100,0
2025-01-29,DS-Amsterdam-02,Household,HOU-04,38,29,112,0
2025-01-29,DS-Amsterdam-02,Household,HOU-05,43,44,164,1
2025-01-29,DS-Amsterdam-02,Household,HOU-06,19,30,74,0
2025-01-29,DS-Rotterdam-01,Fresh Produce,FRE-01,42,54,299,0
2025-01-29,DS-Rotterdam-01,Fresh Produce,FRE-02,50,52,303,0
2025-01-29,DS-Rotterdam-01,Fresh Produce,FRE-03,51,44,298,0
2025-01-29,DS-Rotterdam-01,Fresh Produce,FRE-04,51,55,264,0
2025-01-29,DS-Rotterdam-01,Fresh Produce,FRE-05,47,57,299,0
2025-01-29,DS-Rotterdam-01,Fresh Produce,FRE-06,44,51,254,0
2025-01-29,DS-Rotterdam-01,Dairy,DAI-01,36,44,126,0
2025-01-29,DS-Rotterdam-01,Dairy,DAI-02,39,42,127,0
2025-01-29,DS-Rotterdam-01,Dairy,DAI-03,39,29,139,0
2025-01-29,DS-Rotterdam-01,Dairy,DAI-04,40,27,130,0
2025-01-29,DS-Rotterdam-01,Dairy,DAI-05,39,29,149,0
2025-01-29,DS-Rotterdam-01,Dairy,DAI-06,34,31,110,0
2025-01-29,DS-Rotterdam-01,Beverages,BEV-01,62,67,188,0
2025-01-29,DS-Rotterdam-01,Beverages,BEV-02,64,73,240,0
2025-01-29,DS-Rotterdam-01,Beverages,BEV-03,73,63,253,0
2025-01-29,DS-Rotterdam-01,Beverages,BEV-04,64,61,212,0
2025-01-29,DS-Rotterdam-01,Beverages,BEV-05,65,72,194,0
2025-01-29,DS-Rotterdam-01,Beverages,BEV-06,63,61,181,0
2025-01-29,DS-Rotterdam-01,Snacks,SNA-01,66,48,81,0
2025-01-29,DS-Rotterdam-01,Snacks,SNA-02,56,54,68,0
2025-01-29,DS-Rotterdam-01,Snacks,SNA-03,55,50,82,0
2025-01-29,DS-Rotterdam-01,Snacks,SNA-04,56,57,100,0
2025-01-29,DS-Rotterdam-01,Snacks,SNA-05,108,89,165,1
2025-01-29,DS-Rotterdam-01,Snacks,SNA-06,53,54,85,0
2025-01-29,DS-Rotterdam-01,Household,HOU-01,14,25,50,0
2025-01-29,DS-Rotterdam-01,Household,HOU-02,25,25,94,0
2025-01-29,DS-Rotterdam-01,Household,HOU-03,22,27,73,0
2025-01-29,DS-Rotterdam-01,Household,HOU-04,13,22,40,0
2025-01-29,DS-Rotterdam-01,Household,HOU-05,24,23,99,0
2025-01-29,DS-Rotterdam-01,Household,HOU-06,15,23,57,0
2025-01-29,DS-Utrecht-01,Fresh Produce,FRE-01,34,49,190,0
2025-01-29,DS-Utrecht-01,Fresh Produce,FRE-02,36,41,251,0
2025-01-29,DS-Utrecht-01,Fresh Produce,FRE-03,29,47,192,0
2025-01-29,DS-Utrecht-01,Fresh Produce,FRE-04,38,53,199,0
2025-01-29,DS-Utrecht-01,Fresh Produce,FRE-05,50,58,285,0
2025-01-29,DS-Utrecht-01,Fresh Produce,FRE-06,44,50,232,0
2025-01-29,DS-Utrecht-01,Dairy,DAI-01,31,29,97,0
2025-01-29,DS-Utrecht-01,Dairy,DAI-02,31,29,127,0
2025-01-29,DS-Utrecht-01,Dairy,DAI-03,30,36,125,0
2025-01-29,DS-Utrecht-01,Dairy,DAI-04,33,30,116,0
2025-01-29,DS-Utrecht-01,Dairy,DAI-05,35,27,114,0
2025-01-29,DS-Utrecht-01,Dairy,DAI-06,35,30,108,0
2025-01-29,DS-Utrecht-01,Beverages,BEV-01,55,56,173,0
2025-01-29,DS-Utrecht-01,Beverages,BEV-02,56,55,187,0
2025-01-29,DS-Utrecht-01,Beverages,BEV-03,65,41,233,0
2025-01-29,DS-Utrecht-01,Beverages,BEV-04,58,67,225,0
2025-01-29,DS-Utrecht-01,Beverages,BEV-05,51,63,151,0
2025-01-29,DS-Utrecht-01,Beverages,BEV-06,54,52,202,0
2025-01-29,DS-Utrecht-01,Snacks,SNA-01,54,48,96,0
2025-01-29,DS-Utrecht-01,Snacks,SNA-02,51,42,90,0
2025-01-29,DS-Utrecht-01,Snacks,SNA-03,47,48,84,0
2025-01-29,DS-Utrecht-01,Snacks,SNA-04,41,41,57,0
2025-01-29,DS-Utrecht-01,Snacks,SNA-05,42,27,74,0
2025-01-29,DS-Utrecht-01,Snacks,SNA-06,88,79,106,1
2025-01-29,DS-Utrecht-01,Household,HOU-01,27,25,91,0
2025-01-29,DS-Utrecht-01,Household,HOU-02,17,20,58,0
2025-01-29,DS-Utrecht-01,Household,HOU-03,29,29,83,0
2025-01-29,DS-Utrecht-01,Household,HOU-04,19,30,64,0
2025-01-29,DS-Utrecht-01,Household,HOU-05,24,20,91,0
2025-01-29,DS-Utrecht-01,Household,HOU-06,19,20,57,0
2025-01-29,DS-TheHague-01,Fresh Produce,FRE-01,62,62,435,0
2025-01-29,DS-TheHague-01,Fresh Produce,FRE-02,48,52,244,0
2025-01-29,DS-TheHague-01,Fresh Produce,FRE-03,50,60,332,0
2025-01-29,DS-TheHague-01,Fresh Produce,FRE-04,54,63,286,0
2025-01-29,DS-TheHague-01,Fresh Produce,FRE-05,51,58,253,0
2025-01-29,DS-TheHague-01,Fresh Produce,FRE-06,59,66,295,0
2025-01-29,DS-TheHague-01,Dairy,DAI-01,73,70,275,1
2025-01-29,DS-TheHague-01,Dairy,DAI-02,48,48,180,0
2025-01-29,DS-TheHague-01,Dairy,DAI-03,42,46,122,0
2025-01-29,DS-TheHague-01,Dairy,DAI-04,37,43,125,0
2025-01-29,DS-TheHague-01,Dairy,DAI-05,38,45,158,0
2025-01-29,DS-TheHague-01,Dairy,DAI-06,49,47,157,0
2025-01-29,DS-TheHague-01,Beverages,BEV-01,62,72,259,0
2025-01-29,DS-TheHague-01,Beverages,BEV-02,62,68,175,0
2025-01-29,DS-TheHague-01,Beverages,BEV-03,69,59,239,0
2025-01-29,DS-TheHague-01,Beverages,BEV-04,56,82,161,0
2025-01-29,DS-TheHague-01,Beverages,BEV-05,75,72,309,0
2025-01-29,DS-TheHague-01,Beverages,BEV-06,89,66,368,0
2025-01-29,DS-TheHague-01,Snacks,SNA-01,74,55,101,0
2025-01-29,DS-TheHague-01,Snacks,SNA-02,58,55,77,0
2025-01-29,DS-TheHague-01,Snacks,SNA-03,72,46,122,0
2025-01-29,DS-TheHague-01,Snacks,SNA-04,68,58,84,0
2025-01-29,DS-TheHague-01,Snacks,SNA-05,69,61,102,0
2025-01-29,DS-TheHague-01,Snacks,SNA-06,58,61,100,0
2025-01-29,DS-TheHague-01,Household,HOU-01,22,33,70,0
2025-01-29,DS-TheHague-01,Household,HOU-02,40,31,132,0
2025-01-29,DS-TheHague-01,Household,HOU-03,23,28,78,0
2025-01-29,DS-TheHague-01,Household,HOU-04,19,24,58,0
2025-01-29,DS-TheHague-01,Household,HOU-05,27,25,75,0
2025-01-29,DS-TheHague-01,Household,HOU-06,30,28,94,0
2025-01-30,DS-Amsterdam-01,Fresh Produce,FRE-01,51,60,279,0
2025-01-30,DS-Amsterdam-01,Fresh Produce,FRE-02,41,57,293,0
2025-01-30,DS-Amsterdam-01,Fresh Produce,FRE-03,71,55,494,0
2025-01-30,DS-Amsterdam-01,Fresh Produce,FRE-04,56,66,398,0
2025-01-30,DS-Amsterdam-01,Fresh Produce,FRE-05,59,67,321,0
2025-01-30,DS-Amsterdam-01,Fresh Produce,FRE-06,34,54,201,0
2025-01-30,DS-Amsterdam-01,Dairy,DAI-01,39,44,137,0
2025-01-30,DS-Amsterdam-01,Dairy,DAI-02,35,45,114,0
2025-01-30,DS-Amsterdam-01,Dairy,DAI-03,52,37,190,0
2025-01-30,DS-Amsterdam-01,Dairy,DAI-04,41,46,138,0
2025-01-30,DS-Amsterdam-01,Dairy,DAI-05,40,39,160,0
2025-01-30,DS-Amsterdam-01,Dairy,DAI-06,51,45,198,0
2025-01-30,DS-Amsterdam-01,Beverages,BEV-01,81,56,250,0
2025-01-30,DS-Amsterdam-01,Beverages,BEV-02,85,77,258,0
2025-01-30,DS-Amsterdam-01,Beverages,BEV-03,88,75,348,0
2025-01-30,DS-Amsterdam-01,Beverages,BEV-04,64,63,238,0
2025-01-30,DS-Amsterdam-01,Beverages,BEV-05,81,73,269,0
2025-01-30,DS-Amsterdam-01,Beverages,BEV-06,76,86,263,0
2025-01-30,DS-Amsterdam-01,Snacks,SNA-01,67,65,100,0
2025-01-30,DS-Amsterdam-01,Snacks,SNA-02,68,57,90,0
2025-01-30,DS-Amsterdam-01,Snacks,SNA-03,79,59,124,0
2025-01-30,DS-Amsterdam-01,Snacks,SNA-04,73,61,121,0
2025-01-30,DS-Amsterdam-01,Snacks,SNA-05,68,49,97,0
2025-01-30,DS-Amsterdam-01,Snacks,SNA-06,74,61,114,0
2025-01-30,DS-Amsterdam-01,Household,HOU-01,33,29,123,0
2025-01-30,DS-Amsterdam-01,Household,HOU-02,23,30,93,0
2025-01-30,DS-Amsterdam-01,Household,HOU-03,27,34,99,0
2025-01-30,DS-Amsterdam-01,Household,HOU-04,50,49,208,1
2025-01-30,DS-Amsterdam-01,Household,HOU-05,26,32,88,0
2025-01-30,DS-Amsterdam-01,Household,HOU-06,56,48,220,1
2025-01-30,DS-Amsterdam-02,Fresh Produce,FRE-01,44,33,261,0
2025-01-30,DS-Amsterdam-02,Fresh Produce,FRE-02,73,84,495,1
2025-01-30,DS-Amsterdam-02,Fresh Produce,FRE-03,32,51,166,0
2025-01-30,DS-Amsterdam-02,Fresh Produce,FRE-04,47,48,293,0
2025-01-30,DS-Amsterdam-02,Fresh Produce,FRE-05,32,33,214,0
2025-01-30,DS-Amsterdam-02,Fresh Produce,FRE-06,30,47,178,0
2025-01-30,DS-Amsterdam-02,Dairy,DAI-01,28,25,107,0
2025-01-30,DS-Amsterdam-02,Dairy,DAI-02,29,32,106,0
2025-01-30,DS-Amsterdam-02,Dairy,DAI-03,25,26,96,0
2025-01-30,DS-Amsterdam-02,Dairy,DAI-04,30,35,99,0
2025-01-30,DS-Amsterdam-02,Dairy,DAI-05,23,27,76,0
2025-01-30,DS-Amsterdam-02,Dairy,DAI-06,22,32,71,0
2025-01-30,DS-Amsterdam-02,Beverages,BEV-01,45,60,130,0
2025-01-30,DS-Amsterdam-02,Beverages,BEV-02,39,52,146,0
2025-01-30,DS-Amsterdam-02,Beverages,BEV-03,48,48,150,0
2025-01-30,DS-Amsterdam-02,Beverages,BEV-04,45,58,139,0
2025-01-30,DS-Amsterdam-02,Beverages,BEV-05,47,45,172,0
2025-01-30,DS-Amsterdam-02,Beverages,BEV-06,50,55,208,0
2025-01-30,DS-Amsterdam-02,Snacks,SNA-01,44,28,60,0
2025-01-30,DS-Amsterdam-02,Snacks,SNA-02,33,31,57,0
2025-01-30,DS-Amsterdam-02,Snacks,SNA-03,38,35,51,0
2025-01-30,DS-Amsterdam-02,Snacks,SNA-04,37,34,59,0
2025-01-30,DS-Amsterdam-02,Snacks,SNA-05,36,33,60,0
2025-01-30,DS-Amsterdam-02,Snacks,SNA-06,42,34,73,0
2025-01-30,DS-Amsterdam-02,Household,HOU-01,27,20,84,0
2025-01-30,DS-Amsterdam-02,Household,HOU-02,26,20,84,0
2025-01-30,DS-Amsterdam-02,Household,HOU-03,16,19,64,0
2025-01-30,DS-Amsterdam-02,Household,HOU-04,35,36,102,1
2025-01-30,DS-Amsterdam-02,Household,HOU-05,26,18,81,0
2025-01-30,DS-Amsterdam-02,Household,HOU-06,20,25,80,0
2025-01-30,DS-Rotterdam-01,Fresh Produce,FRE-01,41,68,220,0
2025-01-30,DS-Rotterdam-01,Fresh Produce,FRE-02,56,70,327,0
2025-01-30,DS-Rotterdam-01,Fresh Produce,FRE-03,43,57,215,0
2025-01-30,DS-Rotterdam-01,Fresh Produce,FRE-04,53,46,311,0
2025-01-30,DS-Rotterdam-01,Fresh Produce,FRE-05,47,46,228,0
2025-01-30,DS-Rotterdam-01,Fresh Produce,FRE-06,44,61,300,0
2025-01-30,DS-Rotterdam-01,Dairy,DAI-01,56,66,192,1
2025-01-30,DS-Rotterdam-01,Dairy,DAI-02,44,41,167,0
2025-01-30,DS-Rotterdam-01,Dairy,DAI-03,34,39,125,0
2025-01-30,DS-Rotterdam-01,Dairy,DAI-04,59,77,214,1
2025-01-30,DS-Rotterdam-01,Dairy,DAI-05,51,40,171,0
2025-01-30,DS-Rotterdam-01,Dairy,DAI-06,26,39,100,0
2025-01-30,DS-Rotterdam-01,Beverages,BEV-01,71,65,225,0
2025-01-30,DS-Rotterdam-01,Beverages,BEV-02,55,70,186,0
2025-01-30,DS-Rotterdam-01,Beverages,BEV-03,72,65,297,0
2025-01-30,DS-Rotterdam-01,Beverages,BEV-04,82,66,327,0
2025-01-30,DS-Rotterdam-01,Beverages,BEV-05,62,60,214,0
2025-01-30,DS-Rotterdam-01,Beverages,BEV-06,67,79,267,0
2025-01-30,DS-Rotterdam-01,Snacks,SNA-01,45,53,69,0
2025-01-30,DS-Rotterdam-01,Snacks,SNA-02,63,50,102,0
2025-01-30,DS-Rotterdam-01,Snacks,SNA-03,77,52,117,0
2025-01-30,DS-Rotterdam-01,Snacks,SNA-04,50,49,63,0
2025-01-30,DS-Rotterdam-01,Snacks,SNA-05,60,55,88,0
2025-01-30,DS-Rotterdam-01,Snacks,SNA-06,55,51,79,0
2025-01-30,DS-Rotterdam-01,Household,HOU-01,25,27,103,0
2025-01-30,DS-Rotterdam-01,Household,HOU-02,22,29,66,0
2025-01-30,DS-Rotterdam-01,Household,HOU-03,25,26,82,0
2025-01-30,DS-Rotterdam-01,Household,HOU-04,27,30,89,0
2025-01-30,DS-Rotterdam-01,Household,HOU-05,20,28,60,0
2025-01-30,DS-Rotterdam-01,Household,HOU-06,31,33,98,0
2025-01-30,DS-Utrecht-01,Fresh Produce,FRE-01,38,44,198,0
2025-01-30,DS-Utrecht-01,Fresh Produce,FRE-02,42,54,237,0
2025-01-30,DS-Utrecht-01,Fresh Produce,FRE-03,59,96,310,1
2025-01-30,DS-Utrecht-01,Fresh Produce,FRE-04,54,50,290,0
2025-01-30,DS-Utrecht-01,Fresh Produce,FRE-05,39,42,188,0
2025-01-30,DS-Utrecht-01,Fresh Produce,FRE-06,51,49,283,0
2025-01-30,DS-Utrecht-01,Dairy,DAI-01,54,62,220,1
2025-01-30,DS-Utrecht-01,Dairy,DAI-02,30,34,118,0
2025-01-30,DS-Utrecht-01,Dairy,DAI-03,45,29,151,0
2025-01-30,DS-Utrecht-01,Dairy,DAI-04,40,29,147,0
2025-01-30,DS-Utrecht-01,Dairy,DAI-05,63,56,251,1
2025-01-30,DS-Utrecht-01,Dairy,DAI-06,31,31,110,0
2025-01-30,DS-Utrecht-01,Beverages,BEV-01,61,72,211,0
2025-01-30,DS-Utrecht-01,Beverages,BEV-02,66,57,224,0
2025-01-30,DS-Utrecht-01,Beverages,BEV-03,56,71,177,0
2025-01-30,DS-Utrecht-01,Beverages,BEV-04,94,101,331,1
2025-01-30,DS-Utrecht-01,Beverages,BEV-05,60,61,248,0
2025-01-30,DS-Utrecht-01,Beverages,BEV-06,61,53,229,0
2025-01-30,DS-Utrecht-01,Snacks,SNA-01,55,47,89,0
2025-01-30,DS-Utrecht-01,Snacks,SNA-02,56,40,95,0
2025-01-30,DS-Utrecht-01,Snacks,SNA-03,45,39,76,0
2025-01-30,DS-Utrecht-01,Snacks,SNA-04,56,44,74,0
2025-01-30,DS-Utrecht-01,Snacks,SNA-05,62,37,83,0
2025-01-30,DS-Utrecht-01,Snacks,SNA-06,50,37,71,0
2025-01-30,DS-Utrecht-01,Household,HOU-01,25,22,87,0
2025-01-30,DS-Utrecht-01,Household,HOU-02,25,25,89,0
2025-01-30,DS-Utrecht-01,Household,HOU-03,25,25,71,0
2025-01-30,DS-Utrecht-01,Household,HOU-04,24,24,88,0
2025-01-30,DS-Utrecht-01,Household,HOU-05,23,24,64,0
2025-01-30,DS-Utrecht-01,Household,HOU-06,23,21,78,0
2025-01-30,DS-TheHague-01,Fresh Produce,FRE-01,40,40,231,0
2025-01-30,DS-TheHague-01,Fresh Produce,FRE-02,41,44,202,0
2025-01-30,DS-TheHague-01,Fresh Produce,FRE-03,32,45,182,0
2025-01-30,DS-TheHague-01,Fresh Produce,FRE-04,64,102,401,1
2025-01-30,DS-TheHague-01,Fresh Produce,FRE-05,43,39,290,0
2025-01-30,DS-TheHague-01,Fresh Produce,FRE-06,39,34,231,0
2025-01-30,DS-TheHague-01,Dairy,DAI-01,30,36,117,0
2025-01-30,DS-TheHague-01,Dairy,DAI-02,49,24,152,0
2025-01-30,DS-TheHague-01,Dairy,DAI-03,32,31,93,0
2025-01-30,DS-TheHague-01,Dairy,DAI-04,28,31,85,0
2025-01-30,DS-TheHague-01,Dairy,DAI-05,32,40,125,0
2025-01-30,DS-TheHague-01,Dairy,DAI-06,54,66,173,1
2025-01-30,DS-TheHague-01,Beverages,BEV-01,56,56,170,0
2025-01-30,DS-TheHague-01,Beverages,BEV-02,55,46,225,0
2025-01-30,DS-TheHague-01,Beverages,BEV-03,61,54,221,0
2025-01-30,DS-TheHague-01,Beverages,BEV-04,59,56,244,0
2025-01-30,DS-TheHague-01,Beverages,BEV-05,109,91,379,1
2025-01-30,DS-TheHague-01,Beverages,BEV-06,52,46,197,0
2025-01-30,DS-TheHague-01,Snacks,SNA-01,51,36,64,0
2025-01-30,DS-TheHague-01,Snacks,SNA-02,43,41,76,0
2025-01-30,DS-TheHague-01,Snacks,SNA-03,38,41,55,0
2025-01-30,DS-TheHague-01,Snacks,SNA-04,35,37,42,0
2025-01-30,DS-TheHague-01,Snacks,SNA-05,39,35,51,0
2025-01-30,DS-TheHague-01,Snacks,SNA-06,53,32,67,0
2025-01-30,DS-TheHague-01,Household,HOU-01,27,23,86,0
2025-01-30,DS-TheHague-01,Household,HOU-02,24,21,71,0
2025-01-30,DS-TheHague-01,Household,HOU-03,21,26,86,0
2025-01-30,DS-TheHague-01,Household,HOU-04,26,22,102,0
2025-01-30,DS-TheHague-01,Household,HOU-05,37,31,115,1
2025-01-30,DS-TheHague-01,Household,HOU-06,27,17,97,0
2025-01-31,DS-Amsterdam-01,Fresh Produce,FRE-01,46,47,258,0
2025-01-31,DS-Amsterdam-01,Fresh Produce,FRE-02,50,62,330,0
2025-01-31,DS-Amsterdam-01,Fresh Produce,FRE-03,48,50,327,0
2025-01-31,DS-Amsterdam-01,Fresh Produce,FRE-04,53,51,310,0
2025-01-31,DS-Amsterdam-01,Fresh Produce,FRE-05,47,52,299,0
2025-01-31,DS-Amsterdam-01,Fresh Produce,FRE-06,34,53,176,0
2025-01-31,DS-Amsterdam-01,Dairy,DAI-01,43,38,166,0
2025-01-31,DS-Amsterdam-01,Dairy,DAI-02,34,35,127,0
2025-01-31,DS-Amsterdam-01,Dairy,DAI-03,40,37,140,0
2025-01-31,DS-Amsterdam-01,Dairy,DAI-04,30,34,89,0
2025-01-31,DS-Amsterdam-01,Dairy,DAI-05,31,38,104,0
2025-01-31,DS-Amsterdam-01,Dairy,DAI-06,45,36,139,0
2025-01-31,DS-Amsterdam-01,Beverages,BEV-01,47,58,181,0
2025-01-31,DS-Amsterdam-01,Beverages,BEV-02,57,64,200,0
2025-01-31,DS-Amsterdam-01,Beverages,BEV-03,49,52,155,0
2025-01-31,DS-Amsterdam-01,Beverages,BEV-04,47,55,150,0
2025-01-31,DS-Amsterdam-01,Beverages,BEV-05,76,52,281,0
2025-01-31,DS-Amsterdam-01,Beverages,BEV-06,99,70,347,1
2025-01-31,DS-Amsterdam-01,Snacks,SNA-01,70,47,85,0
2025-01-31,DS-Amsterdam-01,Snacks,SNA-02,51,49,63,0
2025-01-31,DS-Amsterdam-01,Snacks,SNA-03,52,42,78,0
2025-01-31,DS-Amsterdam-01,Snacks,SNA-04,61,48,87,0
2025-01-31,DS-Amsterdam-01,Snacks,SNA-05,54,45,94,0
2025-01-31,DS-Amsterdam-01,Snacks,SNA-06,55,42,66,0
2025-01-31,DS-Amsterdam-01,Household,HOU-01,28,22,85,0
2025-01-31,DS-Amsterdam-01,Household,HOU-02,38,45,111,1
2025-01-31,DS-Amsterdam-01,Household,HOU-03,17,25,66,0
2025-01-31,DS-Amsterdam-01,Household,HOU-04,25,26,102,0
2025-01-31,DS-Amsterdam-01,Household,HOU-05,26,20,107,0
2025-01-31,DS-Amsterdam-01,Household,HOU-06,19,18,55,0
2025-01-31,DS-Amsterdam-02,Fresh Produce,FRE-01,50,63,290,0
2025-01-31,DS-Amsterdam-02,Fresh Produce,FRE-02,45,61,302,0
2025-01-31,DS-Amsterdam-02,Fresh Produce,FRE-03,53,60,375,0
2025-01-31,DS-Amsterdam-02,Fresh Produce,FRE-04,33,58,173,0
2025-01-31,DS-Amsterdam-02,Fresh Produce,FRE-05,62,59,337,0
2025-01-31,DS-Amsterdam-02,Fresh Produce,FRE-06,50,49,285,0
2025-01-31,DS-Amsterdam-02,Dairy,DAI-01,36,44,109,0
2025-01-31,DS-Amsterdam-02,Dairy,DAI-02,37,30,149,0
2025-01-31,DS-Amsterdam-02,Dairy,DAI-03,41,39,138,0
2025-01-31,DS-Amsterdam-02,Dairy,DAI-04,30,30,87,0
2025-01-31,DS-Amsterdam-02,Dairy,DAI-05,80,76,285,1
2025-01-31,DS-Amsterdam-02,Dairy,DAI-06,49,40,201,0
2025-01-31,DS-Amsterdam-02,Beverages,BEV-01,69,55,221,0
2025-01-31,DS-Amsterdam-02,Beverages,BEV-02,67,68,264,0
2025-01-31,DS-Amsterdam-02,Beverages,BEV-03,68,73,199,0
2025-01-31,DS-Amsterdam-02,Beverages,BEV-04,63,67,224,0
2025-01-31,DS-Amsterdam-02,Beverages,BEV-05,62,73,180,0
2025-01-31,DS-Amsterdam-02,Beverages,BEV-06,65,72,254,0
2025-01-31,DS-Amsterdam-02,Snacks,SNA-01,60,41,78,0
2025-01-31,DS-Amsterdam-02,Snacks,SNA-02,56,52,99,0
2025-01-31,DS-Amsterdam-02,Snacks,SNA-03,48,48,82,0
2025-01-31,DS-Amsterdam-02,Snacks,SNA-04,59,45,70,0
2025-01-31,DS-Amsterdam-02,Snacks,SNA-05,63,57,91,0
2025-01-31,DS-Amsterdam-02,Snacks,SNA-06,58,46,94,0
2025-01-31,DS-Amsterdam-02,Household,HOU-01,21,23,69,0
2025-01-31,DS-Amsterdam-02,Household,HOU-02,27,28,95,0
2025-01-31,DS-Amsterdam-02,Household,HOU-03,33,22,96,0
2025-01-31,DS-Amsterdam-02,Household,HOU-04,14,22,41,0
2025-01-31,DS-Amsterdam-02,Household,HOU-05,23,30,77,0
2025-01-31,DS-Amsterdam-02,Household,HOU-06,28,25,90,0
2025-01-31,DS-Rotterdam-01,Fresh Produce,FRE-01,34,60,242,0
2025-01-31,DS-Rotterdam-01,Fresh Produce,FRE-02,42,50,208,0
2025-01-31,DS-Rotterdam-01,Fresh Produce,FRE-03,58,79,403,1
2025-01-31,DS-Rotterdam-01,Fresh Produce,FRE-04,34,40,217,0
2025-01-31,DS-Rotterdam-01,Fresh Produce,FRE-05,35,48,215,0
2025-01-31,DS-Rotterdam-01,Fresh Produce,FRE-06,38,38,232,0
2025-01-31,DS-Rotterdam-01,Dairy,DAI-01,38,28,126,0
2025-01-31,DS-Rotterdam-01,Dairy,DAI-02,35,32,105,0
2025-01-31,DS-Rotterdam-01,Dairy,DAI-03,27,39,94,0
2025-01-31,DS-Rotterdam-01,Dairy,DAI-04,28,33,85,0
2025-01-31,DS-Rotterdam-01,Dairy,DAI-05,32,36,131,0
2025-01-31,DS-Rotterdam-01,Dairy,DAI-06,33,22,137,0
2025-01-31,DS-Rotterdam-01,Beverages,BEV-01,52,50,187,0
2025-01-31,DS-Rotterdam-01,Beverages,BEV-02,57,52,196,0
2025-01-31,DS-Rotterdam-01,Beverages,BEV-03,94,93,366,1
2025-01-31,DS-Rotterdam-01,Beverages,BEV-04,53,47,221,0
2025-01-31,DS-Rotterdam-01,Beverages,BEV-05,50,60,166,0
2025-01-31,DS-Rotterdam-01,Beverages,BEV-06,42,52,156,0
2025-01-31,DS-Rotterdam-01,Snacks,SNA-01,43,34,77,0
2025-01-31,DS-Rotterdam-01,Snacks,SNA-02,85,68,120,1
2025-01-31,DS-Rotterdam-01,Snacks,SNA-03,52,42,75,0
2025-01-31,DS-Rotterdam-01,Snacks,SNA-04,58,34,86,0
2025-01-31,DS-Rotterdam-01,Snacks,SNA-05,43,42,66,0
2025-01-31,DS-Rotterdam-01,Snacks,SNA-06,46,34,64,0
2025-01-31,DS-Rotterdam-01,Household,HOU-01,22,21,87,0
2025-01-31,DS-Rotterdam-01,Household,HOU-02,18,17,67,0
2025-01-31,DS-Rotterdam-01,Household,HOU-03,20,23,76,0
2025-01-31,DS-Rotterdam-01,Household,HOU-04,20,18,69,0
2025-01-31,DS-Rotterdam-01,Household,HOU-05,24,20,89,0
2025-01-31,DS-Rotterdam-01,Household,HOU-06,25,23,82,0
2025-01-31,DS-Utrecht-01,Fresh Produce,FRE-01,42,38,250,0
2025-01-31,DS-Utrecht-01,Fresh Produce,FRE-02,47,50,289,0
2025-01-31,DS-Utrecht-01,Fresh Produce,FRE-03,44,48,221,0
2025-01-31,DS-Utrecht-01,Fresh Produce,FRE-04,46,37,233,0
2025-01-31,DS-Utrecht-01,Fresh Produce,FRE-05,46,46,222,0
2025-01-31,DS-Utrecht-01,Fresh Produce,FRE-06,58,50,336,0
2025-01-31,DS-Utrecht-01,Dairy,DAI-01,29,29,90,0
2025-01-31,DS-Utrecht-01,Dairy,DAI-02,34,33,117,0
2025-01-31,DS-Utrecht-01,Dairy,DAI-03,30,31,125,0
2025-01-31,DS-Utrecht-01,Dairy,DAI-04,31,27,114,0
2025-01-31,DS-Utrecht-01,Dairy,DAI-05,26,30,95,0
2025-01-31,DS-Utrecht-01,Dairy,DAI-06,39,33,132,0
2025-01-31,DS-Utrecht-01,Beverages,BEV-01,62,61,203,0
2025-01-31,DS-Utrecht-01,Beverages,BEV-02,62,61,246,0
2025-01-31,DS-Utrecht-01,Beverages,BEV-03,50,61,153,0
2025-01-31,DS-Utrecht-01,Beverages,BEV-04,60,49,242,0
2025-01-31,DS-Utrecht-01,Beverages,BEV-05,43,59,150,0
2025-01-31,DS-Utrecht-01,Beverages,BEV-06,95,105,343,1
2025-01-31,DS-Utrecht-01,Snacks,SNA-01,54,31,74,0
2025-01-31,DS-Utrecht-01,Snacks,SNA-02,51,46,69,0
2025-01-31,DS-Utrecht-01,Snacks,SNA-03,36,42,49,0
2025-01-31,DS-Utrecht-01,Snacks,SNA-04,47,37,68,0
2025-01-31,DS-Utrecht-01,Snacks,SNA-05,35,40,61,0
2025-01-31,DS-Utrecht-01,Snacks,SNA-06,48,45,66,0
2025-01-31,DS-Utrecht-01,Household,HOU-01,25,23,83,0
2025-01-31,DS-Utrecht-01,Household,HOU-02,18,25,51,0
2025-01-31,DS-Utrecht-01,Household,HOU-03,12,19,44,0
2025-01-31,DS-Utrecht-01,Household,HOU-04,18,20,51,0
2025-01-31,DS-Utrecht-01,Household,HOU-05,22,17,88,0
2025-01-31,DS-Utrecht-01,Household,HOU-06,21,17,74,0
2025-01-31,DS-TheHague-01,Fresh Produce,FRE-01,48,58,273,0
2025-01-31,DS-TheHague-01,Fresh Produce,FRE-02,64,54,449,0
2025-01-31,DS-TheHague-01,Fresh Produce,FRE-03,49,50,329,0
2025-01-31,DS-TheHague-01,Fresh Produce,FRE-04,61,50,408,0
2025-01-31,DS-TheHague-01,Fresh Produce,FRE-05,52,60,326,0
2025-01-31,DS-TheHague-01,Fresh Produce,FRE-06,89,101,530,1
2025-01-31,DS-TheHague-01,Dairy,DAI-01,77,76,308,1
2025-01-31,DS-TheHague-01,Dairy,DAI-02,37,32,110,0
2025-01-31,DS-TheHague-01,Dairy,DAI-03,70,63,286,1
2025-01-31,DS-TheHague-01,Dairy,DAI-04,41,45,147,0
2025-01-31,DS-TheHague-01,Dairy,DAI-05,30,42,99,0
2025-01-31,DS-TheHague-01,Dairy,DAI-06,30,35,124,0
2025-01-31,DS-TheHague-01,Beverages,BEV-01,94,124,362,1
2025-01-31,DS-TheHague-01,Beverages,BEV-02,55,80,181,0
2025-01-31,DS-TheHague-01,Beverages,BEV-03,67,68,237,0
2025-01-31,DS-TheHague-01,Beverages,BEV-04,75,58,294,0
2025-01-31,DS-TheHague-01,Beverages,BEV-05,69,74,213,0
2025-01-31,DS-TheHague-01,Beverages,BEV-06,62,66,174,0
2025-01-31,DS-TheHague-01,Snacks,SNA-01,70,42,105,0
2025-01-31,DS-TheHague-01,Snacks,SNA-02,74,47,101,0
2025-01-31,DS-TheHague-01,Snacks,SNA-03,62,47,110,0
2025-01-31,DS-TheHague-01,Snacks,SNA-04,69,48,100,0
2025-01-31,DS-TheHague-01,Snacks,SNA-05,58,52,83,0
2025-01-31,DS-TheHague-01,Snacks,SNA-06,52,53,89,0
2025-01-31,DS-TheHague-01,Household,HOU-01,32,26,101,0
2025-01-31,DS-TheHague-01,Household,HOU-02,26,25,78,0
2025-01-31,DS-TheHague-01,Household,HOU-03,26,24,100,0
2025-01-31,DS-TheHague-01,Household,HOU-04,39,49,139,1
2025-01-31,DS-TheHague-01,Household,HOU-05,24,25,73,0
2025-01-31,DS-TheHague-01,Household,HOU-06,19,24,76,0
2025-02-01,DS-Amsterdam-01,Fresh Produce,FRE-01,76,80,537,0
2025-02-01,DS-Amsterdam-01,Fresh Produce,FRE-02,62,69,313,0
2025-02-01,DS-Amsterdam-01,Fresh Produce,FRE-03,60,75,358,0
2025-02-01,DS-Amsterdam-01,Fresh Produce,FRE-04,73,72,489,0
2025-02-01,DS-Amsterdam-01,Fresh Produce,FRE-05,64,76,331,0
2025-02-01,DS-Amsterdam-01,Fresh Produce,FRE-06,63,79,395,0
2025-02-01,DS-Amsterdam-01,Dairy,DAI-01,56,45,224,0
2025-02-01,DS-Amsterdam-01,Dairy,DAI-02,51,49,181,0
2025-02-01,DS-Amsterdam-01,Dairy,DAI-03,60,50,208,0
2025-02-01,DS-Amsterdam-01,Dairy,DAI-04,55,61,163,0
2025-02-01,DS-Amsterdam-01,Dairy,DAI-05,57,56,230,0
2025-02-01,DS-Amsterdam-01,Dairy,DAI-06,44,43,146,0
2025-02-01,DS-Amsterdam-01,Beverages,BEV-01,76,81,248,0
2025-02-01,DS-Amsterdam-01,Beverages,BEV-02,101,69,417,0
2025-02-01,DS-Amsterdam-01,Beverages,BEV-03,82,92,336,0
2025-02-01,DS-Amsterdam-01,Beverages,BEV-04,80,70,316,0
2025-02-01,DS-Amsterdam-01,Beverages,BEV-05,90,85,360,0
2025-02-01,DS-Amsterdam-01,Beverages,BEV-06,155,124,555,1
2025-02-01,DS-Amsterdam-01,Snacks,SNA-01,69,54,123,0
2025-02-01,DS-Amsterdam-01,Snacks,SNA-02,70,62,92,0
2025-02-01,DS-Amsterdam-01,Snacks,SNA-03,74,74,112,0
2025-02-01,DS-Amsterdam-01,Snacks,SNA-04,84,67,117,0
2025-02-01,DS-Amsterdam-01,Snacks,SNA-05,68,61,110,0
2025-02-01,DS-Amsterdam-01,Snacks,SNA-06,93,73,131,0
2025-02-01,DS-Amsterdam-01,Household,HOU-01,69,49,249,1
2025-02-01,DS-Amsterdam-01,Household,HOU-02,28,36,87,0
2025-02-01,DS-Amsterdam-01,Household,HOU-03,42,38,160,0
2025-02-01,DS-Amsterdam-01,Household,HOU-04,46,35,189,0
2025-02-01,DS-Amsterdam-01,Household,HOU-05,28,31,84,0
2025-02-01,DS-Amsterdam-01,Household,HOU-06,34,36,136,0
2025-02-01,DS-Amsterdam-02,Fresh Produce,FRE-01,72,95,374,0
2025-02-01,DS-Amsterdam-02,Fresh Produce,FRE-02,62,79,320,0
2025-02-01,DS-Amsterdam-02,Fresh Produce,FRE-03,70,82,404,0
2025-02-01,DS-Amsterdam-02,Fresh Produce,FRE-04,65,85,421,0
2025-02-01,DS-Amsterdam-02,Fresh Produce,FRE-05,64,78,386,0
2025-02-01,DS-Amsterdam-02,Fresh Produce,FRE-06,75,80,394,0
2025-02-01,DS-Amsterdam-02,Dairy,DAI-01,69,53,279,0
2025-02-01,DS-Amsterdam-02,Dairy,DAI-02,54,60,208,0
2025-02-01,DS-Amsterdam-02,Dairy,DAI-03,65,53,262,0
2025-02-01,DS-Amsterdam-02,Dairy,DAI-04,61,53,248,0
2025-02-01,DS-Amsterdam-02,Dairy,DAI-05,60,74,173,0
2025-02-01,DS-Amsterdam-02,Dairy,DAI-06,54,54,170,0
2025-02-01,DS-Amsterdam-02,Beverages,BEV-01,98,114,396,0
2025-02-01,DS-Amsterdam-02,Beverages,BEV-02,92,106,343,0
2025-02-01,DS-Amsterdam-02,Beverages,BEV-03,91,92,281,0
2025-02-01,DS-Amsterdam-02,Beverages,BEV-04,105,100,376,0
2025-02-01,DS-Amsterdam-02,Beverages,BEV-05,109,111,419,0
2025-02-01,DS-Amsterdam-02,Beverages,BEV-06,83,91,346,0
2025-02-01,DS-Amsterdam-02,Snacks,SNA-01,75,61,115,0
2025-02-01,DS-Amsterdam-02,Snacks,SNA-02,71,65,116,0
2025-02-01,DS-Amsterdam-02,Snacks,SNA-03,74,65,114,0
2025-02-01,DS-Amsterdam-02,Snacks,SNA-04,90,64,158,0
2025-02-01,DS-Amsterdam-02,Snacks,SNA-05,94,65,162,0
2025-02-01,DS-Amsterdam-02,Snacks,SNA-06,78,74,95,0
2025-02-01,DS-Amsterdam-02,Household,HOU-01,42,47,129,0
2025-02-01,DS-Amsterdam-02,Household,HOU-02,51,36,151,0
2025-02-01,DS-Amsterdam-02,Household,HOU-03,35,34,116,0
2025-02-01,DS-Amsterdam-02,Household,HOU-04,33,46,132,0
2025-02-01,DS-Amsterdam-02,Household,HOU-05,32,35,113,0
2025-02-01,DS-Amsterdam-02,Household,HOU-06,35,36,124,0
2025-02-01,DS-Rotterdam-01,Fresh Produce,FRE-01,61,67,367,0
2025-02-01,DS-Rotterdam-01,Fresh Produce,FRE-02,65,83,312,0
2025-02-01,DS-Rotterdam-01,Fresh Produce,FRE-03,69,71,395,0
2025-02-01,DS-Rotterdam-01,Fresh Produce,FRE-04,85,88,566,0
2025-02-01,DS-Rotterdam-01,Fresh Produce,FRE-05,80,95,519,0
2025-02-01,DS-Rotterdam-01,Fresh Produce,FRE-06,53,73,276,0
2025-02-01,DS-Rotterdam-01,Dairy,DAI-01,53,55,156,0
2025-02-01,DS-Rotterdam-01,Dairy,DAI-02,61,61,186,0
2025-02-01,DS-Rotterdam-01,Dairy,DAI-03,55,63,183,0
2025-02-01,DS-Rotterdam-01,Dairy,DAI-04,52,46,183,0
2025-02-01,DS-Rotterdam-01,Dairy,DAI-05,61,55,250,0
2025-02-01,DS-Rotterdam-01,Dairy,DAI-06,46,50,142,0
2025-02-01,DS-Rotterdam-01,Beverages,BEV-01,105,113,387,0
2025-02-01,DS-Rotterdam-01,Beverages,BEV-02,100,119,352,0
2025-02-01,DS-Rotterdam-01,Beverages,BEV-03,89,80,330,0
2025-02-01,DS-Rotterdam-01,Beverages,BEV-04,89,91,271,0
2025-02-01,DS-Rotterdam-01,Beverages,BEV-05,92,99,345,0
2025-02-01,DS-Rotterdam-01,Beverages,BEV-06,100,119,309,0
2025-02-01,DS-Rotterdam-01,Snacks,SNA-01,73,76,92,0
2025-02-01,DS-Rotterdam-01,Snacks,SNA-02,88,68,136,0
2025-02-01,DS-Rotterdam-01,Snacks,SNA-03,82,79,136,0
2025-02-01,DS-Rotterdam-01,Snacks,SNA-04,76,60,130,0
2025-02-01,DS-Rotterdam-01,Snacks,SNA-05,89,62,115,0
2025-02-01,DS-Rotterdam-01,Snacks,SNA-06,90,62,147,0
2025-02-01,DS-Rotterdam-01,Household,HOU-01,36,29,133,0
2025-02-01,DS-Rotterdam-01,Household,HOU-02,26,34,87,0
2025-02-01,DS-Rotterdam-01,Household,HOU-03,29,47,110,0
2025-02-01,DS-Rotterdam-01,Household,HOU-04,32,39,131,0
2025-02-01,DS-Rotterdam-01,Household,HOU-05,39,37,150,0
2025-02-01,DS-Rotterdam-01,Household,HOU-06,40,34,133,0
2025-02-01,DS-Utrecht-01,Fresh Produce,FRE-01,54,68,330,0
2025-02-01,DS-Utrecht-01,Fresh Produce,FRE-02,51,65,263,0
2025-02-01,DS-Utrecht-01,Fresh Produce,FRE-03,55,62,377,0
2025-02-01,DS-Utrecht-01,Fresh Produce,FRE-04,68,52,471,0
2025-02-01,DS-Utrecht-01,Fresh Produce,FRE-05,41,74,229,0
2025-02-01,DS-Utrecht-01,Fresh Produce,FRE-06,48,60,288,0
2025-02-01,DS-Utrecht-01,Dairy,DAI-01,41,46,125,0
2025-02-01,DS-Utrecht-01,Dairy,DAI-02,48,39,193,0
2025-02-01,DS-Utrecht-01,Dairy,DAI-03,41,36,136,0
2025-02-01,DS-Utrecht-01,Dairy,DAI-04,37,36,145,0
2025-02-01,DS-Utrecht-01,Dairy,DAI-05,35,40,127,0
2025-02-01,DS-Utrecht-01,Dairy,DAI-06,82,98,269,1
2025-02-01,DS-Utrecht-01,Beverages,BEV-01,73,72,300,0
2025-02-01,DS-Utrecht-01,Beverages,BEV-02,70,75,234,0
2025-02-01,DS-Utrecht-01,Beverages,BEV-03,61,77,227,0
2025-02-01,DS-Utrecht-01,Beverages,BEV-04,70,78,271,0
2025-02-01,DS-Utrecht-01,Beverages,BEV-05,70,76,269,0
2025-02-01,DS-Utrecht-01,Beverages,BEV-06,68,71,239,0
2025-02-01,DS-Utrecht-01,Snacks,SNA-01,105,82,137,1
2025-02-01,DS-Utrecht-01,Snacks,SNA-02,70,50,111,0
2025-02-01,DS-Utrecht-01,Snacks,SNA-03,65,57,100,0
2025-02-01,DS-Utrecht-01,Snacks,SNA-04,54,60,67,0
2025-02-01,DS-Utrecht-01,Snacks,SNA-05,57,53,79,0
2025-02-01,DS-Utrecht-01,Snacks,SNA-06,56,51,80,0
2025-02-01,DS-Utrecht-01,Household,HOU-01,27,37,104,0
2025-02-01,DS-Utrecht-01,Household,HOU-02,26,27,80,0
2025-02-01,DS-Utrecht-01,Household,HOU-03,25,23,100,0
2025-02-01,DS-Utrecht-01,Household,HOU-04,36,26,118,0
2025-02-01,DS-Utrecht-01,Household,HOU-05,57,47,201,1
2025-02-01,DS-Utrecht-01,Household,HOU-06,25,23,100,0
2025-02-01,DS-TheHague-01,Fresh Produce,FRE-01,65,75,440,0
2025-02-01,DS-TheHague-01,Fresh Produce,FRE-02,63,81,416,0
2025-02-01,DS-TheHague-01,Fresh Produce,FRE-03,82,77,578,0
2025-02-01,DS-TheHague-01,Fresh Produce,FRE-04,68,88,429,0
2025-02-01,DS-TheHague-01,Fresh Produce,FRE-05,70,92,417,0
2025-02-01,DS-TheHague-01,Fresh Produce,FRE-06,72,78,364,0
2025-02-01,DS-TheHague-01,Dairy,DAI-01,92,87,330,1
2025-02-01,DS-TheHague-01,Dairy,DAI-02,50,50,208,0
2025-02-01,DS-TheHague-01,Dairy,DAI-03,58,52,178,0
2025-02-01,DS-TheHague-01,Dairy,DAI-04,71,58,285,0
2025-02-01,DS-TheHague-01,Dairy,DAI-05,59,36,176,0
2025-02-01,DS-TheHague-01,Dairy,DAI-06,58,64,189,0
2025-02-01,DS-TheHague-01,Beverages,BEV-01,88,97,346,0
2025-02-01,DS-TheHague-01,Beverages,BEV-02,88,112,286,0
2025-02-01,DS-TheHague-01,Beverages,BEV-03,104,98,361,0
2025-02-01,DS-TheHague-01,Beverages,BEV-04,107,100,388,0
2025-02-01,DS-TheHague-01,Beverages,BEV-05,97,95,401,0
2025-02-01,DS-TheHague-01,Beverages,BEV-06,94,95,296,0
2025-02-01,DS-TheHague-01,Snacks,SNA-01,77,34,93,0
2025-02-01,DS-TheHague-01,Snacks,SNA-02,82,71,128,0
2025-02-01,DS-TheHague-01,Snacks,SNA-03,70,68,101,0
2025-02-01,DS-TheHague-01,Snacks,SNA-04,101,67,154,0
2025-02-01,DS-TheHague-01,Snacks,SNA-05,86,85,142,0
2025-02-01,DS-TheHague-01,Snacks,SNA-06,89,64,118,0
2025-02-01,DS-TheHague-01,Household,HOU-01,46,37,187,0
2025-02-01,DS-TheHague-01,Household,HOU-02,30,45,116,0
2025-02-01,DS-TheHague-01,Household,HOU-03,54,66,202,1
2025-02-01,DS-TheHague-01,Household,HOU-04,48,36,178,0
2025-02-01,DS-TheHague-01,Household,HOU-05,81,71,297,1
2025-02-01,DS-TheHague-01,Household,HOU-06,38,40,117,0
2025-02-02,DS-Amsterdam-01,Fresh Produce,FRE-01,74,86,483,0
2025-02-02,DS-Amsterdam-01,Fresh Produce,FRE-02,73,92,495,0
2025-02-02,DS-Amsterdam-01,Fresh Produce,FRE-03,87,75,535,0
2025-02-02,DS-Amsterdam-01,Fresh Produce,FRE-04,76,69,385,0
2025-02-02,DS-Amsterdam-01,Fresh Produce,FRE-05,75,78,421,0
2025-02-02,DS-Amsterdam-01,Fresh Produce,FRE-06,63,61,413,0
2025-02-02,DS-Amsterdam-01,Dairy,DAI-01,54,56,223,0
2025-02-02,DS-Amsterdam-01,Dairy,DAI-02,59,60,210,0
2025-02-02,DS-Amsterdam-01,Dairy,DAI-03,64,55,226,0
2025-02-02,DS-Amsterdam-01,Dairy,DAI-04,57,55,225,0
2025-02-02,DS-Amsterdam-01,Dairy,DAI-05,44,63,177,0
2025-02-02,DS-Amsterdam-01,Dairy,DAI-06,57,55,183,0
2025-02-02,DS-Amsterdam-01,Beverages,BEV-01,95,89,386,0
2025-02-02,DS-Amsterdam-01,Beverages,BEV-02,105,75,352,0
2025-02-02,DS-Amsterdam-01,Beverages,BEV-03,78,97,296,0
2025-02-02,DS-Amsterdam-01,Beverages,BEV-04,163,162,612,1
2025-02-02,DS-Amsterdam-01,Beverages,BEV-05,102,88,389,0
2025-02-02,DS-Amsterdam-01,Beverages,BEV-06,99,89,347,0
2025-02-02,DS-Amsterdam-01,Snacks,SNA-01,94,66,129,0
2025-02-02,DS-Amsterdam-01,Snacks,SNA-02,94,67,135,0
2025-02-02,DS-Amsterdam-01,Snacks,SNA-03,91,62,146,0
2025-02-02,DS-Amsterdam-01,Snacks,SNA-04,67,69,114,0
2025-02-02,DS-Amsterdam-01,Snacks,SNA-05,92,64,111,0
2025-02-02,DS-Amsterdam-01,Snacks,SNA-06,85,75,113,0
2025-02-02,DS-Amsterdam-01,Household,HOU-01,37,32,137,0
2025-02-02,DS-Amsterdam-01,Household,HOU-02,27,34,109,0
2025-02-02,DS-Amsterdam-01,Household,HOU-03,43,31,133,0
2025-02-02,DS-Amsterdam-01,Household,HOU-04,29,37,109,0
2025-02-02,DS-Amsterdam-01,Household,HOU-05,31,40,125,0
2025-02-02,DS-Amsterdam-01,Household,HOU-06,40,37,156,0
2025-02-02,DS-Amsterdam-02,Fresh Produce,FRE-01,75,88,452,0
2025-02-02,DS-Amsterdam-02,Fresh Produce,FRE-02,64,94,430,0
2025-02-02,DS-Amsterdam-02,Fresh Produce,FRE-03,55,77,264,0
2025-02-02,DS-Amsterdam-02,Fresh Produce,FRE-04,68,56,423,0
2025-02-02,DS-Amsterdam-02,Fresh Produce,FRE-05,64,79,343,0
2025-02-02,DS-Amsterdam-02,Fresh Produce,FRE-06,70,91,502,0
2025-02-02,DS-Amsterdam-02,Dairy,DAI-01,46,55,133,0
2025-02-02,DS-Amsterdam-02,Dairy,DAI-02,66,47,238,0
2025-02-02,DS-Amsterdam-02,Dairy,DAI-03,46,53,186,0
2025-02-02,DS-Amsterdam-02,Dairy,DAI-04,44,53,131,0
2025-02-02,DS-Amsterdam-02,Dairy,DAI-05,43,45,126,0
2025-02-02,DS-Amsterdam-02,Dairy,DAI-06,48,54,199,0
2025-02-02,DS-Amsterdam-02,Beverages,BEV-01,96,95,274,0
2025-02-02,DS-Amsterdam-02,Beverages,BEV-02,72,87,217,0
2025-02-02,DS-Amsterdam-02,Beverages,BEV-03,76,85,257,0
2025-02-02,DS-Amsterdam-02,Beverages,BEV-04,89,98,356,0
2025-02-02,DS-Amsterdam-02,Beverages,BEV-05,77,107,302,0
2025-02-02,DS-Amsterdam-02,Beverages,BEV-06,100,72,357,0
2025-02-02,DS-Amsterdam-02,Snacks,SNA-01,86,55,110,0
2025-02-02,DS-Amsterdam-02,Snacks,SNA-02,77,70,130,0
2025-02-02,DS-Amsterdam-02,Snacks,SNA-03,82,66,141,0
2025-02-02,DS-Amsterdam-02,Snacks,SNA-04,77,68,110,0
2025-02-02,DS-Amsterdam-02,Snacks,SNA-05,94,69,154,0
2025-02-02,DS-Amsterdam-02,Snacks,SNA-06,80,61,130,0
2025-02-02,DS-Amsterdam-02,Household,HOU-01,58,70,216,1
2025-02-02,DS-Amsterdam-02,Household,HOU-02,32,33,131,0
2025-02-02,DS-Amsterdam-02,Household,HOU-03,54,60,201,1
2025-02-02,DS-Amsterdam-02,Household,HOU-04,43,37,138,0
2025-02-02,DS-Amsterdam-02,Household,HOU-05,39,28,145,0
2025-02-02,DS-Amsterdam-02,Household,HOU-06,33,28,130,0
2025-02-02,DS-Rotterdam-01,Fresh Produce,FRE-01,58,75,416,0
2025-02-02,DS-Rotterdam-01,Fresh Produce,FRE-02,55,63,301,0
2025-02-02,DS-Rotterdam-01,Fresh Produce,FRE-03,63,77,302,0
2025-02-02,DS-Rotterdam-01,Fresh Produce,FRE-04,63,78,335,0
2025-02-02,DS-Rotterdam-01,Fresh Produce,FRE-05,67,71,324,0
2025-02-02,DS-Rotterdam-01,Fresh Produce,FRE-06,60,74,409,0
2025-02-02,DS-Rotterdam-01,Dairy,DAI-01,49,39,167,0
2025-02-02,DS-Rotterdam-01,Dairy,DAI-02,59,59,167,0
2025-02-02,DS-Rotterdam-01,Dairy,DAI-03,41,36,164,0
2025-02-02,DS-Rotterdam-01,Dairy,DAI-04,53,55,219,0
2025-02-02,DS-Rotterdam-01,Dairy,DAI-05,53,42,164,0
2025-02-02,DS-Rotterdam-01,Dairy,DAI-06,53,42,173,0
2025-02-02,DS-Rotterdam-01,Beverages,BEV-01,89,83,357,0
2025-02-02,DS-Rotterdam-01,Beverages,BEV-02,103,92,296,0
2025-02-02,DS-Rotterdam-01,Beverages,BEV-03,93,86,372,0
2025-02-02,DS-Rotterdam-01,Beverages,BEV-04,75,91,282,0
2025-02-02,DS-Rotterdam-01,Beverages,BEV-05,87,87,324,0
2025-02-02,DS-Rotterdam-01,Beverages,BEV-06,92,78,338,0
2025-02-02,DS-Rotterdam-01,Snacks,SNA-01,60,56,77,0
2025-02-02,DS-Rotterdam-01,Snacks,SNA-02,79,66,114,0
2025-02-02,DS-Rotterdam-01,Snacks,SNA-03,77,62,127,0
2025-02-02,DS-Rotterdam-01,Snacks,SNA-04,79,56,100,0
2025-02-02,DS-Rotterdam-01,Snacks,SNA-05,78,76,124,0
2025-02-02,DS-Rotterdam-01,Snacks,SNA-06,86,64,103,0
2025-02-02,DS-Rotterdam-01,Household,HOU-01,28,30,108,0
2025-02-02,DS-Rotterdam-01,Household,HOU-02,26,28,99,0
2025-02-02,DS-Rotterdam-01,Household,HOU-03,44,33,181,0
2025-02-02,DS-Rotterdam-01,Household,HOU-04,25,37,78,0
2025-02-02,DS-Rotterdam-01,Household,HOU-05,30,34,93,0
2025-02-02,DS-Rotterdam-01,Household,HOU-06,38,33,125,0
2025-02-02,DS-Utrecht-01,Fresh Produce,FRE-01,141,167,803,1
2025-02-02,DS-Utrecht-01,Fresh Produce,FRE-02,69,99,476,0
2025-02-02,DS-Utrecht-01,Fresh Produce,FRE-03,74,97,377,0
2025-02-02,DS-Utrecht-01,Fresh Produce,FRE-04,136,145,829,1
2025-02-02,DS-Utrecht-01,Fresh Produce,FRE-05,69,77,427,0
2025-02-02,DS-Utrecht-01,Fresh Produce,FRE-06,87,90,555,0
2025-02-02,DS-Utrecht-01,Dairy,DAI-01,54,56,220,0
2025-02-02,DS-Utrecht-01,Dairy,DAI-02,50,56,205,0
2025-02-02,DS-Utrecht-01,Dairy,DAI-03,57,59,207,0
2025-02-02,DS-Utrecht-01,Dairy,DAI-04,70,66,216,0
2025-02-02,DS-Utrecht-01,Dairy,DAI-05,60,72,241,0
2025-02-02,DS-Utrecht-01,Dairy,DAI-06,56,66,190,0
2025-02-02,DS-Utrecht-01,Beverages,BEV-01,95,134,295,0
2025-02-02,DS-Utrecht-01,Beverages,BEV-02,101,103,287,0
2025-02-02,DS-Utrecht-01,Beverages,BEV-03,122,96,428,0
2025-02-02,DS-Utrecht-01,Beverages,BEV-04,101,100,292,0
2025-02-02,DS-Utrecht-01,Beverages,BEV-05,105,95,339,0
2025-02-02,DS-Utrecht-01,Beverages,BEV-06,102,105,383,0
2025-02-02,DS-Utrecht-01,Snacks,SNA-01,174,154,269,1
2025-02-02,DS-Utrecht-01,Snacks,SNA-02,80,65,101,0
2025-02-02,DS-Utrecht-01,Snacks,SNA-03,96,81,150,0
2025-02-02,DS-Utrecht-01,Snacks,SNA-04,107,57,137,0
2025-02-02,DS-Utrecht-01,Snacks,SNA-05,89,65,109,0
2025-02-02,DS-Utrecht-01,Snacks,SNA-06,86,77,121,0
2025-02-02,DS-Utrecht-01,Household,HOU-01,39,55,121,0
2025-02-02,DS-Utrecht-01,Household,HOU-02,56,48,202,0
2025-02-02,DS-Utrecht-01,Household,HOU-03,38,46,115,0
2025-02-02,DS-Utrecht-01,Household,HOU-04,46,43,142,0
2025-02-02,DS-Utrecht-01,Household,HOU-05,40,42,149,0
2025-02-02,DS-Utrecht-01,Household,HOU-06,43,38,171,0
2025-02-02,DS-TheHague-01,Fresh Produce,FRE-01,79,70,501,0
2025-02-02,DS-TheHague-01,Fresh Produce,FRE-02,59,76,404,0
2025-02-02,DS-TheHague-01,Fresh Produce,FRE-03,124,159,603,1
2025-02-02,DS-TheHague-01,Fresh Produce,FRE-04,60,78,430,0
2025-02-02,DS-TheHague-01,Fresh Produce,FRE-05,62,82,408,0
2025-02-02,DS-TheHague-01,Fresh Produce,FRE-06,53,79,365,0
2025-02-02,DS-TheHague-01,Dairy,DAI-01,55,39,161,0
2025-02-02,DS-TheHague-01,Dairy,DAI-02,100,88,410,1
2025-02-02,DS-TheHague-01,Dairy,DAI-03,65,47,267,0
2025-02-02,DS-TheHague-01,Dairy,DAI-04,77,82,322,1
2025-02-02,DS-TheHague-01,Dairy,DAI-05,61,41,179,0
2025-02-02,DS-TheHague-01,Dairy,DAI-06,62,47,208,0
2025-02-02,DS-TheHague-01,Beverages,BEV-01,94,86,302,0
2025-02-02,DS-TheHague-01,Beverages,BEV-02,84,89,286,0
2025-02-02,DS-TheHague-01,Beverages,BEV-03,86,73,260,0
2025-02-02,DS-TheHague-01,Beverages,BEV-04,72,107,243,0
2025-02-02,DS-TheHague-01,Beverages,BEV-05,83,84,260,0
2025-02-02,DS-TheHague-01,Beverages,BEV-06,89,74,259,0
2025-02-02,DS-TheHague-01,Snacks,SNA-01,84,61,139,0
2025-02-02,DS-TheHague-01,Snacks,SNA-02,73,50,107,0
2025-02-02,DS-TheHague-01,Snacks,SNA-03,97,61,119,0
2025-02-02,DS-TheHague-01,Snacks,SNA-04,69,68,107,0
2025-02-02,DS-TheHague-01,Snacks,SNA-05,140,130,245,1
2025-02-02,DS-TheHague-01,Snacks,SNA-06,80,57,117,0
2025-02-02,DS-TheHague-01,Household,HOU-01,74,70,222,1
2025-02-02,DS-TheHague-01,Household,HOU-02,37,31,152,0
2025-02-02,DS-TheHague-01,Household,HOU-03,62,64,181,1
2025-02-02,DS-TheHague-01,Household,HOU-04,31,33,99,0
2025-02-02,DS-TheHague-01,Household,HOU-05,32,28,131,0
2025-02-02,DS-TheHague-01,Household,HOU-06,40,37,123,0
2025-02-03,DS-Amsterdam-01,Fresh Produce,FRE-01,94,111,534,1
2025-02-03,DS-Amsterdam-01,Fresh Produce,FRE-02,59,56,378,0
2025-02-03,DS-Amsterdam-01,Fresh Produce,FRE-03,53,59,263,0
2025-02-03,DS-Amsterdam-01,Fresh Produce,FRE-04,55,64,366,0
2025-02-03,DS-Amsterdam-01,Fresh Produce,FRE-05,65,60,360,0
2025-02-03,DS-Amsterdam-01,Fresh Produce,FRE-06,46,57,287,0
2025-02-03,DS-Amsterdam-01,Dairy,DAI-01,44,41,127,0
2025-02-03,DS-Amsterdam-01,Dairy,DAI-02,35,37,111,0
2025-02-03,DS-Amsterdam-01,Dairy,DAI-03,41,43,156,0
2025-02-03,DS-Amsterdam-01,Dairy,DAI-04,38,38,122,0
2025-02-03,DS-Amsterdam-01,Dairy,DAI-05,45,37,132,0
2025-02-03,DS-Amsterdam-01,Dairy,DAI-06,30,43,87,0
2025-02-03,DS-Amsterdam-01,Beverages,BEV-01,71,81,218,0
2025-02-03,DS-Amsterdam-01,Beverages,BEV-02,89,66,286,0
2025-02-03,DS-Amsterdam-01,Beverages,BEV-03,66,70,235,0
2025-02-03,DS-Amsterdam-01,Beverages,BEV-04,59,64,196,0
2025-02-03,DS-Amsterdam-01,Beverages,BEV-05,64,87,233,0
2025-02-03,DS-Amsterdam-01,Beverages,BEV-06,72,65,260,0
2025-02-03,DS-Amsterdam-01,Snacks,SNA-01,49,43,88,0
2025-02-03,DS-Amsterdam-01,Snacks,SNA-02,59,53,98,0
2025-02-03,DS-Amsterdam-01,Snacks,SNA-03,66,57,100,0
2025-02-03,DS-Amsterdam-01,Snacks,SNA-04,60,57,92,0
2025-02-03,DS-Amsterdam-01,Snacks,SNA-05,83,59,135,0
2025-02-03,DS-Amsterdam-01,Snacks,SNA-06,125,104,170,1
2025-02-03,DS-Amsterdam-01,Household,HOU-01,27,26,113,0
2025-02-03,DS-Amsterdam-01,Household,HOU-02,30,28,114,0
2025-02-03,DS-Amsterdam-01,Household,HOU-03,53,41,170,1
2025-02-03,DS-Amsterdam-01,Household,HOU-04,22,32,65,0
2025-02-03,DS-Amsterdam-01,Household,HOU-05,27,22,85,0
2025-02-03,DS-Amsterdam-01,Household,HOU-06,21,26,72,0
2025-02-03,DS-Amsterdam-02,Fresh Produce,FRE-01,46,65,329,0
2025-02-03,DS-Amsterdam-02,Fresh Produce,FRE-02,55,66,364,0
2025-02-03,DS-Amsterdam-02,Fresh Produce,FRE-03,63,62,316,0
2025-02-03,DS-Amsterdam-02,Fresh Produce,FRE-04,47,59,231,0
2025-02-03,DS-Amsterdam-02,Fresh Produce,FRE-05,105,95,721,1
2025-02-03,DS-Amsterdam-02,Fresh Produce,FRE-06,61,68,304,0
2025-02-03,DS-Amsterdam-02,Dairy,DAI-01,59,45,229,0
2025-02-03,DS-Amsterdam-02,Dairy,DAI-02,36,39,138,0
2025-02-03,DS-Amsterdam-02,Dairy,DAI-03,44,37,169,0
2025-02-03,DS-Amsterdam-02,Dairy,DAI-04,37,41,106,0
2025-02-03,DS-Amsterdam-02,Dairy,DAI-05,45,49,168,0
2025-02-03,DS-Amsterdam-02,Dairy,DAI-06,56,47,193,0
2025-02-03,DS-Amsterdam-02,Beverages,BEV-01,82,72,320,0
2025-02-03,DS-Amsterdam-02,Beverages,BEV-02,69,77,258,0
2025-02-03,DS-Amsterdam-02,Beverages,BEV-03,72,79,224,0
2025-02-03,DS-Amsterdam-02,Beverages,BEV-04,74,52,276,0
2025-02-03,DS-Amsterdam-02,Beverages,BEV-05,67,81,241,0
2025-02-03,DS-Amsterdam-02,Beverages,BEV-06,67,82,246,0
2025-02-03,DS-Amsterdam-02,Snacks,SNA-01,58,51,86,0
2025-02-03,DS-Amsterdam-02,Snacks,SNA-02,69,51,119,0
2025-02-03,DS-Amsterdam-02,Snacks,SNA-03,63,63,88,0
2025-02-03,DS-Amsterdam-02,Snacks,SNA-04,76,59,91,0
2025-02-03,DS-Amsterdam-02,Snacks,SNA-05,75,65,128,0
2025-02-03,DS-Amsterdam-02,Snacks,SNA-06,67,56,113,0
2025-02-03,DS-Amsterdam-02,Household,HOU-01,32,34,129,0
2025-02-03,DS-Amsterdam-02,Household,HOU-02,33,27,118,0
2025-02-03,DS-Amsterdam-02,Household,HOU-03,29,39,84,0
2025-02-03,DS-Amsterdam-02,Household,HOU-04,28,34,83,0
2025-02-03,DS-Amsterdam-02,Household,HOU-05,34,33,128,0
2025-02-03,DS-Amsterdam-02,Household,HOU-06,47,43,148,1
2025-02-03,DS-Rotterdam-01,Fresh Produce,FRE-01,40,45,197,0
2025-02-03,DS-Rotterdam-01,Fresh Produce,FRE-02,38,55,183,0
2025-02-03,DS-Rotterdam-01,Fresh Produce,FRE-03,80,91,422,1
2025-02-03,DS-Rotterdam-01,Fresh Produce,FRE-04,37,52,234,0
2025-02-03,DS-Rotterdam-01,Fresh Produce,FRE-05,41,57,214,0
2025-02-03,DS-Rotterdam-01,Fresh Produce,FRE-06,39,47,276,0
2025-02-03,DS-Rotterdam-01,Dairy,DAI-01,34,36,127,0
2025-02-03,DS-Rotterdam-01,Dairy,DAI-02,27,37,76,0
2025-02-03,DS-Rotterdam-01,Dairy,DAI-03,38,39,150,0
2025-02-03,DS-Rotterdam-01,Dairy,DAI-04,36,33,129,0
2025-02-03,DS-Rotterdam-01,Dairy,DAI-05,34,34,127,0
2025-02-03,DS-Rotterdam-01,Dairy,DAI-06,34,31,129,0
2025-02-03,DS-Rotterdam-01,Beverages,BEV-01,67,66,202,0
2025-02-03,DS-Rotterdam-01,Beverages,BEV-02,55,55,196,0
2025-02-03,DS-Rotterdam-01,Beverages,BEV-03,57,59,196,0
2025-02-03,DS-Rotterdam-01,Beverages,BEV-04,49,58,176,0
2025-02-03,DS-Rotterdam-01,Beverages,BEV-05,69,56,270,0
2025-02-03,DS-Rotterdam-01,Beverages,BEV-06,44,48,175,0
2025-02-03,DS-Rotterdam-01,Snacks,SNA-01,52,55,79,0
2025-02-03,DS-Rotterdam-01,Snacks,SNA-02,52,43,76,0
2025-02-03,DS-Rotterdam-01,Snacks,SNA-03,86,83,151,1
2025-02-03,DS-Rotterdam-01,Snacks,SNA-04,52,55,62,0
2025-02-03,DS-Rotterdam-01,Snacks,SNA-05,52,46,68,0
2025-02-03,DS-Rotterdam-01,Snacks,SNA-06,67,43,93,0
2025-02-03,DS-Rotterdam-01,Household,HOU-01,31,20,103,0
2025-02-03,DS-Rotterdam-01,Household,HOU-02,18,25,58,0
2025-02-03,DS-Rotterdam-01,Household,HOU-03,22,22,89,0
2025-02-03,DS-Rotterdam-01,Household,HOU-04,16,26,51,0
2025-02-03,DS-Rotterdam-01,Household,HOU-05,25,23,88,0
2025-02-03,DS-Rotterdam-01,Household,HOU-06,24,26,99,0
2025-02-03,DS-Utrecht-01,Fresh Produce,FRE-01,56,63,301,0
2025-02-03,DS-Utrecht-01,Fresh Produce,FRE-02,68,65,487,0
2025-02-03,DS-Utrecht-01,Fresh Produce,FRE-03,55,56,310,0
2025-02-03,DS-Utrecht-01,Fresh Produce,FRE-04,60,66,299,0
2025-02-03,DS-Utrecht-01,Fresh Produce,FRE-05,54,42,308,0
2025-02-03,DS-Utrecht-01,Fresh Produce,FRE-06,55,57,342,0
2025-02-03,DS-Utrecht-01,Dairy,DAI-01,36,39,107,0
2025-02-03,DS-Utrecht-01,Dairy,DAI-02,44,41,182,0
2025-02-03,DS-Utrecht-01,Dairy,DAI-03,40,38,164,0
2025-02-03,DS-Utrecht-01,Dairy,DAI-04,38,43,110,0
2025-02-03,DS-Utrecht-01,Dairy,DAI-05,37,42,121,0
2025-02-03,DS-Utrecht-01,Dairy,DAI-06,39,49,160,0
2025-02-03,DS-Utrecht-01,Beverages,BEV-01,79,75,308,0
2025-02-03,DS-Utrecht-01,Beverages,BEV-02,82,72,315,0
2025-02-03,DS-Utrecht-01,Beverages,BEV-03,166,140,514,1
2025-02-03,DS-Utrecht-01,Beverages,BEV-04,79,82,279,0
2025-02-03,DS-Utrecht-01,Beverages,BEV-05,79,85,265,0
2025-02-03,DS-Utrecht-01,Beverages,BEV-06,75,71,259,0
2025-02-03,DS-Utrecht-01,Snacks,SNA-01,69,51,120,0
2025-02-03,DS-Utrecht-01,Snacks,SNA-02,132,124,178,1
2025-02-03,DS-Utrecht-01,Snacks,SNA-03,53,55,94,0
2025-02-03,DS-Utrecht-01,Snacks,SNA-04,61,59,99,0
2025-02-03,DS-Utrecht-01,Snacks,SNA-05,78,43,102,0
2025-02-03,DS-Utrecht-01,Snacks,SNA-06,80,54,139,0
2025-02-03,DS-Utrecht-01,Household,HOU-01,28,36,94,0
2025-02-03,DS-Utrecht-01,Household,HOU-02,30,29,123,0
2025-02-03,DS-Utrecht-01,Household,HOU-03,39,36,156,0
2025-02-03,DS-Utrecht-01,Household,HOU-04,20,28,63,0
2025-02-03,DS-Utrecht-01,Household,HOU-05,25,32,104,0
2025-02-03,DS-Utrecht-01,Household,HOU-06,24,33,73,0
2025-02-03,DS-TheHague-01,Fresh Produce,FRE-01,43,42,275,0
2025-02-03,DS-TheHague-01,Fresh Produce,FRE-02,36,55,250,0
2025-02-03,DS-TheHague-01,Fresh Produce,FRE-03,38,56,235,0
2025-02-03,DS-TheHague-01,Fresh Produce,FRE-04,54,48,324,0
2025-02-03,DS-TheHague-01,Fresh Produce,FRE-05,53,55,347,0
2025-02-03,DS-TheHague-01,Fresh Produce,FRE-06,40,41,207,0
2025-02-03,DS-TheHague-01,Dairy,DAI-01,26,32,91,0
2025-02-03,DS-TheHague-01,Dairy,DAI-02,29,38,112,0
2025-02-03,DS-TheHague-01,Dairy,DAI-03,49,36,200,0
2025-02-03,DS-TheHague-01,Dairy,DAI-04,26,24,106,0
2025-02-03,DS-TheHague-01,Dairy,DAI-05,30,30,117,0
2025-02-03,DS-TheHague-01,Dairy,DAI-06,36,33,134,0
2025-02-03,DS-TheHague-01,Beverages,BEV-01,51,55,187,0
2025-02-03,DS-TheHague-01,Beverages,BEV-02,55,55,184,0
2025-02-03,DS-TheHague-01,Beverages,BEV-03,98,108,290,1
2025-02-03,DS-TheHague-01,Beverages,BEV-04,57,57,236,0
2025-02-03,DS-TheHague-01,Beverages,BEV-05,49,63,155,0
2025-02-03,DS-TheHague-01,Beverages,BEV-06,63,54,183,0
2025-02-03,DS-TheHague-01,Snacks,SNA-01,53,41,79,0
2025-02-03,DS-TheHague-01,Snacks,SNA-02,63,42,109,0
2025-02-03,DS-TheHague-01,Snacks,SNA-03,51,39,79,0
2025-02-03,DS-TheHague-01,Snacks,SNA-04,64,48,109,0
2025-02-03,DS-TheHague-01,Snacks,SNA-05,105,79,133,1
2025-02-03,DS-TheHague-01,Snacks,SNA-06,55,49,90,0
2025-02-03,DS-TheHague-01,Household,HOU-01,24,23,70,0
2025-02-03,DS-TheHague-01,Household,HOU-02,16,26,50,0
2025-02-03,DS-TheHague-01,Household,HOU-03,44,45,140,1
2025-02-03,DS-TheHague-01,Household,HOU-04,31,26,92,0
2025-02-03,DS-TheHague-01,Household,HOU-05,24,19,93,0
2025-02-03,DS-TheHague-01,Household,HOU-06,24,25,97,0
2025-02-04,DS-Amsterdam-01,Fresh Produce,FRE-01,62,54,369,0
2025-02-04,DS-Amsterdam-01,Fresh Produce,FRE-02,106,108,742,1
2025-02-04,DS-Amsterdam-01,Fresh Produce,FRE-03,57,65,309,0
2025-02-04,DS-Amsterdam-01,Fresh Produce,FRE-04,55,65,338,0
2025-02-04,DS-Amsterdam-01,Fresh Produce,FRE-05,104,130,742,1
2025-02-04,DS-Amsterdam-01,Fresh Produce,FRE-06,64,61,444,0
2025-02-04,DS-Amsterdam-01,Dairy,DAI-01,51,49,197,0
2025-02-04,DS-Amsterdam-01,Dairy,DAI-02,54,48,214,0
2025-02-04,DS-Amsterdam-01,Dairy,DAI-03,44,42,173,0
2025-02-04,DS-Amsterdam-01,Dairy,DAI-04,31,44,123,0
2025-02-04,DS-Amsterdam-01,Dairy,DAI-05,33,44,126,0
2025-02-04,DS-Amsterdam-01,Dairy,DAI-06,42,46,164,0
2025-02-04,DS-Amsterdam-01,Beverages,BEV-01,75,72,229,0
2025-02-04,DS-Amsterdam-01,Beverages,BEV-02,91,73,288,0
2025-02-04,DS-Amsterdam-01,Beverages,BEV-03,80,80,332,0
2025-02-04,DS-Amsterdam-01,Beverages,BEV-04,68,66,233,0
2025-02-04,DS-Amsterdam-01,Beverages,BEV-05,77,63,266,0
2025-02-04,DS-Amsterdam-01,Beverages,BEV-06,71,76,296,0
2025-02-04,DS-Amsterdam-01,Snacks,SNA-01,61,57,103,0
2025-02-04,DS-Amsterdam-01,Snacks,SNA-02,62,59,82,0
2025-02-04,DS-Amsterdam-01,Snacks,SNA-03,66,47,98,0
2025-02-04,DS-Amsterdam-01,Snacks,SNA-04,113,89,168,1
2025-02-04,DS-Amsterdam-01,Snacks,SNA-05,69,63,97,0
2025-02-04,DS-Amsterdam-01,Snacks,SNA-06,60,73,104,0
2025-02-04,DS-Amsterdam-01,Household,HOU-01,29,28,116,0
2025-02-04,DS-Amsterdam-01,Household,HOU-02,29,33,111,0
2025-02-04,DS-Amsterdam-01,Household,HOU-03,32,34,91,0
2025-02-04,DS-Amsterdam-01,Household,HOU-04,32,27,99,0
2025-02-04,DS-Amsterdam-01,Household,HOU-05,22,24,78,0
2025-02-04,DS-Amsterdam-01,Household,HOU-06,34,30,109,0
2025-02-04,DS-Amsterdam-02,Fresh Produce,FRE-01,73,95,489,1
2025-02-04,DS-Amsterdam-02,Fresh Produce,FRE-02,38,48,197,0
2025-02-04,DS-Amsterdam-02,Fresh Produce,FRE-03,34,53,198,0
2025-02-04,DS-Amsterdam-02,Fresh Produce,FRE-04,46,60,305,0
2025-02-04,DS-Amsterdam-02,Fresh Produce,FRE-05,55,42,382,0
2025-02-04,DS-Amsterdam-02,Fresh Produce,FRE-06,42,39,250,0
2025-02-04,DS-Amsterdam-02,Dairy,DAI-01,62,68,182,1
2025-02-04,DS-Amsterdam-02,Dairy,DAI-02,43,38,123,0
2025-02-04,DS-Amsterdam-02,Dairy,DAI-03,26,37,102,0
2025-02-04,DS-Amsterdam-02,Dairy,DAI-04,25,37,72,0
2025-02-04,DS-Amsterdam-02,Dairy,DAI-05,36,34,143,0
2025-02-04,DS-Amsterdam-02,Dairy,DAI-06,30,32,87,0
2025-02-04,DS-Amsterdam-02,Beverages,BEV-01,75,52,267,0
2025-02-04,DS-Amsterdam-02,Beverages,BEV-02,57,65,200,0
2025-02-04,DS-Amsterdam-02,Beverages,BEV-03,54,53,166,0
2025-02-04,DS-Amsterdam-02,Beverages,BEV-04,66,49,190,0
2025-02-04,DS-Amsterdam-02,Beverages,BEV-05,102,87,389,1
2025-02-04,DS-Amsterdam-02,Beverages,BEV-06,64,63,226,0
2025-02-04,DS-Amsterdam-02,Snacks,SNA-01,61,45,107,0
2025-02-04,DS-Amsterdam-02,Snacks,SNA-02,45,38,76,0
2025-02-04,DS-Amsterdam-02,Snacks,SNA-03,114,87,165,1
2025-02-04,DS-Amsterdam-02,Snacks,SNA-04,89,73,120,1
2025-02-04,DS-Amsterdam-02,Snacks,SNA-05,55,44,85,0
2025-02-04,DS-Amsterdam-02,Snacks,SNA-06,44,43,75,0
2025-02-04,DS-Amsterdam-02,Household,HOU-01,23,21,94,0
2025-02-04,DS-Amsterdam-02,Household,HOU-02,22,24,74,0
2025-02-04,DS-Amsterdam-02,Household,HOU-03,21,23,71,0
2025-02-04,DS-Amsterdam-02,Household,HOU-04,20,23,67,0
2025-02-04,DS-Amsterdam-02,Household,HOU-05,36,44,144,1
2025-02-04,DS-Amsterdam-02,Household,HOU-06,18,23,65,0
2025-02-04,DS-Rotterdam-01,Fresh Produce,FRE-01,44,60,214,0
2025-02-04,DS-Rotterdam-01,Fresh Produce,FRE-02,59,53,289,0
2025-02-04,DS-Rotterdam-01,Fresh Produce,FRE-03,44,58,275,0
2025-02-04,DS-Rotterdam-01,Fresh Produce,FRE-04,49,62,341,0
2025-02-04,DS-Rotterdam-01,Fresh Produce,FRE-05,37,64,246,0
2025-02-04,DS-Rotterdam-01,Fresh Produce,FRE-06,56,66,286,0
2025-02-04,DS-Rotterdam-01,Dairy,DAI-01,45,36,128,0
2025-02-04,DS-Rotterdam-01,Dairy,DAI-02,38,38,125,0
2025-02-04,DS-Rotterdam-01,Dairy,DAI-03,39,46,146,0
2025-02-04,DS-Rotterdam-01,Dairy,DAI-04,34,48,138,0
2025-02-04,DS-Rotterdam-01,Dairy,DAI-05,45,34,184,0
2025-02-04,DS-Rotterdam-01,Dairy,DAI-06,40,48,151,0
2025-02-04,DS-Rotterdam-01,Beverages,BEV-01,65,69,220,0
2025-02-04,DS-Rotterdam-01,Beverages,BEV-02,135,113,399,1
2025-02-04,DS-Rotterdam-01,Beverages,BEV-03,67,74,207,0
2025-02-04,DS-Rotterdam-01,Beverages,BEV-04,119,133,484,1
2025-02-04,DS-Rotterdam-01,Beverages,BEV-05,66,67,260,0
2025-02-04,DS-Rotterdam-01,Beverages,BEV-06,76,67,251,0
2025-02-04,DS-Rotterdam-01,Snacks,SNA-01,57,54,71,0
2025-02-04,DS-Rotterdam-01,Snacks,SNA-02,59,46,79,0
2025-02-04,DS-Rotterdam-01,Snacks,SNA-03,55,49,84,0
2025-02-04,DS-Rotterdam-01,Snacks,SNA-04,60,46,72,0
2025-02-04,DS-Rotterdam-01,Snacks,SNA-05,59,47,80,0
2025-02-04,DS-Rotterdam-01,Snacks,SNA-06,60,55,82,0
2025-02-04,DS-Rotterdam-01,Household,HOU-01,22,21,79,0
2025-02-04,DS-Rotterdam-01,Household,HOU-02,30,26,91,0
2025-02-04,DS-Rotterdam-01,Household,HOU-03,32,20,120,0
2025-02-04,DS-Rotterdam-01,Household,HOU-04,25,25,95,0
2025-02-04,DS-Rotterdam-01,Household,HOU-05,28,24,106,0
2025-02-04,DS-Rotterdam-01,Household,HOU-06,19,31,73,0
2025-02-04,DS-Utrecht-01,Fresh Produce,FRE-01,80,96,572,1
2025-02-04,DS-Utrecht-01,Fresh Produce,FRE-02,46,49,285,0
2025-02-04,DS-Utrecht-01,Fresh Produce,FRE-03,53,44,283,0
2025-02-04,DS-Utrecht-01,Fresh Produce,FRE-04,88,90,552,1
2025-02-04,DS-Utrecht-01,Fresh Produce,FRE-05,58,41,338,0
2025-02-04,DS-Utrecht-01,Fresh Produce,FRE-06,37,47,180,0
2025-02-04,DS-Utrecht-01,Dairy,DAI-01,36,29,117,0
2025-02-04,DS-Utrecht-01,Dairy,DAI-02,58,66,230,1
2025-02-04,DS-Utrecht-01,Dairy,DAI-03,37,34,121,0
2025-02-04,DS-Utrecht-01,Dairy,DAI-04,34,29,121,0
2025-02-04,DS-Utrecht-01,Dairy,DAI-05,32,32,112,0
2025-02-04,DS-Utrecht-01,Dairy,DAI-06,44,29,181,0
2025-02-04,DS-Utrecht-01,Beverages,BEV-01,72,58,272,0
2025-02-04,DS-Utrecht-01,Beverages,BEV-02,44,56,125,0
2025-02-04,DS-Utrecht-01,Beverages,BEV-03,48,47,152,0
2025-02-04,DS-Utrecht-01,Beverages,BEV-04,61,63,184,0
2025-02-04,DS-Utrecht-01,Beverages,BEV-05,62,66,184,0
2025-02-04,DS-Utrecht-01,Beverages,BEV-06,62,63,253,0
2025-02-04,DS-Utrecht-01,Snacks,SNA-01,48,49,59,0
2025-02-04,DS-Utrecht-01,Snacks,SNA-02,50,41,63,0
2025-02-04,DS-Utrecht-01,Snacks,SNA-03,56,41,78,0
2025-02-04,DS-Utrecht-01,Snacks,SNA-04,56,39,90,0
2025-02-04,DS-Utrecht-01,Snacks,SNA-05,47,49,71,0
2025-02-04,DS-Utrecht-01,Snacks,SNA-06,49,43,66,0
2025-02-04,DS-Utrecht-01,Household,HOU-01,18,20,53,0
2025-02-04,DS-Utrecht-01,Household,HOU-02,21,26,66,0
2025-02-04,DS-Utrecht-01,Household,HOU-03,18,26,51,0
2025-02-04,DS-Utrecht-01,Household,HOU-04,21,24,59,0
2025-02-04,DS-Utrecht-01,Household,HOU-05,17,28,56,0
2025-02-04,DS-Utrecht-01,Household,HOU-06,22,23,64,0
2025-02-04,DS-TheHague-01,Fresh Produce,FRE-01,41,39,237,0
2025-02-04,DS-TheHague-01,Fresh Produce,FRE-02,36,46,219,0
2025-02-04,DS-TheHague-01,Fresh Produce,FRE-03,31,51,190,0
2025-02-04,DS-TheHague-01,Fresh Produce,FRE-04,44,30,215,0
2025-02-04,DS-TheHague-01,Fresh Produce,FRE-05,32,43,172,0
2025-02-04,DS-TheHague-01,Fresh Produce,FRE-06,30,44,184,0
2025-02-04,DS-TheHague-01,Dairy,DAI-01,28,26,115,0
2025-02-04,DS-TheHague-01,Dairy,DAI-02,33,36,92,0
2025-02-04,DS-TheHague-01,Dairy,DAI-03,36,22,132,0
2025-02-04,DS-TheHague-01,Dairy,DAI-04,31,35,89,0
2025-02-04,DS-TheHague-01,Dairy,DAI-05,37,40,111,0
2025-02-04,DS-TheHague-01,Dairy,DAI-06,26,27,93,0
2025-02-04,DS-TheHague-01,Beverages,BEV-01,47,58,137,0
2025-02-04,DS-TheHague-01,Beverages,BEV-02,46,72,168,0
2025-02-04,DS-TheHague-01,Beverages,BEV-03,42,54,123,0
2025-02-04,DS-TheHague-01,Beverages,BEV-04,50,48,179,0
2025-02-04,DS-TheHague-01,Beverages,BEV-05,45,48,147,0
2025-02-04,DS-TheHague-01,Beverages,BEV-06,61,55,188,0
2025-02-04,DS-TheHague-01,Snacks,SNA-01,48,43,62,0
2025-02-04,DS-TheHague-01,Snacks,SNA-02,49,39,80,0
2025-02-04,DS-TheHague-01,Snacks,SNA-03,51,41,66,0
2025-02-04,DS-TheHague-01,Snacks,SNA-04,59,40,81,0
2025-02-04,DS-TheHague-01,Snacks,SNA-05,34,40,46,0
2025-02-04,DS-TheHague-01,Snacks,SNA-06,49,40,86,0
2025-02-04,DS-TheHague-01,Household,HOU-01,22,22,87,0
2025-02-04,DS-TheHague-01,Household,HOU-02,20,23,75,0
2025-02-04,DS-TheHague-01,Household,HOU-03,18,21,55,0
2025-02-04,DS-TheHague-01,Household,HOU-04,23,22,95,0
2025-02-04,DS-TheHague-01,Household,HOU-05,21,21,77,0
2025-02-04,DS-TheHague-01,Household,HOU-06,23,25,91,0
2025-02-05,DS-Amsterdam-01,Fresh Produce,FRE-01,58,45,414,0
2025-02-05,DS-Amsterdam-01,Fresh Produce,FRE-02,35,51,214,0
2025-02-05,DS-Amsterdam-01,Fresh Produce,FRE-03,50,59,281,0
2025-02-05,DS-Amsterdam-01,Fresh Produce,FRE-04,56,72,328,0
2025-02-05,DS-Amsterdam-01,Fresh Produce,FRE-05,40,60,242,0
2025-02-05,DS-Amsterdam-01,Fresh Produce,FRE-06,60,68,340,0
2025-02-05,DS-Amsterdam-01,Dairy,DAI-01,39,46,150,0
2025-02-05,DS-Amsterdam-01,Dairy,DAI-02,43,35,128,0
2025-02-05,DS-Amsterdam-01,Dairy,DAI-03,46,38,188,0
2025-02-05,DS-Amsterdam-01,Dairy,DAI-04,34,38,127,0
2025-02-05,DS-Amsterdam-01,Dairy,DAI-05,48,42,175,0
2025-02-05,DS-Amsterdam-01,Dairy,DAI-06,40,32,113,0
2025-02-05,DS-Amsterdam-01,Beverages,BEV-01,83,60,242,0
2025-02-05,DS-Amsterdam-01,Beverages,BEV-02,65,80,249,0
2025-02-05,DS-Amsterdam-01,Beverages,BEV-03,68,75,274,0
2025-02-05,DS-Amsterdam-01,Beverages,BEV-04,71,73,229,0
2025-02-05,DS-Amsterdam-01,Beverages,BEV-05,74,54,302,0
2025-02-05,DS-Amsterdam-01,Beverages,BEV-06,73,70,249,0
2025-02-05,DS-Amsterdam-01,Snacks,SNA-01,61,52,83,0
2025-02-05,DS-Amsterdam-01,Snacks,SNA-02,49,52,87,0
2025-02-05,DS-Amsterdam-01,Snacks,SNA-03,68,56,83,0
2025-02-05,DS-Amsterdam-01,Snacks,SNA-04,56,51,89,0
2025-02-05,DS-Amsterdam-01,Snacks,SNA-05,59,51,88,0
2025-02-05,DS-Amsterdam-01,Snacks,SNA-06,72,50,115,0
2025-02-05,DS-Amsterdam-01,Household,HOU-01,31,29,113,0
2025-02-05,DS-Amsterdam-01,Household,HOU-02,24,23,71,0
2025-02-05,DS-Amsterdam-01,Household,HOU-03,27,33,83,0
2025-02-05,DS-Amsterdam-01,Household,HOU-04,27,28,85,0
2025-02-05,DS-Amsterdam-01,Household,HOU-05,25,27,93,0
2025-02-05,DS-Amsterdam-01,Household,HOU-06,29,23,111,0
2025-02-05,DS-Amsterdam-02,Fresh Produce,FRE-01,26,45,172,0
2025-02-05,DS-Amsterdam-02,Fresh Produce,FRE-02,42,49,230,0
2025-02-05,DS-Amsterdam-02,Fresh Produce,FRE-03,68,82,413,1
2025-02-05,DS-Amsterdam-02,Fresh Produce,FRE-04,41,62,198,0
2025-02-05,DS-Amsterdam-02,Fresh Produce,FRE-05,39,50,212,0
2025-02-05,DS-Amsterdam-02,Fresh Produce,FRE-06,36,36,245,0
2025-02-05,DS-Amsterdam-02,Dairy,DAI-01,37,42,108,0
2025-02-05,DS-Amsterdam-02,Dairy,DAI-02,34,32,126,0
2025-02-05,DS-Amsterdam-02,Dairy,DAI-03,30,34,86,0
2025-02-05,DS-Amsterdam-02,Dairy,DAI-04,31,36,120,0
2025-02-05,DS-Amsterdam-02,Dairy,DAI-05,39,37,122,0
2025-02-05,DS-Amsterdam-02,Dairy,DAI-06,48,39,181,0
2025-02-05,DS-Amsterdam-02,Beverages,BEV-01,51,59,203,0
2025-02-05,DS-Amsterdam-02,Beverages,BEV-02,71,63,280,0
2025-02-05,DS-Amsterdam-02,Beverages,BEV-03,129,99,371,1
2025-02-05,DS-Amsterdam-02,Beverages,BEV-04,57,56,220,0
2025-02-05,DS-Amsterdam-02,Beverages,BEV-05,66,55,200,0
2025-02-05,DS-Amsterdam-02,Beverages,BEV-06,61,63,233,0
2025-02-05,DS-Amsterdam-02,Snacks,SNA-01,56,36,81,0
2025-02-05,DS-Amsterdam-02,Snacks,SNA-02,47,37,75,0
2025-02-05,DS-Amsterdam-02,Snacks,SNA-03,51,35,82,0
2025-02-05,DS-Amsterdam-02,Snacks,SNA-04,72,52,106,0
2025-02-05,DS-Amsterdam-02,Snacks,SNA-05,50,38,67,0
2025-02-05,DS-Amsterdam-02,Snacks,SNA-06,39,52,62,0
2025-02-05,DS-Amsterdam-02,Household,HOU-01,25,25,102,0
2025-02-05,DS-Amsterdam-02,Household,HOU-02,32,17,124,0
2025-02-05,DS-Amsterdam-02,Household,HOU-03,24,19,67,0
2025-02-05,DS-Amsterdam-02,Household,HOU-04,45,46,131,1
2025-02-05,DS-Amsterdam-02,Household,HOU-05,28,23,94,0
2025-02-05,DS-Amsterdam-02,Household,HOU-06,27,27,95,0
2025-02-05,DS-Rotterdam-01,Fresh Produce,FRE-01,43,50,257,0
2025-02-05,DS-Rotterdam-01,Fresh Produce,FRE-02,47,63,241,0
2025-02-05,DS-Rotterdam-01,Fresh Produce,FRE-03,56,58,375,0
2025-02-05,DS-Rotterdam-01,Fresh Produce,FRE-04,53,60,366,0
2025-02-05,DS-Rotterdam-01,Fresh Produce,FRE-05,39,56,253,0
2025-02-05,DS-Rotterdam-01,Fresh Produce,FRE-06,54,52,347,0
2025-02-05,DS-Rotterdam-01,Dairy,DAI-01,40,46,162,0
2025-02-05,DS-Rotterdam-01,Dairy,DAI-02,39,47,126,0
2025-02-05,DS-Rotterdam-01,Dairy,DAI-03,47,43,191,0
2025-02-05,DS-Rotterdam-01,Dairy,DAI-04,52,41,153,0
2025-02-05,DS-Rotterdam-01,Dairy,DAI-05,33,37,119,0
2025-02-05,DS-Rotterdam-01,Dairy,DAI-06,50,38,171,0
2025-02-05,DS-Rotterdam-01,Beverages,BEV-01,79,66,292,0
2025-02-05,DS-Rotterdam-01,Beverages,BEV-02,71,67,289,0
2025-02-05,DS-Rotterdam-01,Beverages,BEV-03,81,65,315,0
2025-02-05,DS-Rotterdam-01,Beverages,BEV-04,76,77,304,0
2025-02-05,DS-Rotterdam-01,Beverages,BEV-05,73,66,253,0
2025-02-05,DS-Rotterdam-01,Beverages,BEV-06,63,63,178,0
2025-02-05,DS-Rotterdam-01,Snacks,SNA-01,54,50,84,0
2025-02-05,DS-Rotterdam-01,Snacks,SNA-02,70,65,92,0
2025-02-05,DS-Rotterdam-01,Snacks,SNA-03,75,51,107,0
2025-02-05,DS-Rotterdam-01,Snacks,SNA-04,60,44,89,0
2025-02-05,DS-Rotterdam-01,Snacks,SNA-05,62,56,78,0
2025-02-05,DS-Rotterdam-01,Snacks,SNA-06,66,57,105,0
2025-02-05,DS-Rotterdam-01,Household,HOU-01,28,30,91,0
2025-02-05,DS-Rotterdam-01,Household,HOU-02,28,34,112,0
2025-02-05,DS-Rotterdam-01,Household,HOU-03,33,31,121,0
2025-02-05,DS-Rotterdam-01,Household,HOU-04,33,27,108,0
2025-02-05,DS-Rotterdam-01,Household,HOU-05,25,29,103,0
2025-02-05,DS-Rotterdam-01,Household,HOU-06,30,27,92,0
2025-02-05,DS-Utrecht-01,Fresh Produce,FRE-01,30,42,184,0
2025-02-05,DS-Utrecht-01,Fresh Produce,FRE-02,32,53,205,0
2025-02-05,DS-Utrecht-01,Fresh Produce,FRE-03,26,48,133,0
2025-02-05,DS-Utrecht-01,Fresh Produce,FRE-04,30,39,211,0
2025-02-05,DS-Utrecht-01,Fresh Produce,FRE-05,34,41,240,0
2025-02-05,DS-Utrecht-01,Fresh Produce,FRE-06,48,42,308,0
2025-02-05,DS-Utrecht-01,Dairy,DAI-01,37,34,139,0
2025-02-05,DS-Utrecht-01,Dairy,DAI-02,32,32,133,0
2025-02-05,DS-Utrecht-01,Dairy,DAI-03,25,29,90,0
2025-02-05,DS-Utrecht-01,Dairy,DAI-04,28,35,91,0
2025-02-05,DS-Utrecht-01,Dairy,DAI-05,29,28,114,0
2025-02-05,DS-Utrecht-01,Dairy,DAI-06,34,31,105,0
2025-02-05,DS-Utrecht-01,Beverages,BEV-01,39,44,129,0
2025-02-05,DS-Utrecht-01,Beverages,BEV-02,49,47,205,0
2025-02-05,DS-Utrecht-01,Beverages,BEV-03,58,46,194,0
2025-02-05,DS-Utrecht-01,Beverages,BEV-04,63,40,212,0
2025-02-05,DS-Utrecht-01,Beverages,BEV-05,56,62,161,0
2025-02-05,DS-Utrecht-01,Beverages,BEV-06,87,104,324,1
2025-02-05,DS-Utrecht-01,Snacks,SNA-01,87,85,116,1
2025-02-05,DS-Utrecht-01,Snacks,SNA-02,41,33,50,0
2025-02-05,DS-Utrecht-01,Snacks,SNA-03,66,34,87,0
2025-02-05,DS-Utrecht-01,Snacks,SNA-04,48,39,66,0
2025-02-05,DS-Utrecht-01,Snacks,SNA-05,37,45,57,0
2025-02-05,DS-Utrecht-01,Snacks,SNA-06,48,36,86,0
2025-02-05,DS-Utrecht-01,Household,HOU-01,21,14,73,0
2025-02-05,DS-Utrecht-01,Household,HOU-02,31,34,122,1
2025-02-05,DS-Utrecht-01,Household,HOU-03,22,24,68,0
2025-02-05,DS-Utrecht-01,Household,HOU-04,22,18,85,0
2025-02-05,DS-Utrecht-01,Household,HOU-05,26,19,86,0
2025-02-05,DS-Utrecht-01,Household,HOU-06,21,17,80,0
2025-02-05,DS-TheHague-01,Fresh Produce,FRE-01,36,42,241,0
2025-02-05,DS-TheHague-01,Fresh Produce,FRE-02,53,41,328,0
2025-02-05,DS-TheHague-01,Fresh Produce,FRE-03,37,48,248,0
2025-02-05,DS-TheHague-01,Fresh Produce,FRE-04,36,40,206,0
2025-02-05,DS-TheHague-01,Fresh Produce,FRE-05,36,44,242,0
2025-02-05,DS-TheHague-01,Fresh Produce,FRE-06,40,36,263,0
2025-02-05,DS-TheHague-01,Dairy,DAI-01,39,29,148,0
2025-02-05,DS-TheHague-01,Dairy,DAI-02,31,30,99,0
2025-02-05,DS-TheHague-01,Dairy,DAI-03,42,28,137,0
2025-02-05,DS-TheHague-01,Dairy,DAI-04,23,36,75,0
2025-02-05,DS-TheHague-01,Dairy,DAI-05,42,33,151,0
2025-02-05,DS-TheHague-01,Dairy,DAI-06,25,27,85,0
2025-02-05,DS-TheHague-01,Beverages,BEV-01,47,55,158,0
2025-02-05,DS-TheHague-01,Beverages,BEV-02,47,57,143,0
2025-02-05,DS-TheHague-01,Beverages,BEV-03,58,53,240,0
2025-02-05,DS-TheHague-01,Beverages,BEV-04,99,92,338,1
2025-02-05,DS-TheHague-01,Beverages,BEV-05,50,60,145,0
2025-02-05,DS-TheHague-01,Beverages,BEV-06,53,54,150,0
2025-02-05,DS-TheHague-01,Snacks,SNA-01,45,40,61,0
2025-02-05,DS-TheHague-01,Snacks,SNA-02,44,47,67,0
2025-02-05,DS-TheHague-01,Snacks,SNA-03,42,38,53,0
2025-02-05,DS-TheHague-01,Snacks,SNA-04,51,39,80,0
2025-02-05,DS-TheHague-01,Snacks,SNA-05,59,40,84,0
2025-02-05,DS-TheHague-01,Snacks,SNA-06,55,35,97,0
2025-02-05,DS-TheHague-01,Household,HOU-01,22,26,87,0
2025-02-05,DS-TheHague-01,Household,HOU-02,18,22,52,0
2025-02-05,DS-TheHague-01,Household,HOU-03,21,18,64,0
2025-02-05,DS-TheHague-01,Household,HOU-04,20,20,73,0
2025-02-05,DS-TheHague-01,Household,HOU-05,18,18,50,0
2025-02-05,DS-TheHague-01,Household,HOU-06,19,24,54,0
2025-02-06,DS-Amsterdam-01,Fresh Produce,FRE-01,34,46,196,0
2025-02-06,DS-Amsterdam-01,Fresh Produce,FRE-02,35,48,216,0
2025-02-06,DS-Amsterdam-01,Fresh Produce,FRE-03,32,50,181,0
2025-02-06,DS-Amsterdam-01,Fresh Produce,FRE-04,36,41,178,0
2025-02-06,DS-Amsterdam-01,Fresh Produce,FRE-05,38,39,254,0
2025-02-06,DS-Amsterdam-01,Fresh Produce,FRE-06,46,48,243,0
2025-02-06,DS-Amsterdam-01,Dairy,DAI-01,27,25,104,0
2025-02-06,DS-Amsterdam-01,Dairy,DAI-02,26,32,75,0
2025-02-06,DS-Amsterdam-01,Dairy,DAI-03,29,30,85,0
2025-02-06,DS-Amsterdam-01,Dairy,DAI-04,41,27,130,0
2025-02-06,DS-Amsterdam-01,Dairy,DAI-05,31,27,87,0
2025-02-06,DS-Amsterdam-01,Dairy,DAI-06,22,18,81,0
2025-02-06,DS-Amsterdam-01,Beverages,BEV-01,45,37,151,0
2025-02-06,DS-Amsterdam-01,Beverages,BEV-02,47,58,132,0
2025-02-06,DS-Amsterdam-01,Beverages,BEV-03,51,57,198,0
2025-02-06,DS-Amsterdam-01,Beverages,BEV-04,55,41,222,0
2025-02-06,DS-Amsterdam-01,Beverages,BEV-05,56,49,228,0
2025-02-06,DS-Amsterdam-01,Beverages,BEV-06,46,45,180,0
2025-02-06,DS-Amsterdam-01,Snacks,SNA-01,37,40,62,0
2025-02-06,DS-Amsterdam-01,Snacks,SNA-02,52,33,67,0
2025-02-06,DS-Amsterdam-01,Snacks,SNA-03,51,35,68,0
2025-02-06,DS-Amsterdam-01,Snacks,SNA-04,75,55,127,1
2025-02-06,DS-Amsterdam-01,Snacks,SNA-05,71,63,121,1
2025-02-06,DS-Amsterdam-01,Snacks,SNA-06,43,41,71,0
2025-02-06,DS-Amsterdam-01,Household,HOU-01,34,39,108,1
2025-02-06,DS-Amsterdam-01,Household,HOU-02,24,21,96,0
2025-02-06,DS-Amsterdam-01,Household,HOU-03,18,18,58,0
2025-02-06,DS-Amsterdam-01,Household,HOU-04,26,18,73,0
2025-02-06,DS-Amsterdam-01,Household,HOU-05,15,24,44,0
2025-02-06,DS-Amsterdam-01,Household,HOU-06,18,18,73,0
2025-02-06,DS-Amsterdam-02,Fresh Produce,FRE-01,49,43,275,0
2025-02-06,DS-Amsterdam-02,Fresh Produce,FRE-02,27,39,143,0
2025-02-06,DS-Amsterdam-02,Fresh Produce,FRE-03,39,45,222,0
2025-02-06,DS-Amsterdam-02,Fresh Produce,FRE-04,40,41,194,0
2025-02-06,DS-Amsterdam-02,Fresh Produce,FRE-05,48,39,233,0
2025-02-06,DS-Amsterdam-02,Fresh Produce,FRE-06,38,47,237,0
2025-02-06,DS-Amsterdam-02,Dairy,DAI-01,23,35,93,0
2025-02-06,DS-Amsterdam-02,Dairy,DAI-02,32,36,117,0
2025-02-06,DS-Amsterdam-02,Dairy,DAI-03,27,28,97,0
2025-02-06,DS-Amsterdam-02,Dairy,DAI-04,29,30,104,0
2025-02-06,DS-Amsterdam-02,Dairy,DAI-05,36,29,149,0
2025-02-06,DS-Amsterdam-02,Dairy,DAI-06,23,26,79,0
2025-02-06,DS-Amsterdam-02,Beverages,BEV-01,62,52,177,0
2025-02-06,DS-Amsterdam-02,Beverages,BEV-02,61,44,176,0
2025-02-06,DS-Amsterdam-02,Beverages,BEV-03,61,53,196,0
2025-02-06,DS-Amsterdam-02,Beverages,BEV-04,58,70,241,0
2025-02-06,DS-Amsterdam-02,Beverages,BEV-05,60,58,195,0
2025-02-06,DS-Amsterdam-02,Beverages,BEV-06,62,55,202,0
2025-02-06,DS-Amsterdam-02,Snacks,SNA-01,56,38,72,0
2025-02-06,DS-Amsterdam-02,Snacks,SNA-02,39,50,54,0
2025-02-06,DS-Amsterdam-02,Snacks,SNA-03,32,43,40,0
2025-02-06,DS-Amsterdam-02,Snacks,SNA-04,52,39,87,0
2025-02-06,DS-Amsterdam-02,Snacks,SNA-05,52,36,73,0
2025-02-06,DS-Amsterdam-02,Snacks,SNA-06,44,43,76,0
2025-02-06,DS-Amsterdam-02,Household,HOU-01,27,19,88,0
2025-02-06,DS-Amsterdam-02,Household,HOU-02,19,26,54,0
2025-02-06,DS-Amsterdam-02,Household,HOU-03,26,21,85,0
2025-02-06,DS-Amsterdam-02,Household,HOU-04,18,21,51,0
2025-02-06,DS-Amsterdam-02,Household,HOU-05,15,18,61,0
2025-02-06,DS-Amsterdam-02,Household,HOU-06,26,22,98,0
2025-02-06,DS-Rotterdam-01,Fresh Produce,FRE-01,42,66,254,0
2025-02-06,DS-Rotterdam-01,Fresh Produce,FRE-02,63,59,383,0
2025-02-06,DS-Rotterdam-01,Fresh Produce,FRE-03,52,59,262,0
2025-02-06,DS-Rotterdam-01,Fresh Produce,FRE-04,44,60,266,0
2025-02-06,DS-Rotterdam-01,Fresh Produce,FRE-05,43,69,300,0
2025-02-06,DS-Rotterdam-01,Fresh Produce,FRE-06,44,53,275,0
2025-02-06,DS-Rotterdam-01,Dairy,DAI-01,42,43,121,0
2025-02-06,DS-Rotterdam-01,Dairy,DAI-02,38,38,157,0
2025-02-06,DS-Rotterdam-01,Dairy,DAI-03,30,42,96,0
2025-02-06,DS-Rotterdam-01,Dairy,DAI-04,40,44,112,0
2025-02-06,DS-Rotterdam-01,Dairy,DAI-05,28,28,93,0
2025-02-06,DS-Rotterdam-01,Dairy,DAI-06,32,35,116,0
2025-02-06,DS-Rotterdam-01,Beverages,BEV-01,112,105,320,1
2025-02-06,DS-Rotterdam-01,Beverages,BEV-02,73,53,290,0
2025-02-06,DS-Rotterdam-01,Beverages,BEV-03,82,62,231,0
2025-02-06,DS-Rotterdam-01,Beverages,BEV-04,61,74,171,0
2025-02-06,DS-Rotterdam-01,Beverages,BEV-05,65,65,249,0
2025-02-06,DS-Rotterdam-01,Beverages,BEV-06,70,67,251,0
2025-02-06,DS-Rotterdam-01,Snacks,SNA-01,59,55,95,0
2025-02-06,DS-Rotterdam-01,Snacks,SNA-02,52,41,71,0
2025-02-06,DS-Rotterdam-01,Snacks,SNA-03,63,49,111,0
2025-02-06,DS-Rotterdam-01,Snacks,SNA-04,54,57,77,0
2025-02-06,DS-Rotterdam-01,Snacks,SNA-05,53,50,64,0
2025-02-06,DS-Rotterdam-01,Snacks,SNA-06,58,53,97,0
2025-02-06,DS-Rotterdam-01,Household,HOU-01,33,26,113,0
2025-02-06,DS-Rotterdam-01,Household,HOU-02,32,31,93,0
2025-02-06,DS-Rotterdam-01,Household,HOU-03,24,23,95,0
2025-02-06,DS-Rotterdam-01,Household,HOU-04,20,25,65,0
2025-02-06,DS-Rotterdam-01,Household,HOU-05,22,31,86,0
2025-02-06,DS-Rotterdam-01,Household,HOU-06,23,26,93,0
2025-02-06,DS-Utrecht-01,Fresh Produce,FRE-01,51,35,286,0
2025-02-06,DS-Utrecht-01,Fresh Produce,FRE-02,35,42,214,0
2025-02-06,DS-Utrecht-01,Fresh Produce,FRE-03,37,35,229,0
2025-02-06,DS-Utrecht-01,Fresh Produce,FRE-04,41,42,274,0
2025-02-06,DS-Utrecht-01,Fresh Produce,FRE-05,70,78,481,1
2025-02-06,DS-Utrecht-01,Fresh Produce,FRE-06,34,43,224,0
2025-02-06,DS-Utrecht-01,Dairy,DAI-01,24,36,82,0
2025-02-06,DS-Utrecht-01,Dairy,DAI-02,24,34,67,0
2025-02-06,DS-Utrecht-01,Dairy,DAI-03,23,24,70,0
2025-02-06,DS-Utrecht-01,Dairy,DAI-04,26,33,103,0
2025-02-06,DS-Utrecht-01,Dairy,DAI-05,20,26,60,0
2025-02-06,DS-Utrecht-01,Dairy,DAI-06,38,28,142,0
2025-02-06,DS-Utrecht-01,Beverages,BEV-01,43,48,174,0
2025-02-06,DS-Utrecht-01,Beverages,BEV-02,50,52,200,0
2025-02-06,DS-Utrecht-01,Beverages,BEV-03,45,53,187,0
2025-02-06,DS-Utrecht-01,Beverages,BEV-04,49,49,173,0
2025-02-06,DS-Utrecht-01,Beverages,BEV-05,56,44,194,0
2025-02-06,DS-Utrecht-01,Beverages,BEV-06,44,53,166,0
2025-02-06,DS-Utrecht-01,Snacks,SNA-01,49,40,76,0
2025-02-06,DS-Utrecht-01,Snacks,SNA-02,49,40,77,0
2025-02-06,DS-Utrecht-01,Snacks,SNA-03,39,36,49,0
2025-02-06,DS-Utrecht-01,Snacks,SNA-04,44,41,78,0
2025-02-06,DS-Utrecht-01,Snacks,SNA-05,48,42,68,0
2025-02-06,DS-Utrecht-01,Snacks,SNA-06,53,37,66,0
2025-02-06,DS-Utrecht-01,Household,HOU-01,21,24,85,0
2025-02-06,DS-Utrecht-01,Household,HOU-02,28,19,99,0
2025-02-06,DS-Utrecht-01,Household,HOU-03,28,22,106,0
2025-02-06,DS-Utrecht-01,Household,HOU-04,30,24,112,0
2025-02-06,DS-Utrecht-01,Household,HOU-05,32,22,115,0
2025-02-06,DS-Utrecht-01,Household,HOU-06,19,22,72,0
2025-02-06,DS-TheHague-01,Fresh Produce,FRE-01,43,57,286,0
2025-02-06,DS-TheHague-01,Fresh Produce,FRE-02,39,43,223,0
2025-02-06,DS-TheHague-01,Fresh Produce,FRE-03,55,72,269,0
2025-02-06,DS-TheHague-01,Fresh Produce,FRE-04,54,58,351,0
2025-02-06,DS-TheHague-01,Fresh Produce,FRE-05,49,40,250,0
2025-02-06,DS-TheHague-01,Fresh Produce,FRE-06,47,53,270,0
2025-02-06,DS-TheHague-01,Dairy,DAI-01,46,38,188,0
2025-02-06,DS-TheHague-01,Dairy,DAI-02,45,39,148,0
2025-02-06,DS-TheHague-01,Dairy,DAI-03,46,30,169,0
2025-02-06,DS-TheHague-01,Dairy,DAI-04,43,39,125,0
2025-02-06,DS-TheHague-01,Dairy,DAI-05,29,36,101,0
2025-02-06,DS-TheHague-01,Dairy,DAI-06,26,41,105,0
2025-02-06,DS-TheHague-01,Beverages,BEV-01,68,64,276,0
2025-02-06,DS-TheHague-01,Beverages,BEV-02,114,128,416,1
2025-02-06,DS-TheHague-01,Beverages,BEV-03,69,70,260,0
2025-02-06,DS-TheHague-01,Beverages,BEV-04,74,70,249,0
2025-02-06,DS-TheHague-01,Beverages,BEV-05,73,68,242,0
2025-02-06,DS-TheHague-01,Beverages,BEV-06,64,70,249,0
2025-02-06,DS-TheHague-01,Snacks,SNA-01,62,56,96,0
2025-02-06,DS-TheHague-01,Snacks,SNA-02,53,48,91,0
2025-02-06,DS-TheHague-01,Snacks,SNA-03,57,49,75,0
2025-02-06,DS-TheHague-01,Snacks,SNA-04,51,48,76,0
2025-02-06,DS-TheHague-01,Snacks,SNA-05,72,47,106,0
2025-02-06,DS-TheHague-01,Snacks,SNA-06,108,98,175,1
2025-02-06,DS-TheHague-01,Household,HOU-01,23,26,92,0
2025-02-06,DS-TheHague-01,Household,HOU-02,31,29,92,0
2025-02-06,DS-TheHague-01,Household,HOU-03,19,23,67,0
2025-02-06,DS-TheHague-01,Household,HOU-04,26,30,103,0
2025-02-06,DS-TheHague-01,Household,HOU-05,24,31,99,0
2025-02-06,DS-TheHague-01,Household,HOU-06,32,26,125,0
2025-02-07,DS-Amsterdam-01,Fresh Produce,FRE-01,57,70,335,0
2025-02-07,DS-Amsterdam-01,Fresh Produce,FRE-02,117,100,622,1
2025-02-07,DS-Amsterdam-01,Fresh Produce,FRE-03,54,51,310,0
2025-02-07,DS-Amsterdam-01,Fresh Produce,FRE-04,55,64,337,0
2025-02-07,DS-Amsterdam-01,Fresh Produce,FRE-05,99,86,540,1
2025-02-07,DS-Amsterdam-01,Fresh Produce,FRE-06,64,53,322,0
2025-02-07,DS-Amsterdam-01,Dairy,DAI-01,34,38,130,0
2025-02-07,DS-Amsterdam-01,Dairy,DAI-02,35,46,145,0
2025-02-07,DS-Amsterdam-01,Dairy,DAI-03,42,48,132,0
2025-02-07,DS-Amsterdam-01,Dairy,DAI-04,44,41,162,0
2025-02-07,DS-Amsterdam-01,Dairy,DAI-05,32,38,101,0
2025-02-07,DS-Amsterdam-01,Dairy,DAI-06,39,42,112,0
2025-02-07,DS-Amsterdam-01,Beverages,BEV-01,65,73,247,0
2025-02-07,DS-Amsterdam-01,Beverages,BEV-02,65,57,258,0
2025-02-07,DS-Amsterdam-01,Beverages,BEV-03,73,72,262,0
2025-02-07,DS-Amsterdam-01,Beverages,BEV-04,76,66,278,0
2025-02-07,DS-Amsterdam-01,Beverages,BEV-05,77,80,219,0
2025-02-07,DS-Amsterdam-01,Beverages,BEV-06,78,63,314,0
2025-02-07,DS-Amsterdam-01,Snacks,SNA-01,67,52,96,0
2025-02-07,DS-Amsterdam-01,Snacks,SNA-02,51,54,64,0
2025-02-07,DS-Amsterdam-01,Snacks,SNA-03,111,110,137,1
2025-02-07,DS-Amsterdam-01,Snacks,SNA-04,66,58,86,0
2025-02-07,DS-Amsterdam-01,Snacks,SNA-05,59,34,90,0
2025-02-07,DS-Amsterdam-01,Snacks,SNA-06,60,68,96,0
2025-02-07,DS-Amsterdam-01,Household,HOU-01,29,27,120,0
2025-02-07,DS-Amsterdam-01,Household,HOU-02,26,26,82,0
2025-02-07,DS-Amsterdam-01,Household,HOU-03,27,23,98,0
2025-02-07,DS-Amsterdam-01,Household,HOU-04,33,33,137,0
2025-02-07,DS-Amsterdam-01,Household,HOU-05,37,28,118,0
2025-02-07,DS-Amsterdam-01,Household,HOU-06,26,30,89,0
2025-02-07,DS-Amsterdam-02,Fresh Produce,FRE-01,39,51,242,0
2025-02-07,DS-Amsterdam-02,Fresh Produce,FRE-02,47,56,238,0
2025-02-07,DS-Amsterdam-02,Fresh Produce,FRE-03,34,40,197,0
2025-02-07,DS-Amsterdam-02,Fresh Produce,FRE-04,32,39,201,0
2025-02-07,DS-Amsterdam-02,Fresh Produce,FRE-05,78,76,457,1
2025-02-07,DS-Amsterdam-02,Fresh Produce,FRE-06,45,41,245,0
2025-02-07,DS-Amsterdam-02,Dairy,DAI-01,35,28,146,0
2025-02-07,DS-Amsterdam-02,Dairy,DAI-02,35,31,114,0
2025-02-07,DS-Amsterdam-02,Dairy,DAI-03,29,33,89,0
2025-02-07,DS-Amsterdam-02,Dairy,DAI-04,33,35,113,0
2025-02-07,DS-Amsterdam-02,Dairy,DAI-05,32,38,94,0
2025-02-07,DS-Amsterdam-02,Dairy,DAI-06,65,61,248,1
2025-02-07,DS-Amsterdam-02,Beverages,BEV-01,115,104,455,1
2025-02-07,DS-Amsterdam-02,Beverages,BEV-02,64,64,251,0
2025-02-07,DS-Amsterdam-02,Beverages,BEV-03,46,62,162,0
2025-02-07,DS-Amsterdam-02,Beverages,BEV-04,60,55,227,0
2025-02-07,DS-Amsterdam-02,Beverages,BEV-05,66,57,221,0
2025-02-07,DS-Amsterdam-02,Beverages,BEV-06,49,72,184,0
2025-02-07,DS-Amsterdam-02,Snacks,SNA-01,48,54,78,0
2025-02-07,DS-Amsterdam-02,Snacks,SNA-02,48,41,81,0
2025-02-07,DS-Amsterdam-02,Snacks,SNA-03,97,103,134,1
2025-02-07,DS-Amsterdam-02,Snacks,SNA-04,106,77,131,1
2025-02-07,DS-Amsterdam-02,Snacks,SNA-05,44,42,74,0
2025-02-07,DS-Amsterdam-02,Snacks,SNA-06,54,40,76,0
2025-02-07,DS-Amsterdam-02,Household,HOU-01,24,21,93,0
2025-02-07,DS-Amsterdam-02,Household,HOU-02,20,21,67,0
2025-02-07,DS-Amsterdam-02,Household,HOU-03,24,22,99,0
2025-02-07,DS-Amsterdam-02,Household,HOU-04,18,22,66,0
2025-02-07,DS-Amsterdam-02,Household,HOU-05,22,27,66,0
2025-02-07,DS-Amsterdam-02,Household,HOU-06,28,25,101,0
2025-02-07,DS-Rotterdam-01,Fresh Produce,FRE-01,50,53,335,0
2025-02-07,DS-Rotterdam-01,Fresh Produce,FRE-02,41,48,235,0
2025-02-07,DS-Rotterdam-01,Fresh Produce,FRE-03,40,33,282,0
2025-02-07,DS-Rotterdam-01,Fresh Produce,FRE-04,51,44,364,0
2025-02-07,DS-Rotterdam-01,Fresh Produce,FRE-05,38,43,255,0
2025-02-07,DS-Rotterdam-01,Fresh Produce,FRE-06,41,44,274,0
2025-02-07,DS-Rotterdam-01,Dairy,DAI-01,29,32,118,0
2025-02-07,DS-Rotterdam-01,Dairy,DAI-02,30,27,87,0
2025-02-07,DS-Rotterdam-01,Dairy,DAI-03,27,34,78,0
2025-02-07,DS-Rotterdam-01,Dairy,DAI-04,38,31,125,0
2025-02-07,DS-Rotterdam-01,Dairy,DAI-05,36,41,150,0
2025-02-07,DS-Rotterdam-01,Dairy,DAI-06,32,34,123,0
2025-02-07,DS-Rotterdam-01,Beverages,BEV-01,48,54,151,0
2025-02-07,DS-Rotterdam-01,Beverages,BEV-02,95,91,322,1
2025-02-07,DS-Rotterdam-01,Beverages,BEV-03,41,42,164,0
2025-02-07,DS-Rotterdam-01,Beverages,BEV-04,47,58,143,0
2025-02-07,DS-Rotterdam-01,Beverages,BEV-05,63,55,241,0
2025-02-07,DS-Rotterdam-01,Beverages,BEV-06,58,47,222,0
2025-02-07,DS-Rotterdam-01,Snacks,SNA-01,45,34,80,0
2025-02-07,DS-Rotterdam-01,Snacks,SNA-02,57,38,85,0
2025-02-07,DS-Rotterdam-01,Snacks,SNA-03,39,27,47,0
2025-02-07,DS-Rotterdam-01,Snacks,SNA-04,50,42,63,0
2025-02-07,DS-Rotterdam-01,Snacks,SNA-05,60,41,79,0
2025-02-07,DS-Rotterdam-01,Snacks,SNA-06,52,40,63,0
2025-02-07,DS-Rotterdam-01,Household,HOU-01,29,23,91,0
2025-02-07,DS-Rotterdam-01,Household,HOU-02,30,22,110,0
2025-02-07,DS-Rotterdam-01,Household,HOU-03,29,23,88,0
2025-02-07,DS-Rotterdam-01,Household,HOU-04,23,20,89,0
2025-02-07,DS-Rotterdam-01,Household,HOU-05,27,22,104,0
2025-02-07,DS-Rotterdam-01,Household,HOU-06,38,39,107,1
2025-02-07,DS-Utrecht-01,Fresh Produce,FRE-01,43,39,241,0
2025-02-07,DS-Utrecht-01,Fresh Produce,FRE-02,44,38,242,0
2025-02-07,DS-Utrecht-01,Fresh Produce,FRE-03,36,50,217,0
2025-02-07,DS-Utrecht-01,Fresh Produce,FRE-04,34,52,240,0
2025-02-07,DS-Utrecht-01,Fresh Produce,FRE-05,48,38,318,0
2025-02-07,DS-Utrecht-01,Fresh Produce,FRE-06,42,46,229,0
2025-02-07,DS-Utrecht-01,Dairy,DAI-01,66,53,186,1
2025-02-07,DS-Utrecht-01,Dairy,DAI-02,32,30,107,0
2025-02-07,DS-Utrecht-01,Dairy,DAI-03,34,32,140,0
2025-02-07,DS-Utrecht-01,Dairy,DAI-04,37,33,148,0
2025-02-07,DS-Utrecht-01,Dairy,DAI-05,34,29,114,0
2025-02-07,DS-Utrecht-01,Dairy,DAI-06,34,32,95,0
2025-02-07,DS-Utrecht-01,Beverages,BEV-01,61,48,211,0
2025-02-07,DS-Utrecht-01,Beverages,BEV-02,64,59,225,0
2025-02-07,DS-Utrecht-01,Beverages,BEV-03,66,47,238,0
2025-02-07,DS-Utrecht-01,Beverages,BEV-04,58,54,233,0
2025-02-07,DS-Utrecht-01,Beverages,BEV-05,55,51,180,0
2025-02-07,DS-Utrecht-01,Beverages,BEV-06,64,53,192,0
2025-02-07,DS-Utrecht-01,Snacks,SNA-01,43,45,63,0
2025-02-07,DS-Utrecht-01,Snacks,SNA-02,61,41,81,0
2025-02-07,DS-Utrecht-01,Snacks,SNA-03,55,40,84,0
2025-02-07,DS-Utrecht-01,Snacks,SNA-04,54,42,93,0
2025-02-07,DS-Utrecht-01,Snacks,SNA-05,39,50,57,0
2025-02-07,DS-Utrecht-01,Snacks,SNA-06,51,48,67,0
2025-02-07,DS-Utrecht-01,Household,HOU-01,30,22,124,0
2025-02-07,DS-Utrecht-01,Household,HOU-02,18,22,67,0
2025-02-07,DS-Utrecht-01,Household,HOU-03,21,22,87,0
2025-02-07,DS-Utrecht-01,Household,HOU-04,15,20,60,0
2025-02-07,DS-Utrecht-01,Household,HOU-05,35,50,126,1
2025-02-07,DS-Utrecht-01,Household,HOU-06,18,23,53,0
2025-02-07,DS-TheHague-01,Fresh Produce,FRE-01,32,50,167,0
2025-02-07,DS-TheHague-01,Fresh Produce,FRE-02,26,39,159,0
2025-02-07,DS-TheHague-01,Fresh Produce,FRE-03,28,40,154,0
2025-02-07,DS-TheHague-01,Fresh Produce,FRE-04,40,35,195,0
2025-02-07,DS-TheHague-01,Fresh Produce,FRE-05,29,37,172,0
2025-02-07,DS-TheHague-01,Fresh Produce,FRE-06,42,40,252,0
2025-02-07,DS-TheHague-01,Dairy,DAI-01,30,39,109,0
2025-02-07,DS-TheHague-01,Dairy,DAI-02,61,49,237,1
2025-02-07,DS-TheHague-01,Dairy,DAI-03,32,27,131,0
2025-02-07,DS-TheHague-01,Dairy,DAI-04,28,25,85,0
2025-02-07,DS-TheHague-01,Dairy,DAI-05,29,31,96,0
2025-02-07,DS-TheHague-01,Dairy,DAI-06,35,28,111,0
2025-02-07,DS-TheHague-01,Beverages,BEV-01,57,44,218,0
2025-02-07,DS-TheHague-01,Beverages,BEV-02,53,50,195,0
2025-02-07,DS-TheHague-01,Beverages,BEV-03,37,44,124,0
2025-02-07,DS-TheHague-01,Beverages,BEV-04,52,62,216,0
2025-02-07,DS-TheHague-01,Beverages,BEV-05,47,43,173,0
2025-02-07,DS-TheHague-01,Beverages,BEV-06,45,60,165,0
2025-02-07,DS-TheHague-01,Snacks,SNA-01,38,41,51,0
2025-02-07,DS-TheHague-01,Snacks,SNA-02,39,44,48,0
2025-02-07,DS-TheHague-01,Snacks,SNA-03,49,44,81,0
2025-02-07,DS-TheHague-01,Snacks,SNA-04,47,45,69,0
2025-02-07,DS-TheHague-01,Snacks,SNA-05,52,41,90,0
2025-02-07,DS-TheHague-01,Snacks,SNA-06,54,34,85,0
2025-02-07,DS-TheHague-01,Household,HOU-01,29,39,120,1
2025-02-07,DS-TheHague-01,Household,HOU-02,19,20,61,0
2025-02-07,DS-TheHague-01,Household,HOU-03,22,17,91,0
2025-02-07,DS-TheHague-01,Household,HOU-04,17,19,52,0
2025-02-07,DS-TheHague-01,Household,HOU-05,24,25,84,0
2025-02-07,DS-TheHague-01,Household,HOU-06,20,17,61,0
2025-02-08,DS-Amsterdam-01,Fresh Produce,FRE-01,61,62,352,0
2025-02-08,DS-Amsterdam-01,Fresh Produce,FRE-02,54,80,332,0
2025-02-08,DS-Amsterdam-01,Fresh Produce,FRE-03,55,58,281,0
2025-02-08,DS-Amsterdam-01,Fresh Produce,FRE-04,55,62,356,0
2025-02-08,DS-Amsterdam-01,Fresh Produce,FRE-05,47,82,312,0
2025-02-08,DS-Amsterdam-01,Fresh Produce,FRE-06,38,53,254,0
2025-02-08,DS-Amsterdam-01,Dairy,DAI-01,47,42,136,0
2025-02-08,DS-Amsterdam-01,Dairy,DAI-02,32,48,104,0
2025-02-08,DS-Amsterdam-01,Dairy,DAI-03,45,43,126,0
2025-02-08,DS-Amsterdam-01,Dairy,DAI-04,34,41,110,0
2025-02-08,DS-Amsterdam-01,Dairy,DAI-05,42,51,127,0
2025-02-08,DS-Amsterdam-01,Dairy,DAI-06,43,39,132,0
2025-02-08,DS-Amsterdam-01,Beverages,BEV-01,84,68,237,0
2025-02-08,DS-Amsterdam-01,Beverages,BEV-02,74,59,290,0
2025-02-08,DS-Amsterdam-01,Beverages,BEV-03,91,80,266,0
2025-02-08,DS-Amsterdam-01,Beverages,BEV-04,86,77,338,0
2025-02-08,DS-Amsterdam-01,Beverages,BEV-05,76,91,246,0
2025-02-08,DS-Amsterdam-01,Beverages,BEV-06,87,62,321,0
2025-02-08,DS-Amsterdam-01,Snacks,SNA-01,73,62,118,0
2025-02-08,DS-Amsterdam-01,Snacks,SNA-02,84,66,118,0
2025-02-08,DS-Amsterdam-01,Snacks,SNA-03,67,56,89,0
2025-02-08,DS-Amsterdam-01,Snacks,SNA-04,68,50,112,0
2025-02-08,DS-Amsterdam-01,Snacks,SNA-05,71,52,108,0
2025-02-08,DS-Amsterdam-01,Snacks,SNA-06,76,53,104,0
2025-02-08,DS-Amsterdam-01,Household,HOU-01,24,34,81,0
2025-02-08,DS-Amsterdam-01,Household,HOU-02,29,26,101,0
2025-02-08,DS-Amsterdam-01,Household,HOU-03,33,25,105,0
2025-02-08,DS-Amsterdam-01,Household,HOU-04,38,29,146,0
2025-02-08,DS-Amsterdam-01,Household,HOU-05,67,56,235,1
2025-02-08,DS-Amsterdam-01,Household,HOU-06,32,31,105,0
2025-02-08,DS-Amsterdam-02,Fresh Produce,FRE-01,76,62,369,0
2025-02-08,DS-Amsterdam-02,Fresh Produce,FRE-02,73,81,433,0
2025-02-08,DS-Amsterdam-02,Fresh Produce,FRE-03,140,131,911,1
2025-02-08,DS-Amsterdam-02,Fresh Produce,FRE-04,50,87,325,0
2025-02-08,DS-Amsterdam-02,Fresh Produce,FRE-05,77,71,530,0
2025-02-08,DS-Amsterdam-02,Fresh Produce,FRE-06,63,85,432,0
2025-02-08,DS-Amsterdam-02,Dairy,DAI-01,48,65,150,0
2025-02-08,DS-Amsterdam-02,Dairy,DAI-02,61,63,170,0
2025-02-08,DS-Amsterdam-02,Dairy,DAI-03,49,48,196,0
2025-02-08,DS-Amsterdam-02,Dairy,DAI-04,64,61,182,0
2025-02-08,DS-Amsterdam-02,Dairy,DAI-05,50,67,160,0
2025-02-08,DS-Amsterdam-02,Dairy,DAI-06,55,55,218,0
2025-02-08,DS-Amsterdam-02,Beverages,BEV-01,92,84,273,0
2025-02-08,DS-Amsterdam-02,Beverages,BEV-02,85,110,339,0
2025-02-08,DS-Amsterdam-02,Beverages,BEV-03,82,94,242,0
2025-02-08,DS-Amsterdam-02,Beverages,BEV-04,99,80,403,0
2025-02-08,DS-Amsterdam-02,Beverages,BEV-05,96,92,283,0
2025-02-08,DS-Amsterdam-02,Beverages,BEV-06,102,86,392,0
2025-02-08,DS-Amsterdam-02,Snacks,SNA-01,83,63,122,0
2025-02-08,DS-Amsterdam-02,Snacks,SNA-02,64,81,100,0
2025-02-08,DS-Amsterdam-02,Snacks,SNA-03,77,59,115,0
2025-02-08,DS-Amsterdam-02,Snacks,SNA-04,97,78,126,0
2025-02-08,DS-Amsterdam-02,Snacks,SNA-05,80,80,121,0
2025-02-08,DS-Amsterdam-02,Snacks,SNA-06,153,119,216,1
2025-02-08,DS-Amsterdam-02,Household,HOU-01,39,39,153,0
2025-02-08,DS-Amsterdam-02,Household,HOU-02,38,37,131,0
2025-02-08,DS-Amsterdam-02,Household,HOU-03,41,36,158,0
2025-02-08,DS-Amsterdam-02,Household,HOU-04,48,28,164,0
2025-02-08,DS-Amsterdam-02,Household,HOU-05,35,34,102,0
2025-02-08,DS-Amsterdam-02,Household,HOU-06,74,63,262,1
2025-02-08,DS-Rotterdam-01,Fresh Produce,FRE-01,99,87,617,0
2025-02-08,DS-Rotterdam-01,Fresh Produce,FRE-02,74,94,382,0
2025-02-08,DS-Rotterdam-01,Fresh Produce,FRE-03,82,82,433,0
2025-02-08,DS-Rotterdam-01,Fresh Produce,FRE-04,83,76,580,0
2025-02-08,DS-Rotterdam-01,Fresh Produce,FRE-05,96,86,643,0
2025-02-08,DS-Rotterdam-01,Fresh Produce,FRE-06,72,95,474,0
2025-02-08,DS-Rotterdam-01,Dairy,DAI-01,46,48,191,0
2025-02-08,DS-Rotterdam-01,Dairy,DAI-02,60,59,233,0
2025-02-08,DS-Rotterdam-01,Dairy,DAI-03,85,54,307,0
2025-02-08,DS-Rotterdam-01,Dairy,DAI-04,67,61,215,0
2025-02-08,DS-Rotterdam-01,Dairy,DAI-05,70,49,237,0
2025-02-08,DS-Rotterdam-01,Dairy,DAI-06,59,58,206,0
2025-02-08,DS-Rotterdam-01,Beverages,BEV-01,104,99,357,0
2025-02-08,DS-Rotterdam-01,Beverages,BEV-02,108,105,345,0
2025-02-08,DS-Rotterdam-01,Beverages,BEV-03,122,97,341,0
2025-02-08,DS-Rotterdam-01,Beverages,BEV-04,99,114,404,0
2025-02-08,DS-Rotterdam-01,Beverages,BEV-05,125,97,521,0
2025-02-08,DS-Rotterdam-01,Beverages,BEV-06,95,99,332,0
2025-02-08,DS-Rotterdam-01,Snacks,SNA-01,95,73,149,0
2025-02-08,DS-Rotterdam-01,Snacks,SNA-02,89,63,144,0
2025-02-08,DS-Rotterdam-01,Snacks,SNA-03,95,84,170,0
2025-02-08,DS-Rotterdam-01,Snacks,SNA-04,101,65,129,0
2025-02-08,DS-Rotterdam-01,Snacks,SNA-05,91,87,135,0
2025-02-08,DS-Rotterdam-01,Snacks,SNA-06,184,126,275,1
2025-02-08,DS-Rotterdam-01,Household,HOU-01,50,57,194,0
2025-02-08,DS-Rotterdam-01,Household,HOU-02,45,39,126,0
2025-02-08,DS-Rotterdam-01,Household,HOU-03,67,77,249,1
2025-02-08,DS-Rotterdam-01,Household,HOU-04,83,87,234,1
2025-02-08,DS-Rotterdam-01,Household,HOU-05,75,73,227,1
2025-02-08,DS-Rotterdam-01,Household,HOU-06,84,64,268,1
2025-02-08,DS-Utrecht-01,Fresh Produce,FRE-01,58,57,406,0
2025-02-08,DS-Utrecht-01,Fresh Produce,FRE-02,62,69,334,0
2025-02-08,DS-Utrecht-01,Fresh Produce,FRE-03,46,68,326,0
2025-02-08,DS-Utrecht-01,Fresh Produce,FRE-04,40,56,193,0
2025-02-08,DS-Utrecht-01,Fresh Produce,FRE-05,53,70,373,0
2025-02-08,DS-Utrecht-01,Fresh Produce,FRE-06,57,65,316,0
2025-02-08,DS-Utrecht-01,Dairy,DAI-01,45,38,183,0
2025-02-08,DS-Utrecht-01,Dairy,DAI-02,39,38,150,0
2025-02-08,DS-Utrecht-01,Dairy,DAI-03,31,38,128,0
2025-02-08,DS-Utrecht-01,Dairy,DAI-04,40,41,161,0
2025-02-08,DS-Utrecht-01,Dairy,DAI-05,45,41,179,0
2025-02-08,DS-Utrecht-01,Dairy,DAI-06,40,41,115,0
2025-02-08,DS-Utrecht-01,Beverages,BEV-01,67,63,225,0
2025-02-08,DS-Utrecht-01,Beverages,BEV-02,66,67,193,0
2025-02-08,DS-Utrecht-01,Beverages,BEV-03,73,75,276,0
2025-02-08,DS-Utrecht-01,Beverages,BEV-04,76,71,307,0
2025-02-08,DS-Utrecht-01,Beverages,BEV-05,69,64,203,0
2025-02-08,DS-Utrecht-01,Beverages,BEV-06,61,65,185,0
2025-02-08,DS-Utrecht-01,Snacks,SNA-01,66,56,110,0
2025-02-08,DS-Utrecht-01,Snacks,SNA-02,64,47,112,0
2025-02-08,DS-Utrecht-01,Snacks,SNA-03,64,57,100,0
2025-02-08,DS-Utrecht-01,Snacks,SNA-04,65,52,106,0
2025-02-08,DS-Utrecht-01,Snacks,SNA-05,58,59,85,0
2025-02-08,DS-Utrecht-01,Snacks,SNA-06,71,47,95,0
2025-02-08,DS-Utrecht-01,Household,HOU-01,26,24,78,0
2025-02-08,DS-Utrecht-01,Household,HOU-02,22,29,83,0
2025-02-08,DS-Utrecht-01,Household,HOU-03,27,27,95,0
2025-02-08,DS-Utrecht-01,Household,HOU-04,27,38,95,0
2025-02-08,DS-Utrecht-01,Household,HOU-05,36,32,144,0
2025-02-08,DS-Utrecht-01,Household,HOU-06,20,32,66,0
2025-02-08,DS-TheHague-01,Fresh Produce,FRE-01,66,67,355,0
2025-02-08,DS-TheHague-01,Fresh Produce,FRE-02,54,65,340,0
2025-02-08,DS-TheHague-01,Fresh Produce,FRE-03,61,71,296,0
2025-02-08,DS-TheHague-01,Fresh Produce,FRE-04,89,94,483,1
2025-02-08,DS-TheHague-01,Fresh Produce,FRE-05,105,128,576,1
2025-02-08,DS-TheHague-01,Fresh Produce,FRE-06,38,74,250,0
2025-02-08,DS-TheHague-01,Dairy,DAI-01,41,45,118,0
2025-02-08,DS-TheHague-01,Dairy,DAI-02,42,42,139,0
2025-02-08,DS-TheHague-01,Dairy,DAI-03,44,43,151,0
2025-02-08,DS-TheHague-01,Dairy,DAI-04,42,44,135,0
2025-02-08,DS-TheHague-01,Dairy,DAI-05,45,38,157,0
2025-02-08,DS-TheHague-01,Dairy,DAI-06,45,36,146,0
2025-02-08,DS-TheHague-01,Beverages,BEV-01,85,68,354,0
2025-02-08,DS-TheHague-01,Beverages,BEV-02,80,53,264,0
2025-02-08,DS-TheHague-01,Beverages,BEV-03,62,76,181,0
2025-02-08,DS-TheHague-01,Beverages,BEV-04,72,68,267,0
2025-02-08,DS-TheHague-01,Beverages,BEV-05,99,50,393,0
2025-02-08,DS-TheHague-01,Beverages,BEV-06,81,93,308,0
2025-02-08,DS-TheHague-01,Snacks,SNA-01,69,51,96,0
2025-02-08,DS-TheHague-01,Snacks,SNA-02,70,67,107,0
2025-02-08,DS-TheHague-01,Snacks,SNA-03,80,52,125,0
2025-02-08,DS-TheHague-01,Snacks,SNA-04,63,53,93,0
2025-02-08,DS-TheHague-01,Snacks,SNA-05,69,58,103,0
2025-02-08,DS-TheHague-01,Snacks,SNA-06,74,67,105,0
2025-02-08,DS-TheHague-01,Household,HOU-01,54,51,194,1
2025-02-08,DS-TheHague-01,Household,HOU-02,30,30,123,0
2025-02-08,DS-TheHague-01,Household,HOU-03,35,34,105,0
2025-02-08,DS-TheHague-01,Household,HOU-04,35,31,98,0
2025-02-08,DS-TheHague-01,Household,HOU-05,34,30,123,0
2025-02-08,DS-TheHague-01,Household,HOU-06,33,25,105,0
2025-02-09,DS-Amsterdam-01,Fresh Produce,FRE-01,61,81,293,0
2025-02-09,DS-Amsterdam-01,Fresh Produce,FRE-02,72,75,404,0
2025-02-09,DS-Amsterdam-01,Fresh Produce,FRE-03,115,161,696,1
2025-02-09,DS-Amsterdam-01,Fresh Produce,FRE-04,82,88,464,0
2025-02-09,DS-Amsterdam-01,Fresh Produce,FRE-05,73,93,374,0
2025-02-09,DS-Amsterdam-01,Fresh Produce,FRE-06,56,89,367,0
2025-02-09,DS-Amsterdam-01,Dairy,DAI-01,53,70,155,0
2025-02-09,DS-Amsterdam-01,Dairy,DAI-02,82,94,321,1
2025-02-09,DS-Amsterdam-01,Dairy,DAI-03,46,56,189,0
2025-02-09,DS-Amsterdam-01,Dairy,DAI-04,52,56,196,0
2025-02-09,DS-Amsterdam-01,Dairy,DAI-05,56,65,173,0
2025-02-09,DS-Amsterdam-01,Dairy,DAI-06,46,54,132,0
2025-02-09,DS-Amsterdam-01,Beverages,BEV-01,97,108,275,0
2025-02-09,DS-Amsterdam-01,Beverages,BEV-02,96,92,312,0
2025-02-09,DS-Amsterdam-01,Beverages,BEV-03,85,115,291,0
2025-02-09,DS-Amsterdam-01,Beverages,BEV-04,104,107,391,0
2025-02-09,DS-Amsterdam-01,Beverages,BEV-05,89,112,310,0
2025-02-09,DS-Amsterdam-01,Beverages,BEV-06,104,109,308,0
2025-02-09,DS-Amsterdam-01,Snacks,SNA-01,93,57,131,0
2025-02-09,DS-Amsterdam-01,Snacks,SNA-02,63,59,92,0
2025-02-09,DS-Amsterdam-01,Snacks,SNA-03,90,67,147,0
2025-02-09,DS-Amsterdam-01,Snacks,SNA-04,86,81,150,0
2025-02-09,DS-Amsterdam-01,Snacks,SNA-05,79,81,136,0
2025-02-09,DS-Amsterdam-01,Snacks,SNA-06,100,66,145,0
2025-02-09,DS-Amsterdam-01,Household,HOU-01,36,36,105,0
2025-02-09,DS-Amsterdam-01,Household,HOU-02,70,71,239,1
2025-02-09,DS-Amsterdam-01,Household,HOU-03,40,42,154,0
2025-02-09,DS-Amsterdam-01,Household,HOU-04,49,45,176,0
2025-02-09,DS-Amsterdam-01,Household,HOU-05,42,39,168,0
2025-02-09,DS-Amsterdam-01,Household,HOU-06,50,38,208,0
2025-02-09,DS-Amsterdam-02,Fresh Produce,FRE-01,79,57,528,0
2025-02-09,DS-Amsterdam-02,Fresh Produce,FRE-02,66,84,426,0
2025-02-09,DS-Amsterdam-02,Fresh Produce,FRE-03,79,103,444,0
2025-02-09,DS-Amsterdam-02,Fresh Produce,FRE-04,125,137,873,1
2025-02-09,DS-Amsterdam-02,Fresh Produce,FRE-05,68,74,410,0
2025-02-09,DS-Amsterdam-02,Fresh Produce,FRE-06,73,75,407,0
2025-02-09,DS-Amsterdam-02,Dairy,DAI-01,60,54,221,0
2025-02-09,DS-Amsterdam-02,Dairy,DAI-02,59,55,241,0
2025-02-09,DS-Amsterdam-02,Dairy,DAI-03,50,62,191,0
2025-02-09,DS-Amsterdam-02,Dairy,DAI-04,58,51,193,0
2025-02-09,DS-Amsterdam-02,Dairy,DAI-05,49,58,188,0
2025-02-09,DS-Amsterdam-02,Dairy,DAI-06,56,58,182,0
2025-02-09,DS-Amsterdam-02,Beverages,BEV-01,103,105,291,0
2025-02-09,DS-Amsterdam-02,Beverages,BEV-02,101,93,396,0
2025-02-09,DS-Amsterdam-02,Beverages,BEV-03,189,148,617,1
2025-02-09,DS-Amsterdam-02,Beverages,BEV-04,91,95,325,0
2025-02-09,DS-Amsterdam-02,Beverages,BEV-05,123,95,453,0
2025-02-09,DS-Amsterdam-02,Beverages,BEV-06,121,102,489,0
2025-02-09,DS-Amsterdam-02,Snacks,SNA-01,73,63,101,0
2025-02-09,DS-Amsterdam-02,Snacks,SNA-02,136,148,219,1
2025-02-09,DS-Amsterdam-02,Snacks,SNA-03,93,86,139,0
2025-02-09,DS-Amsterdam-02,Snacks,SNA-04,91,88,145,0
2025-02-09,DS-Amsterdam-02,Snacks,SNA-05,82,81,122,0
2025-02-09,DS-Amsterdam-02,Snacks,SNA-06,77,74,95,0
2025-02-09,DS-Amsterdam-02,Household,HOU-01,32,39,113,0
2025-02-09,DS-Amsterdam-02,Household,HOU-02,35,42,106,0
2025-02-09,DS-Amsterdam-02,Household,HOU-03,30,37,88,0
2025-02-09,DS-Amsterdam-02,Household,HOU-04,42,38,166,0
2025-02-09,DS-Amsterdam-02,Household,HOU-05,49,60,146,1
2025-02-09,DS-Amsterdam-02,Household,HOU-06,43,32,132,0
2025-02-09,DS-Rotterdam-01,Fresh Produce,FRE-01,52,57,304,0
2025-02-09,DS-Rotterdam-01,Fresh Produce,FRE-02,50,72,262,0
2025-02-09,DS-Rotterdam-01,Fresh Produce,FRE-03,57,70,288,0
2025-02-09,DS-Rotterdam-01,Fresh Produce,FRE-04,53,63,349,0
2025-02-09,DS-Rotterdam-01,Fresh Produce,FRE-05,43,74,306,0
2025-02-09,DS-Rotterdam-01,Fresh Produce,FRE-06,51,56,287,0
2025-02-09,DS-Rotterdam-01,Dairy,DAI-01,47,47,176,0
2025-02-09,DS-Rotterdam-01,Dairy,DAI-02,38,45,107,0
2025-02-09,DS-Rotterdam-01,Dairy,DAI-03,45,39,159,0
2025-02-09,DS-Rotterdam-01,Dairy,DAI-04,32,40,113,0
2025-02-09,DS-Rotterdam-01,Dairy,DAI-05,47,41,170,0
2025-02-09,DS-Rotterdam-01,Dairy,DAI-06,49,48,152,0
2025-02-09,DS-Rotterdam-01,Beverages,BEV-01,65,81,189,0
2025-02-09,DS-Rotterdam-01,Beverages,BEV-02,67,79,272,0
2025-02-09,DS-Rotterdam-01,Beverages,BEV-03,72,84,265,0
2025-02-09,DS-Rotterdam-01,Beverages,BEV-04,75,73,229,0
2025-02-09,DS-Rotterdam-01,Beverages,BEV-05,74,71,261,0
2025-02-09,DS-Rotterdam-01,Beverages,BEV-06,75,73,265,0
2025-02-09,DS-Rotterdam-01,Snacks,SNA-01,65,58,91,0
2025-02-09,DS-Rotterdam-01,Snacks,SNA-02,64,55,83,0
2025-02-09,DS-Rotterdam-01,Snacks,SNA-03,70,53,122,0
2025-02-09,DS-Rotterdam-01,Snacks,SNA-04,48,52,63,0
2025-02-09,DS-Rotterdam-01,Snacks,SNA-05,79,54,125,0
2025-02-09,DS-Rotterdam-01,Snacks,SNA-06,73,50,122,0
2025-02-09,DS-Rotterdam-01,Household,HOU-01,39,23,120,0
2025-02-09,DS-Rotterdam-01,Household,HOU-02,31,30,105,0
2025-02-09,DS-Rotterdam-01,Household,HOU-03,27,22,104,0
2025-02-09,DS-Rotterdam-01,Household,HOU-04,34,30,113,0
2025-02-09,DS-Rotterdam-01,Household,HOU-05,32,31,99,0
2025-02-09,DS-Rotterdam-01,Household,HOU-06,33,26,111,0
2025-02-09,DS-Utrecht-01,Fresh Produce,FRE-01,139,160,807,1
2025-02-09,DS-Utrecht-01,Fresh Produce,FRE-02,79,115,393,0
2025-02-09,DS-Utrecht-01,Fresh Produce,FRE-03,79,94,454,0
2025-02-09,DS-Utrecht-01,Fresh Produce,FRE-04,125,162,820,1
2025-02-09,DS-Utrecht-01,Fresh Produce,FRE-05,71,78,376,0
2025-02-09,DS-Utrecht-01,Fresh Produce,FRE-06,65,89,351,0
2025-02-09,DS-Utrecht-01,Dairy,DAI-01,115,113,480,1
2025-02-09,DS-Utrecht-01,Dairy,DAI-02,57,59,199,0
2025-02-09,DS-Utrecht-01,Dairy,DAI-03,66,62,231,0
2025-02-09,DS-Utrecht-01,Dairy,DAI-04,108,103,304,1
2025-02-09,DS-Utrecht-01,Dairy,DAI-05,63,71,233,0
2025-02-09,DS-Utrecht-01,Dairy,DAI-06,58,55,184,0
2025-02-09,DS-Utrecht-01,Beverages,BEV-01,84,80,237,0
2025-02-09,DS-Utrecht-01,Beverages,BEV-02,95,105,307,0
2025-02-09,DS-Utrecht-01,Beverages,BEV-03,105,106,367,0
2025-02-09,DS-Utrecht-01,Beverages,BEV-04,92,132,326,0
2025-02-09,DS-Utrecht-01,Beverages,BEV-05,193,213,725,1
2025-02-09,DS-Utrecht-01,Beverages,BEV-06,128,86,448,0
2025-02-09,DS-Utrecht-01,Snacks,SNA-01,82,89,127,0
2025-02-09,DS-Utrecht-01,Snacks,SNA-02,86,110,149,0
2025-02-09,DS-Utrecht-01,Snacks,SNA-03,95,83,123,0
2025-02-09,DS-Utrecht-01,Snacks,SNA-04,90,52,151,0
2025-02-09,DS-Utrecht-01,Snacks,SNA-05,90,72,156,0
2025-02-09,DS-Utrecht-01,Snacks,SNA-06,109,52,174,0
2025-02-09,DS-Utrecht-01,Household,HOU-01,47,45,181,0
2025-02-09,DS-Utrecht-01,Household,HOU-02,37,40,139,0
2025-02-09,DS-Utrecht-01,Household,HOU-03,40,41,136,0
2025-02-09,DS-Utrecht-01,Household,HOU-04,49,48,201,0
2025-02-09,DS-Utrecht-01,Household,HOU-05,39,33,148,0
2025-02-09,DS-Utrecht-01,Household,HOU-06,49,39,168,0
2025-02-09,DS-TheHague-01,Fresh Produce,FRE-01,59,90,410,0
2025-02-09,DS-TheHague-01,Fresh Produce,FRE-02,68,79,468,0
2025-02-09,DS-TheHague-01,Fresh Produce,FRE-03,77,81,461,0
2025-02-09,DS-TheHague-01,Fresh Produce,FRE-04,63,73,355,0
2025-02-09,DS-TheHague-01,Fresh Produce,FRE-05,72,82,465,0
2025-02-09,DS-TheHague-01,Fresh Produce,FRE-06,69,84,422,0
2025-02-09,DS-TheHague-01,Dairy,DAI-01,61,47,191,0
2025-02-09,DS-TheHague-01,Dairy,DAI-02,60,48,197,0
2025-02-09,DS-TheHague-01,Dairy,DAI-03,63,55,241,0
2025-02-09,DS-TheHague-01,Dairy,DAI-04,58,58,170,0
2025-02-09,DS-TheHague-01,Dairy,DAI-05,51,49,156,0
2025-02-09,DS-TheHague-01,Dairy,DAI-06,67,58,228,0
2025-02-09,DS-TheHague-01,Beverages,BEV-01,70,98,242,0
2025-02-09,DS-TheHague-01,Beverages,BEV-02,90,83,276,0
2025-02-09,DS-TheHague-01,Beverages,BEV-03,94,91,319,0
2025-02-09,DS-TheHague-01,Beverages,BEV-04,77,97,309,0
2025-02-09,DS-TheHague-01,Beverages,BEV-05,97,89,313,0
2025-02-09,DS-TheHague-01,Beverages,BEV-06,90,79,315,0
2025-02-09,DS-TheHague-01,Snacks,SNA-01,88,85,118,0
2025-02-09,DS-TheHague-01,Snacks,SNA-02,94,70,127,0
2025-02-09,DS-TheHague-01,Snacks,SNA-03,83,63,105,0
2025-02-09,DS-TheHague-01,Snacks,SNA-04,92,69,147,0
2025-02-09,DS-TheHague-01,Snacks,SNA-05,85,62,120,0
2025-02-09,DS-TheHague-01,Snacks,SNA-06,66,53,96,0
2025-02-09,DS-TheHague-01,Household,HOU-01,36,40,125,0
2025-02-09,DS-TheHague-01,Household,HOU-02,40,37,125,0
2025-02-09,DS-TheHague-01,Household,HOU-03,32,39,100,0
2025-02-09,DS-TheHague-01,Household,HOU-04,44,35,154,0
2025-02-09,DS-TheHague-01,Household,HOU-05,36,37,107,0
2025-02-09,DS-TheHague-01,Household,HOU-06,31,34,127,0
2025-02-10,DS-Amsterdam-01,Fresh Produce,FRE-01,44,56,247,0
2025-02-10,DS-Amsterdam-01,Fresh Produce,FRE-02,29,42,186,0
2025-02-10,DS-Amsterdam-01,Fresh Produce,FRE-03,41,48,263,0
2025-02-10,DS-Amsterdam-01,Fresh Produce,FRE-04,83,83,586,1
2025-02-10,DS-Amsterdam-01,Fresh Produce,FRE-05,40,60,206,0
2025-02-10,DS-Amsterdam-01,Fresh Produce,FRE-06,42,55,262,0
2025-02-10,DS-Amsterdam-01,Dairy,DAI-01,33,26,123,0
2025-02-10,DS-Amsterdam-01,Dairy,DAI-02,35,32,141,0
2025-02-10,DS-Amsterdam-01,Dairy,DAI-03,35,41,145,0
2025-02-10,DS-Amsterdam-01,Dairy,DAI-04,25,34,90,0
2025-02-10,DS-Amsterdam-01,Dairy,DAI-05,37,36,122,0
2025-02-10,DS-Amsterdam-01,Dairy,DAI-06,33,31,112,0
2025-02-10,DS-Amsterdam-01,Beverages,BEV-01,51,48,174,0
2025-02-10,DS-Amsterdam-01,Beverages,BEV-02,73,56,283,0
2025-02-10,DS-Amsterdam-01,Beverages,BEV-03,65,51,190,0
2025-02-10,DS-Amsterdam-01,Beverages,BEV-04,70,51,268,0
2025-02-10,DS-Amsterdam-01,Beverages,BEV-05,123,118,408,1
2025-02-10,DS-Amsterdam-01,Beverages,BEV-06,53,60,177,0
2025-02-10,DS-Amsterdam-01,Snacks,SNA-01,57,44,92,0
2025-02-10,DS-Amsterdam-01,Snacks,SNA-02,62,41,83,0
2025-02-10,DS-Amsterdam-01,Snacks,SNA-03,49,39,63,0
2025-02-10,DS-Amsterdam-01,Snacks,SNA-04,55,45,73,0
2025-02-10,DS-Amsterdam-01,Snacks,SNA-05,61,40,82,0
2025-02-10,DS-Amsterdam-01,Snacks,SNA-06,67,39,115,0
2025-02-10,DS-Amsterdam-01,Household,HOU-01,28,23,100,0
2025-02-10,DS-Amsterdam-01,Household,HOU-02,30,27,98,0
2025-02-10,DS-Amsterdam-01,Household,HOU-03,30,27,125,0
2025-02-10,DS-Amsterdam-01,Household,HOU-04,32,24,109,0
2025-02-10,DS-Amsterdam-01,Household,HOU-05,12,22,45,0
2025-02-10,DS-Amsterdam-01,Household,HOU-06,26,24,80,0
2025-02-10,DS-Amsterdam-02,Fresh Produce,FRE-01,37,49,201,0
2025-02-10,DS-Amsterdam-02,Fresh Produce,FRE-02,31,43,196,0
2025-02-10,DS-Amsterdam-02,Fresh Produce,FRE-03,36,53,246,0
2025-02-10,DS-Amsterdam-02,Fresh Produce,FRE-04,35,45,184,0
2025-02-10,DS-Amsterdam-02,Fresh Produce,FRE-05,44,49,230,0
2025-02-10,DS-Amsterdam-02,Fresh Produce,FRE-06,31,43,208,0
2025-02-10,DS-Amsterdam-02,Dairy,DAI-01,36,35,148,0
2025-02-10,DS-Amsterdam-02,Dairy,DAI-02,44,26,144,0
2025-02-10,DS-Amsterdam-02,Dairy,DAI-03,27,25,83,0
2025-02-10,DS-Amsterdam-02,Dairy,DAI-04,40,33,149,0
2025-02-10,DS-Amsterdam-02,Dairy,DAI-05,27,27,98,0
2025-02-10,DS-Amsterdam-02,Dairy,DAI-06,18,26,55,0
2025-02-10,DS-Amsterdam-02,Beverages,BEV-01,49,49,176,0
2025-02-10,DS-Amsterdam-02,Beverages,BEV-02,59,61,247,0
2025-02-10,DS-Amsterdam-02,Beverages,BEV-03,46,49,180,0
2025-02-10,DS-Amsterdam-02,Beverages,BEV-04,98,94,343,1
2025-02-10,DS-Amsterdam-02,Beverages,BEV-05,45,62,151,0
2025-02-10,DS-Amsterdam-02,Beverages,BEV-06,46,45,151,0
2025-02-10,DS-Amsterdam-02,Snacks,SNA-01,51,42,63,0
2025-02-10,DS-Amsterdam-02,Snacks,SNA-02,43,36,58,0
2025-02-10,DS-Amsterdam-02,Snacks,SNA-03,53,41,72,0
2025-02-10,DS-Amsterdam-02,Snacks,SNA-04,48,38,58,0
2025-02-10,DS-Amsterdam-02,Snacks,SNA-05,42,33,62,0
2025-02-10,DS-Amsterdam-02,Snacks,SNA-06,49,36,72,0
2025-02-10,DS-Amsterdam-02,Household,HOU-01,28,21,113,0
2025-02-10,DS-Amsterdam-02,Household,HOU-02,26,21,87,0
2025-02-10,DS-Amsterdam-02,Household,HOU-03,17,17,47,0
2025-02-10,DS-Amsterdam-02,Household,HOU-04,17,20,58,0
2025-02-10,DS-Amsterdam-02,Household,HOU-05,23,21,87,0
2025-02-10,DS-Amsterdam-02,Household,HOU-06,19,16,66,0
2025-02-10,DS-Rotterdam-01,Fresh Produce,FRE-01,49,54,345,0
2025-02-10,DS-Rotterdam-01,Fresh Produce,FRE-02,36,51,184,0
2025-02-10,DS-Rotterdam-01,Fresh Produce,FRE-03,50,45,342,0
2025-02-10,DS-Rotterdam-01,Fresh Produce,FRE-04,46,44,259,0
2025-02-10,DS-Rotterdam-01,Fresh Produce,FRE-05,32,48,156,0
2025-02-10,DS-Rotterdam-01,Fresh Produce,FRE-06,31,45,166,0
2025-02-10,DS-Rotterdam-01,Dairy,DAI-01,32,32,100,0
2025-02-10,DS-Rotterdam-01,Dairy,DAI-02,51,32,192,0
2025-02-10,DS-Rotterdam-01,Dairy,DAI-03,31,36,104,0
2025-02-10,DS-Rotterdam-01,Dairy,DAI-04,29,33,107,0
2025-02-10,DS-Rotterdam-01,Dairy,DAI-05,62,71,236,1
2025-02-10,DS-Rotterdam-01,Dairy,DAI-06,42,35,154,0
2025-02-10,DS-Rotterdam-01,Beverages,BEV-01,56,49,182,0
2025-02-10,DS-Rotterdam-01,Beverages,BEV-02,68,69,190,0
2025-02-10,DS-Rotterdam-01,Beverages,BEV-03,55,56,186,0
2025-02-10,DS-Rotterdam-01,Beverages,BEV-04,55,62,216,0
2025-02-10,DS-Rotterdam-01,Beverages,BEV-05,80,114,329,1
2025-02-10,DS-Rotterdam-01,Beverages,BEV-06,57,50,204,0
2025-02-10,DS-Rotterdam-01,Snacks,SNA-01,51,50,73,0
2025-02-10,DS-Rotterdam-01,Snacks,SNA-02,46,51,58,0
2025-02-10,DS-Rotterdam-01,Snacks,SNA-03,53,49,78,0
2025-02-10,DS-Rotterdam-01,Snacks,SNA-04,52,46,91,0
2025-02-10,DS-Rotterdam-01,Snacks,SNA-05,47,45,75,0
2025-02-10,DS-Rotterdam-01,Snacks,SNA-06,107,91,189,1
2025-02-10,DS-Rotterdam-01,Household,HOU-01,16,24,54,0
2025-02-10,DS-Rotterdam-01,Household,HOU-02,21,20,87,0
2025-02-10,DS-Rotterdam-01,Household,HOU-03,28,21,95,0
2025-02-10,DS-Rotterdam-01,Household,HOU-04,26,25,86,0
2025-02-10,DS-Rotterdam-01,Household,HOU-05,26,28,89,0
2025-02-10,DS-Rotterdam-01,Household,HOU-06,25,25,71,0
2025-02-10,DS-Utrecht-01,Fresh Produce,FRE-01,51,50,275,0
2025-02-10,DS-Utrecht-01,Fresh Produce,FRE-02,43,47,210,0
2025-02-10,DS-Utrecht-01,Fresh Produce,FRE-03,41,61,239,0
2025-02-10,DS-Utrecht-01,Fresh Produce,FRE-04,49,62,313,0
2025-02-10,DS-Utrecht-01,Fresh Produce,FRE-05,51,63,323,0
2025-02-10,DS-Utrecht-01,Fresh Produce,FRE-06,47,56,247,0
2025-02-10,DS-Utrecht-01,Dairy,DAI-01,44,41,169,0
2025-02-10,DS-Utrecht-01,Dairy,DAI-02,43,40,154,0
2025-02-10,DS-Utrecht-01,Dairy,DAI-03,74,74,259,1
2025-02-10,DS-Utrecht-01,Dairy,DAI-04,39,37,141,0
2025-02-10,DS-Utrecht-01,Dairy,DAI-05,40,40,159,0
2025-02-10,DS-Utrecht-01,Dairy,DAI-06,31,46,97,0
2025-02-10,DS-Utrecht-01,Beverages,BEV-01,58,52,218,0
2025-02-10,DS-Utrecht-01,Beverages,BEV-02,57,58,167,0
2025-02-10,DS-Utrecht-01,Beverages,BEV-03,65,64,188,0
2025-02-10,DS-Utrecht-01,Beverages,BEV-04,65,74,189,0
2025-02-10,DS-Utrecht-01,Beverages,BEV-05,57,52,174,0
2025-02-10,DS-Utrecht-01,Beverages,BEV-06,75,66,269,0
2025-02-10,DS-Utrecht-01,Snacks,SNA-01,49,48,75,0
2025-02-10,DS-Utrecht-01,Snacks,SNA-02,93,92,144,1
2025-02-10,DS-Utrecht-01,Snacks,SNA-03,60,50,98,0
2025-02-10,DS-Utrecht-01,Snacks,SNA-04,53,50,94,0
2025-02-10,DS-Utrecht-01,Snacks,SNA-05,60,47,89,0
2025-02-10,DS-Utrecht-01,Snacks,SNA-06,52,45,92,0
2025-02-10,DS-Utrecht-01,Household,HOU-01,43,48,177,1
2025-02-10,DS-Utrecht-01,Household,HOU-02,24,25,86,0
2025-02-10,DS-Utrecht-01,Household,HOU-03,35,46,141,1
2025-02-10,DS-Utrecht-01,Household,HOU-04,26,25,95,0
2025-02-10,DS-Utrecht-01,Household,HOU-05,37,27,116,0
2025-02-10,DS-Utrecht-01,Household,HOU-06,29,27,97,0
2025-02-10,DS-TheHague-01,Fresh Produce,FRE-01,52,73,305,0
2025-02-10,DS-TheHague-01,Fresh Produce,FRE-02,46,66,246,0
2025-02-10,DS-TheHague-01,Fresh Produce,FRE-03,73,73,416,0
2025-02-10,DS-TheHague-01,Fresh Produce,FRE-04,57,63,336,0
2025-02-10,DS-TheHague-01,Fresh Produce,FRE-05,47,61,248,0
2025-02-10,DS-TheHague-01,Fresh Produce,FRE-06,44,72,221,0
2025-02-10,DS-TheHague-01,Dairy,DAI-01,51,47,150,0
2025-02-10,DS-TheHague-01,Dairy,DAI-02,45,38,178,0
2025-02-10,DS-TheHague-01,Dairy,DAI-03,52,44,209,0
2025-02-10,DS-TheHague-01,Dairy,DAI-04,51,35,171,0
2025-02-10,DS-TheHague-01,Dairy,DAI-05,45,34,180,0
2025-02-10,DS-TheHague-01,Dairy,DAI-06,40,39,167,0
2025-02-10,DS-TheHague-01,Beverages,BEV-01,74,76,306,0
2025-02-10,DS-TheHague-01,Beverages,BEV-02,86,66,307,0
2025-02-10,DS-TheHague-01,Beverages,BEV-03,72,77,276,0
2025-02-10,DS-TheHague-01,Beverages,BEV-04,77,79,318,0
2025-02-10,DS-TheHague-01,Beverages,BEV-05,76,83,279,0
2025-02-10,DS-TheHague-01,Beverages,BEV-06,60,78,229,0
2025-02-10,DS-TheHague-01,Snacks,SNA-01,47,53,77,0
2025-02-10,DS-TheHague-01,Snacks,SNA-02,69,61,108,0
2025-02-10,DS-TheHague-01,Snacks,SNA-03,69,55,110,0
2025-02-10,DS-TheHague-01,Snacks,SNA-04,40,55,62,0
2025-02-10,DS-TheHague-01,Snacks,SNA-05,78,47,106,0
2025-02-10,DS-TheHague-01,Snacks,SNA-06,50,62,85,0
2025-02-10,DS-TheHague-01,Household,HOU-01,32,36,101,0
2025-02-10,DS-TheHague-01,Household,HOU-02,34,34,126,0
2025-02-10,DS-TheHague-01,Household,HOU-03,28,28,84,0
2025-02-10,DS-TheHague-01,Household,HOU-04,32,23,116,0
2025-02-10,DS-TheHague-01,Household,HOU-05,41,31,147,0
2025-02-10,DS-TheHague-01,Household,HOU-06,34,28,104,0
2025-02-11,DS-Amsterdam-01,Fresh Produce,FRE-01,33,50,168,0
2025-02-11,DS-Amsterdam-01,Fresh Produce,FRE-02,39,50,205,0
2025-02-11,DS-Amsterdam-01,Fresh Produce,FRE-03,40,52,194,0
2025-02-11,DS-Amsterdam-01,Fresh Produce,FRE-04,42,46,251,0
2025-02-11,DS-Amsterdam-01,Fresh Produce,FRE-05,45,51,299,0
2025-02-11,DS-Amsterdam-01,Fresh Produce,FRE-06,59,53,294,0
2025-02-11,DS-Amsterdam-01,Dairy,DAI-01,33,35,107,0
2025-02-11,DS-Amsterdam-01,Dairy,DAI-02,33,38,133,0
2025-02-11,DS-Amsterdam-01,Dairy,DAI-03,29,38,108,0
2025-02-11,DS-Amsterdam-01,Dairy,DAI-04,42,34,134,0
2025-02-11,DS-Amsterdam-01,Dairy,DAI-05,29,34,81,0
2025-02-11,DS-Amsterdam-01,Dairy,DAI-06,38,37,136,0
2025-02-11,DS-Amsterdam-01,Beverages,BEV-01,50,63,169,0
2025-02-11,DS-Amsterdam-01,Beverages,BEV-02,56,59,194,0
2025-02-11,DS-Amsterdam-01,Beverages,BEV-03,77,61,216,0
2025-02-11,DS-Amsterdam-01,Beverages,BEV-04,65,43,267,0
2025-02-11,DS-Amsterdam-01,Beverages,BEV-05,59,66,215,0
2025-02-11,DS-Amsterdam-01,Beverages,BEV-06,87,86,322,1
2025-02-11,DS-Amsterdam-01,Snacks,SNA-01,55,35,68,0
2025-02-11,DS-Amsterdam-01,Snacks,SNA-02,53,46,87,0
2025-02-11,DS-Amsterdam-01,Snacks,SNA-03,59,43,90,0
2025-02-11,DS-Amsterdam-01,Snacks,SNA-04,55,47,79,0
2025-02-11,DS-Amsterdam-01,Snacks,SNA-05,34,40,54,0
2025-02-11,DS-Amsterdam-01,Snacks,SNA-06,48,29,65,0
2025-02-11,DS-Amsterdam-01,Household,HOU-01,23,24,72,0
2025-02-11,DS-Amsterdam-01,Household,HOU-02,47,40,192,1
2025-02-11,DS-Amsterdam-01,Household,HOU-03,44,42,142,1
2025-02-11,DS-Amsterdam-01,Household,HOU-04,21,25,75,0
2025-02-11,DS-Amsterdam-01,Household,HOU-05,26,24,84,0
2025-02-11,DS-Amsterdam-01,Household,HOU-06,22,24,78,0
2025-02-11,DS-Amsterdam-02,Fresh Produce,FRE-01,45,53,232,0
2025-02-11,DS-Amsterdam-02,Fresh Produce,FRE-02,36,53,195,0
2025-02-11,DS-Amsterdam-02,Fresh Produce,FRE-03,34,42,237,0
2025-02-11,DS-Amsterdam-02,Fresh Produce,FRE-04,29,48,157,0
2025-02-11,DS-Amsterdam-02,Fresh Produce,FRE-05,44,41,241,0
2025-02-11,DS-Amsterdam-02,Fresh Produce,FRE-06,42,49,256,0
2025-02-11,DS-Amsterdam-02,Dairy,DAI-01,25,19,92,0
2025-02-11,DS-Amsterdam-02,Dairy,DAI-02,43,35,140,0
2025-02-11,DS-Amsterdam-02,Dairy,DAI-03,36,31,109,0
2025-02-11,DS-Amsterdam-02,Dairy,DAI-04,29,31,97,0
2025-02-11,DS-Amsterdam-02,Dairy,DAI-05,34,27,130,0
2025-02-11,DS-Amsterdam-02,Dairy,DAI-06,25,27,101,0
2025-02-11,DS-Amsterdam-02,Beverages,BEV-01,55,69,219,0
2025-02-11,DS-Amsterdam-02,Beverages,BEV-02,47,62,171,0
2025-02-11,DS-Amsterdam-02,Beverages,BEV-03,56,49,187,0
2025-02-11,DS-Amsterdam-02,Beverages,BEV-04,43,56,125,0
2025-02-11,DS-Amsterdam-02,Beverages,BEV-05,48,46,145,0
2025-02-11,DS-Amsterdam-02,Beverages,BEV-06,34,52,112,0
2025-02-11,DS-Amsterdam-02,Snacks,SNA-01,55,40,81,0
2025-02-11,DS-Amsterdam-02,Snacks,SNA-02,47,34,60,0
2025-02-11,DS-Amsterdam-02,Snacks,SNA-03,40,43,63,0
2025-02-11,DS-Amsterdam-02,Snacks,SNA-04,42,31,74,0
2025-02-11,DS-Amsterdam-02,Snacks,SNA-05,35,38,50,0
2025-02-11,DS-Amsterdam-02,Snacks,SNA-06,45,45,73,0
2025-02-11,DS-Amsterdam-02,Household,HOU-01,21,23,59,0
2025-02-11,DS-Amsterdam-02,Household,HOU-02,24,18,81,0
2025-02-11,DS-Amsterdam-02,Household,HOU-03,19,20,67,0
2025-02-11,DS-Amsterdam-02,Household,HOU-04,22,19,63,0
2025-02-11,DS-Amsterdam-02,Household,HOU-05,24,19,95,0
2025-02-11,DS-Amsterdam-02,Household,HOU-06,18,18,59,0
2025-02-11,DS-Rotterdam-01,Fresh Produce,FRE-01,44,68,309,0
2025-02-11,DS-Rotterdam-01,Fresh Produce,FRE-02,72,96,440,1
2025-02-11,DS-Rotterdam-01,Fresh Produce,FRE-03,41,53,282,0
2025-02-11,DS-Rotterdam-01,Fresh Produce,FRE-04,46,50,255,0
2025-02-11,DS-Rotterdam-01,Fresh Produce,FRE-05,52,42,369,0
2025-02-11,DS-Rotterdam-01,Fresh Produce,FRE-06,42,60,273,0
2025-02-11,DS-Rotterdam-01,Dairy,DAI-01,35,31,136,0
2025-02-11,DS-Rotterdam-01,Dairy,DAI-02,32,30,111,0
2025-02-11,DS-Rotterdam-01,Dairy,DAI-03,35,36,144,0
2025-02-11,DS-Rotterdam-01,Dairy,DAI-04,33,24,124,0
2025-02-11,DS-Rotterdam-01,Dairy,DAI-05,71,49,238,1
2025-02-11,DS-Rotterdam-01,Dairy,DAI-06,38,34,134,0
2025-02-11,DS-Rotterdam-01,Beverages,BEV-01,52,45,203,0
2025-02-11,DS-Rotterdam-01,Beverages,BEV-02,122,88,491,1
2025-02-11,DS-Rotterdam-01,Beverages,BEV-03,79,58,327,0
2025-02-11,DS-Rotterdam-01,Beverages,BEV-04,58,64,240,0
2025-02-11,DS-Rotterdam-01,Beverages,BEV-05,76,74,225,0
2025-02-11,DS-Rotterdam-01,Beverages,BEV-06,53,49,153,0
2025-02-11,DS-Rotterdam-01,Snacks,SNA-01,97,81,117,1
2025-02-11,DS-Rotterdam-01,Snacks,SNA-02,58,42,101,0
2025-02-11,DS-Rotterdam-01,Snacks,SNA-03,56,44,95,0
2025-02-11,DS-Rotterdam-01,Snacks,SNA-04,47,43,62,0
2025-02-11,DS-Rotterdam-01,Snacks,SNA-05,43,47,68,0
2025-02-11,DS-Rotterdam-01,Snacks,SNA-06,58,43,72,0
2025-02-11,DS-Rotterdam-01,Household,HOU-01,18,25,58,0
2025-02-11,DS-Rotterdam-01,Household,HOU-02,27,18,96,0
2025-02-11,DS-Rotterdam-01,Household,HOU-03,20,29,73,0
2025-02-11,DS-Rotterdam-01,Household,HOU-04,22,27,87,0
2025-02-11,DS-Rotterdam-01,Household,HOU-05,25,20,92,0
2025-02-11,DS-Rotterdam-01,Household,HOU-06,22,26,74,0
2025-02-11,DS-Utrecht-01,Fresh Produce,FRE-01,61,58,436,0
2025-02-11,DS-Utrecht-01,Fresh Produce,FRE-02,49,52,274,0
2025-02-11,DS-Utrecht-01,Fresh Produce,FRE-03,60,69,403,0
2025-02-11,DS-Utrecht-01,Fresh Produce,FRE-04,66,66,321,0
2025-02-11,DS-Utrecht-01,Fresh Produce,FRE-05,67,67,449,0
2025-02-11,DS-Utrecht-01,Fresh Produce,FRE-06,55,53,357,0
2025-02-11,DS-Utrecht-01,Dairy,DAI-01,46,40,174,0
2025-02-11,DS-Utrecht-01,Dairy,DAI-02,47,41,192,0
2025-02-11,DS-Utrecht-01,Dairy,DAI-03,51,53,159,0
2025-02-11,DS-Utrecht-01,Dairy,DAI-04,50,41,182,0
2025-02-11,DS-Utrecht-01,Dairy,DAI-05,57,40,200,0
2025-02-11,DS-Utrecht-01,Dairy,DAI-06,43,44,169,0
2025-02-11,DS-Utrecht-01,Beverages,BEV-01,72,84,241,0
2025-02-11,DS-Utrecht-01,Beverages,BEV-02,75,74,283,0
2025-02-11,DS-Utrecht-01,Beverages,BEV-03,84,73,343,0
2025-02-11,DS-Utrecht-01,Beverages,BEV-04,90,68,308,0
2025-02-11,DS-Utrecht-01,Beverages,BEV-05,88,74,368,0
2025-02-11,DS-Utrecht-01,Beverages,BEV-06,61,83,239,0
2025-02-11,DS-Utrecht-01,Snacks,SNA-01,82,54,126,0
2025-02-11,DS-Utrecht-01,Snacks,SNA-02,74,61,115,0
2025-02-11,DS-Utrecht-01,Snacks,SNA-03,48,59,84,0
2025-02-11,DS-Utrecht-01,Snacks,SNA-04,61,65,87,0
2025-02-11,DS-Utrecht-01,Snacks,SNA-05,62,63,101,0
2025-02-11,DS-Utrecht-01,Snacks,SNA-06,62,46,93,0
2025-02-11,DS-Utrecht-01,Household,HOU-01,39,34,157,0
2025-02-11,DS-Utrecht-01,Household,HOU-02,37,34,128,0
2025-02-11,DS-Utrecht-01,Household,HOU-03,28,28,104,0
2025-02-11,DS-Utrecht-01,Household,HOU-04,33,32,133,0
2025-02-11,DS-Utrecht-01,Household,HOU-05,29,32,96,0
2025-02-11,DS-Utrecht-01,Household,HOU-06,26,25,95,0
2025-02-11,DS-TheHague-01,Fresh Produce,FRE-01,42,49,248,0
2025-02-11,DS-TheHague-01,Fresh Produce,FRE-02,77,69,460,1
2025-02-11,DS-TheHague-01,Fresh Produce,FRE-03,36,44,220,0
2025-02-11,DS-TheHague-01,Fresh Produce,FRE-04,69,77,368,1
2025-02-11,DS-TheHague-01,Fresh Produce,FRE-05,30,40,196,0
2025-02-11,DS-TheHague-01,Fresh Produce,FRE-06,35,49,186,0
2025-02-11,DS-TheHague-01,Dairy,DAI-01,32,23,91,0
2025-02-11,DS-TheHague-01,Dairy,DAI-02,20,29,67,0
2025-02-11,DS-TheHague-01,Dairy,DAI-03,26,30,84,0
2025-02-11,DS-TheHague-01,Dairy,DAI-04,20,25,79,0
2025-02-11,DS-TheHague-01,Dairy,DAI-05,35,26,112,0
2025-02-11,DS-TheHague-01,Dairy,DAI-06,30,31,111,0
2025-02-11,DS-TheHague-01,Beverages,BEV-01,47,52,178,0
2025-02-11,DS-TheHague-01,Beverages,BEV-02,60,44,237,0
2025-02-11,DS-TheHague-01,Beverages,BEV-03,51,43,177,0
2025-02-11,DS-TheHague-01,Beverages,BEV-04,60,44,233,0
2025-02-11,DS-TheHague-01,Beverages,BEV-05,53,47,198,0
2025-02-11,DS-TheHague-01,Beverages,BEV-06,51,43,206,0
2025-02-11,DS-TheHague-01,Snacks,SNA-01,46,44,71,0
2025-02-11,DS-TheHague-01,Snacks,SNA-02,39,34,66,0
2025-02-11,DS-TheHague-01,Snacks,SNA-03,55,32,67,0
2025-02-11,DS-TheHague-01,Snacks,SNA-04,46,34,70,0
2025-02-11,DS-TheHague-01,Snacks,SNA-05,49,40,73,0
2025-02-11,DS-TheHague-01,Snacks,SNA-06,37,42,62,0
2025-02-11,DS-TheHague-01,Household,HOU-01,15,24,58,0
2025-02-11,DS-TheHague-01,Household,HOU-02,16,20,56,0
2025-02-11,DS-TheHague-01,Household,HOU-03,23,23,84,0
2025-02-11,DS-TheHague-01,Household,HOU-04,35,32,108,1
2025-02-11,DS-TheHague-01,Household,HOU-05,22,19,79,0
2025-02-11,DS-TheHague-01,Household,HOU-06,16,21,65,0
2025-02-12,DS-Amsterdam-01,Fresh Produce,FRE-01,51,61,313,0
2025-02-12,DS-Amsterdam-01,Fresh Produce,FRE-02,98,110,642,1
2025-02-12,DS-Amsterdam-01,Fresh Produce,FRE-03,60,68,366,0
2025-02-12,DS-Amsterdam-01,Fresh Produce,FRE-04,55,53,297,0
2025-02-12,DS-Amsterdam-01,Fresh Produce,FRE-05,49,73,248,0
2025-02-12,DS-Amsterdam-01,Fresh Produce,FRE-06,65,64,409,0
2025-02-12,DS-Amsterdam-01,Dairy,DAI-01,44,40,177,0
2025-02-12,DS-Amsterdam-01,Dairy,DAI-02,35,46,101,0
2025-02-12,DS-Amsterdam-01,Dairy,DAI-03,75,71,236,1
2025-02-12,DS-Amsterdam-01,Dairy,DAI-04,84,95,297,1
2025-02-12,DS-Amsterdam-01,Dairy,DAI-05,44,46,127,0
2025-02-12,DS-Amsterdam-01,Dairy,DAI-06,56,41,192,0
2025-02-12,DS-Amsterdam-01,Beverages,BEV-01,85,78,324,0
2025-02-12,DS-Amsterdam-01,Beverages,BEV-02,79,61,313,0
2025-02-12,DS-Amsterdam-01,Beverages,BEV-03,66,89,237,0
2025-02-12,DS-Amsterdam-01,Beverages,BEV-04,72,76,254,0
2025-02-12,DS-Amsterdam-01,Beverages,BEV-05,66,71,260,0
2025-02-12,DS-Amsterdam-01,Beverages,BEV-06,84,68,350,0
2025-02-12,DS-Amsterdam-01,Snacks,SNA-01,63,63,76,0
2025-02-12,DS-Amsterdam-01,Snacks,SNA-02,56,48,83,0
2025-02-12,DS-Amsterdam-01,Snacks,SNA-03,70,54,107,0
2025-02-12,DS-Amsterdam-01,Snacks,SNA-04,68,56,103,0
2025-02-12,DS-Amsterdam-01,Snacks,SNA-05,71,67,93,0
2025-02-12,DS-Amsterdam-01,Snacks,SNA-06,60,60,100,0
2025-02-12,DS-Amsterdam-01,Household,HOU-01,27,31,87,0
2025-02-12,DS-Amsterdam-01,Household,HOU-02,27,30,88,0
2025-02-12,DS-Amsterdam-01,Household,HOU-03,23,32,87,0
2025-02-12,DS-Amsterdam-01,Household,HOU-04,22,28,81,0
2025-02-12,DS-Amsterdam-01,Household,HOU-05,33,26,105,0
2025-02-12,DS-Amsterdam-01,Household,HOU-06,24,28,90,0
2025-02-12,DS-Amsterdam-02,Fresh Produce,FRE-01,35,46,208,0
2025-02-12,DS-Amsterdam-02,Fresh Produce,FRE-02,29,44,160,0
2025-02-12,DS-Amsterdam-02,Fresh Produce,FRE-03,36,42,228,0
2025-02-12,DS-Amsterdam-02,Fresh Produce,FRE-04,42,47,209,0
2025-02-12,DS-Amsterdam-02,Fresh Produce,FRE-05,42,51,243,0
2025-02-12,DS-Amsterdam-02,Fresh Produce,FRE-06,32,51,208,0
2025-02-12,DS-Amsterdam-02,Dairy,DAI-01,34,24,120,0
2025-02-12,DS-Amsterdam-02,Dairy,DAI-02,30,28,113,0
2025-02-12,DS-Amsterdam-02,Dairy,DAI-03,41,39,140,0
2025-02-12,DS-Amsterdam-02,Dairy,DAI-04,27,30,111,0
2025-02-12,DS-Amsterdam-02,Dairy,DAI-05,34,31,119,0
2025-02-12,DS-Amsterdam-02,Dairy,DAI-06,18,34,50,0
2025-02-12,DS-Amsterdam-02,Beverages,BEV-01,52,49,197,0
2025-02-12,DS-Amsterdam-02,Beverages,BEV-02,52,46,187,0
2025-02-12,DS-Amsterdam-02,Beverages,BEV-03,56,41,212,0
2025-02-12,DS-Amsterdam-02,Beverages,BEV-04,66,50,200,0
2025-02-12,DS-Amsterdam-02,Beverages,BEV-05,62,46,257,0
2025-02-12,DS-Amsterdam-02,Beverages,BEV-06,46,65,150,0
2025-02-12,DS-Amsterdam-02,Snacks,SNA-01,52,47,72,0
2025-02-12,DS-Amsterdam-02,Snacks,SNA-02,45,44,68,0
2025-02-12,DS-Amsterdam-02,Snacks,SNA-03,61,41,108,0
2025-02-12,DS-Amsterdam-02,Snacks,SNA-04,41,33,65,0
2025-02-12,DS-Amsterdam-02,Snacks,SNA-05,47,38,72,0
2025-02-12,DS-Amsterdam-02,Snacks,SNA-06,39,37,56,0
2025-02-12,DS-Amsterdam-02,Household,HOU-01,22,21,73,0
2025-02-12,DS-Amsterdam-02,Household,HOU-02,19,18,53,0
2025-02-12,DS-Amsterdam-02,Household,HOU-03,18,22,74,0
2025-02-12,DS-Amsterdam-02,Household,HOU-04,25,26,94,0
2025-02-12,DS-Amsterdam-02,Household,HOU-05,10,20,35,0
2025-02-12,DS-Amsterdam-02,Household,HOU-06,21,21,85,0
2025-02-12,DS-Rotterdam-01,Fresh Produce,FRE-01,45,58,231,0
2025-02-12,DS-Rotterdam-01,Fresh Produce,FRE-02,48,60,263,0
2025-02-12,DS-Rotterdam-01,Fresh Produce,FRE-03,55,49,302,0
2025-02-12,DS-Rotterdam-01,Fresh Produce,FRE-04,42,64,282,0
2025-02-12,DS-Rotterdam-01,Fresh Produce,FRE-05,56,57,271,0
2025-02-12,DS-Rotterdam-01,Fresh Produce,FRE-06,60,53,304,0
2025-02-12,DS-Rotterdam-01,Dairy,DAI-01,40,32,167,0
2025-02-12,DS-Rotterdam-01,Dairy,DAI-02,29,35,91,0
2025-02-12,DS-Rotterdam-01,Dairy,DAI-03,43,30,150,0
2025-02-12,DS-Rotterdam-01,Dairy,DAI-04,37,41,114,0
2025-02-12,DS-Rotterdam-01,Dairy,DAI-05,37,33,152,0
2025-02-12,DS-Rotterdam-01,Dairy,DAI-06,31,35,115,0
2025-02-12,DS-Rotterdam-01,Beverages,BEV-01,64,72,197,0
2025-02-12,DS-Rotterdam-01,Beverages,BEV-02,46,77,179,0
2025-02-12,DS-Rotterdam-01,Beverages,BEV-03,64,73,206,0
2025-02-12,DS-Rotterdam-01,Beverages,BEV-04,64,69,210,0
2025-02-12,DS-Rotterdam-01,Beverages,BEV-05,66,68,190,0
2025-02-12,DS-Rotterdam-01,Beverages,BEV-06,78,53,262,0
2025-02-12,DS-Rotterdam-01,Snacks,SNA-01,50,55,66,0
2025-02-12,DS-Rotterdam-01,Snacks,SNA-02,54,38,68,0
2025-02-12,DS-Rotterdam-01,Snacks,SNA-03,66,55,115,0
2025-02-12,DS-Rotterdam-01,Snacks,SNA-04,63,66,102,0
2025-02-12,DS-Rotterdam-01,Snacks,SNA-05,50,53,73,0
2025-02-12,DS-Rotterdam-01,Snacks,SNA-06,122,99,170,1
2025-02-12,DS-Rotterdam-01,Household,HOU-01,31,32,111,0
2025-02-12,DS-Rotterdam-01,Household,HOU-02,26,30,96,0
2025-02-12,DS-Rotterdam-01,Household,HOU-03,27,20,105,0
2025-02-12,DS-Rotterdam-01,Household,HOU-04,26,27,96,0
2025-02-12,DS-Rotterdam-01,Household,HOU-05,29,24,118,0
2025-02-12,DS-Rotterdam-01,Household,HOU-06,40,22,131,0
2025-02-12,DS-Utrecht-01,Fresh Produce,FRE-01,53,65,306,0
2025-02-12,DS-Utrecht-01,Fresh Produce,FRE-02,45,50,303,0
2025-02-12,DS-Utrecht-01,Fresh Produce,FRE-03,43,51,222,0
2025-02-12,DS-Utrecht-01,Fresh Produce,FRE-04,50,52,309,0
2025-02-12,DS-Utrecht-01,Fresh Produce,FRE-05,71,82,440,1
2025-02-12,DS-Utrecht-01,Fresh Produce,FRE-06,45,47,242,0
2025-02-12,DS-Utrecht-01,Dairy,DAI-01,29,45,105,0
2025-02-12,DS-Utrecht-01,Dairy,DAI-02,38,36,123,0
2025-02-12,DS-Utrecht-01,Dairy,DAI-03,37,41,123,0
2025-02-12,DS-Utrecht-01,Dairy,DAI-04,42,38,132,0
2025-02-12,DS-Utrecht-01,Dairy,DAI-05,35,36,121,0
2025-02-12,DS-Utrecht-01,Dairy,DAI-06,26,38,83,0
2025-02-12,DS-Utrecht-01,Beverages,BEV-01,66,68,186,0
2025-02-12,DS-Utrecht-01,Beverages,BEV-02,65,55,240,0
2025-02-12,DS-Utrecht-01,Beverages,BEV-03,62,71,241,0
2025-02-12,DS-Utrecht-01,Beverages,BEV-04,53,62,220,0
2025-02-12,DS-Utrecht-01,Beverages,BEV-05,59,67,174,0
2025-02-12,DS-Utrecht-01,Beverages,BEV-06,74,55,247,0
2025-02-12,DS-Utrecht-01,Snacks,SNA-01,59,45,70,0
2025-02-12,DS-Utrecht-01,Snacks,SNA-02,53,51,79,0
2025-02-12,DS-Utrecht-01,Snacks,SNA-03,64,45,101,0
2025-02-12,DS-Utrecht-01,Snacks,SNA-04,95,81,138,1
2025-02-12,DS-Utrecht-01,Snacks,SNA-05,65,46,84,0
2025-02-12,DS-Utrecht-01,Snacks,SNA-06,44,43,78,0
2025-02-12,DS-Utrecht-01,Household,HOU-01,21,26,59,0
2025-02-12,DS-Utrecht-01,Household,HOU-02,19,22,73,0
2025-02-12,DS-Utrecht-01,Household,HOU-03,27,24,111,0
2025-02-12,DS-Utrecht-01,Household,HOU-04,23,19,79,0
2025-02-12,DS-Utrecht-01,Household,HOU-05,28,29,115,0
2025-02-12,DS-Utrecht-01,Household,HOU-06,24,19,85,0
2025-02-12,DS-TheHague-01,Fresh Produce,FRE-01,58,62,339,0
2025-02-12,DS-TheHague-01,Fresh Produce,FRE-02,61,66,354,0
2025-02-12,DS-TheHague-01,Fresh Produce,FRE-03,53,57,278,0
2025-02-12,DS-TheHague-01,Fresh Produce,FRE-04,85,73,592,0
2025-02-12,DS-TheHague-01,Fresh Produce,FRE-05,40,70,275,0
2025-02-12,DS-TheHague-01,Fresh Produce,FRE-06,54,55,264,0
2025-02-12,DS-TheHague-01,Dairy,DAI-01,52,51,175,0
2025-02-12,DS-TheHague-01,Dairy,DAI-02,53,45,156,0
2025-02-12,DS-TheHague-01,Dairy,DAI-03,52,37,215,0
2025-02-12,DS-TheHague-01,Dairy,DAI-04,51,49,171,0
2025-02-12,DS-TheHague-01,Dairy,DAI-05,75,87,276,1
2025-02-12,DS-TheHague-01,Dairy,DAI-06,40,35,134,0
2025-02-12,DS-TheHague-01,Beverages,BEV-01,83,62,330,0
2025-02-12,DS-TheHague-01,Beverages,BEV-02,55,52,226,0
2025-02-12,DS-TheHague-01,Beverages,BEV-03,130,142,452,1
2025-02-12,DS-TheHague-01,Beverages,BEV-04,95,79,339,0
2025-02-12,DS-TheHague-01,Beverages,BEV-05,77,63,279,0
2025-02-12,DS-TheHague-01,Beverages,BEV-06,67,90,201,0
2025-02-12,DS-TheHague-01,Snacks,SNA-01,77,58,124,0
2025-02-12,DS-TheHague-01,Snacks,SNA-02,77,57,125,0
2025-02-12,DS-TheHague-01,Snacks,SNA-03,65,47,116,0
2025-02-12,DS-TheHague-01,Snacks,SNA-04,64,54,95,0
2025-02-12,DS-TheHague-01,Snacks,SNA-05,115,84,172,1
2025-02-12,DS-TheHague-01,Snacks,SNA-06,74,46,100,0
2025-02-12,DS-TheHague-01,Household,HOU-01,34,21,119,0
2025-02-12,DS-TheHague-01,Household,HOU-02,31,27,95,0
2025-02-12,DS-TheHague-01,Household,HOU-03,35,29,116,0
2025-02-12,DS-TheHague-01,Household,HOU-04,28,31,103,0
2025-02-12,DS-TheHague-01,Household,HOU-05,56,54,230,1
2025-02-12,DS-TheHague-01,Household,HOU-06,27,27,90,0
2025-02-13,DS-Amsterdam-01,Fresh Produce,FRE-01,53,65,305,0
2025-02-13,DS-Amsterdam-01,Fresh Produce,FRE-02,57,65,375,0
2025-02-13,DS-Amsterdam-01,Fresh Produce,FRE-03,58,67,382,0
2025-02-13,DS-Amsterdam-01,Fresh Produce,FRE-04,61,69,375,0
2025-02-13,DS-Amsterdam-01,Fresh Produce,FRE-05,65,71,413,0
2025-02-13,DS-Amsterdam-01,Fresh Produce,FRE-06,46,62,302,0
2025-02-13,DS-Amsterdam-01,Dairy,DAI-01,53,39,218,0
2025-02-13,DS-Amsterdam-01,Dairy,DAI-02,84,70,301,1
2025-02-13,DS-Amsterdam-01,Dairy,DAI-03,48,42,146,0
2025-02-13,DS-Amsterdam-01,Dairy,DAI-04,42,51,146,0
2025-02-13,DS-Amsterdam-01,Dairy,DAI-05,44,45,127,0
2025-02-13,DS-Amsterdam-01,Dairy,DAI-06,40,47,160,0
2025-02-13,DS-Amsterdam-01,Beverages,BEV-01,83,76,295,0
2025-02-13,DS-Amsterdam-01,Beverages,BEV-02,66,66,219,0
2025-02-13,DS-Amsterdam-01,Beverages,BEV-03,82,62,321,0
2025-02-13,DS-Amsterdam-01,Beverages,BEV-04,94,75,381,0
2025-02-13,DS-Amsterdam-01,Beverages,BEV-05,75,79,228,0
2025-02-13,DS-Amsterdam-01,Beverages,BEV-06,79,71,300,0
2025-02-13,DS-Amsterdam-01,Snacks,SNA-01,72,67,99,0
2025-02-13,DS-Amsterdam-01,Snacks,SNA-02,88,56,107,0
2025-02-13,DS-Amsterdam-01,Snacks,SNA-03,70,55,113,0
2025-02-13,DS-Amsterdam-01,Snacks,SNA-04,57,53,76,0
2025-02-13,DS-Amsterdam-01,Snacks,SNA-05,71,63,103,0
2025-02-13,DS-Amsterdam-01,Snacks,SNA-06,62,75,74,0
2025-02-13,DS-Amsterdam-01,Household,HOU-01,26,26,90,0
2025-02-13,DS-Amsterdam-01,Household,HOU-02,39,24,124,0
2025-02-13,DS-Amsterdam-01,Household,HOU-03,25,30,87,0
2025-02-13,DS-Amsterdam-01,Household,HOU-04,31,25,93,0
2025-02-13,DS-Amsterdam-01,Household,HOU-05,36,33,125,0
2025-02-13,DS-Amsterdam-01,Household,HOU-06,35,28,136,0
2025-02-13,DS-Amsterdam-02,Fresh Produce,FRE-01,66,76,393,0
2025-02-13,DS-Amsterdam-02,Fresh Produce,FRE-02,44,54,230,0
2025-02-13,DS-Amsterdam-02,Fresh Produce,FRE-03,62,75,332,0
2025-02-13,DS-Amsterdam-02,Fresh Produce,FRE-04,67,77,430,0
2025-02-13,DS-Amsterdam-02,Fresh Produce,FRE-05,55,54,265,0
2025-02-13,DS-Amsterdam-02,Fresh Produce,FRE-06,55,58,274,0
2025-02-13,DS-Amsterdam-02,Dairy,DAI-01,42,41,167,0
2025-02-13,DS-Amsterdam-02,Dairy,DAI-02,56,48,191,0
2025-02-13,DS-Amsterdam-02,Dairy,DAI-03,70,63,198,1
2025-02-13,DS-Amsterdam-02,Dairy,DAI-04,46,42,162,0
2025-02-13,DS-Amsterdam-02,Dairy,DAI-05,79,71,238,1
2025-02-13,DS-Amsterdam-02,Dairy,DAI-06,54,44,220,0
2025-02-13,DS-Amsterdam-02,Beverages,BEV-01,80,72,271,0
2025-02-13,DS-Amsterdam-02,Beverages,BEV-02,95,83,354,0
2025-02-13,DS-Amsterdam-02,Beverages,BEV-03,75,89,292,0
2025-02-13,DS-Amsterdam-02,Beverages,BEV-04,85,89,327,0
2025-02-13,DS-Amsterdam-02,Beverages,BEV-05,81,84,331,0
2025-02-13,DS-Amsterdam-02,Beverages,BEV-06,79,72,310,0
2025-02-13,DS-Amsterdam-02,Snacks,SNA-01,70,62,96,0
2025-02-13,DS-Amsterdam-02,Snacks,SNA-02,65,52,96,0
2025-02-13,DS-Amsterdam-02,Snacks,SNA-03,75,56,111,0
2025-02-13,DS-Amsterdam-02,Snacks,SNA-04,119,88,185,1
2025-02-13,DS-Amsterdam-02,Snacks,SNA-05,66,50,101,0
2025-02-13,DS-Amsterdam-02,Snacks,SNA-06,67,52,95,0
2025-02-13,DS-Amsterdam-02,Household,HOU-01,24,30,97,0
2025-02-13,DS-Amsterdam-02,Household,HOU-02,38,30,111,0
2025-02-13,DS-Amsterdam-02,Household,HOU-03,27,28,108,0
2025-02-13,DS-Amsterdam-02,Household,HOU-04,59,59,236,1
2025-02-13,DS-Amsterdam-02,Household,HOU-05,34,29,111,0
2025-02-13,DS-Amsterdam-02,Household,HOU-06,33,36,97,0
2025-02-13,DS-Rotterdam-01,Fresh Produce,FRE-01,63,81,313,0
2025-02-13,DS-Rotterdam-01,Fresh Produce,FRE-02,60,72,298,0
2025-02-13,DS-Rotterdam-01,Fresh Produce,FRE-03,55,72,379,0
2025-02-13,DS-Rotterdam-01,Fresh Produce,FRE-04,61,70,357,0
2025-02-13,DS-Rotterdam-01,Fresh Produce,FRE-05,56,67,391,0
2025-02-13,DS-Rotterdam-01,Fresh Produce,FRE-06,45,64,316,0
2025-02-13,DS-Rotterdam-01,Dairy,DAI-01,36,42,148,0
2025-02-13,DS-Rotterdam-01,Dairy,DAI-02,39,51,156,0
2025-02-13,DS-Rotterdam-01,Dairy,DAI-03,39,43,148,0
2025-02-13,DS-Rotterdam-01,Dairy,DAI-04,50,47,158,0
2025-02-13,DS-Rotterdam-01,Dairy,DAI-05,41,54,154,0
2025-02-13,DS-Rotterdam-01,Dairy,DAI-06,43,42,139,0
2025-02-13,DS-Rotterdam-01,Beverages,BEV-01,58,66,217,0
2025-02-13,DS-Rotterdam-01,Beverages,BEV-02,64,78,241,0
2025-02-13,DS-Rotterdam-01,Beverages,BEV-03,72,88,288,0
2025-02-13,DS-Rotterdam-01,Beverages,BEV-04,61,57,208,0
2025-02-13,DS-Rotterdam-01,Beverages,BEV-05,76,71,217,0
2025-02-13,DS-Rotterdam-01,Beverages,BEV-06,84,71,283,0
2025-02-13,DS-Rotterdam-01,Snacks,SNA-01,72,46,126,0
2025-02-13,DS-Rotterdam-01,Snacks,SNA-02,71,68,103,0
2025-02-13,DS-Rotterdam-01,Snacks,SNA-03,61,48,84,0
2025-02-13,DS-Rotterdam-01,Snacks,SNA-04,69,50,91,0
2025-02-13,DS-Rotterdam-01,Snacks,SNA-05,59,60,85,0
2025-02-13,DS-Rotterdam-01,Snacks,SNA-06,77,52,137,0
2025-02-13,DS-Rotterdam-01,Household,HOU-01,27,22,103,0
2025-02-13,DS-Rotterdam-01,Household,HOU-02,25,25,85,0
2025-02-13,DS-Rotterdam-01,Household,HOU-03,33,28,124,0
2025-02-13,DS-Rotterdam-01,Household,HOU-04,31,33,97,0
2025-02-13,DS-Rotterdam-01,Household,HOU-05,25,28,76,0
2025-02-13,DS-Rotterdam-01,Household,HOU-06,28,26,93,0
2025-02-13,DS-Utrecht-01,Fresh Produce,FRE-01,55,71,354,0
2025-02-13,DS-Utrecht-01,Fresh Produce,FRE-02,57,61,403,0
2025-02-13,DS-Utrecht-01,Fresh Produce,FRE-03,65,66,412,0
2025-02-13,DS-Utrecht-01,Fresh Produce,FRE-04,63,52,324,0
2025-02-13,DS-Utrecht-01,Fresh Produce,FRE-05,50,74,254,0
2025-02-13,DS-Utrecht-01,Fresh Produce,FRE-06,47,61,303,0
2025-02-13,DS-Utrecht-01,Dairy,DAI-01,40,38,126,0
2025-02-13,DS-Utrecht-01,Dairy,DAI-02,39,32,114,0
2025-02-13,DS-Utrecht-01,Dairy,DAI-03,36,53,150,0
2025-02-13,DS-Utrecht-01,Dairy,DAI-04,43,46,161,0
2025-02-13,DS-Utrecht-01,Dairy,DAI-05,58,47,168,0
2025-02-13,DS-Utrecht-01,Dairy,DAI-06,74,82,299,1
2025-02-13,DS-Utrecht-01,Beverages,BEV-01,79,89,299,0
2025-02-13,DS-Utrecht-01,Beverages,BEV-02,92,81,322,0
2025-02-13,DS-Utrecht-01,Beverages,BEV-03,84,85,286,0
2025-02-13,DS-Utrecht-01,Beverages,BEV-04,79,80,272,0
2025-02-13,DS-Utrecht-01,Beverages,BEV-05,70,85,256,0
2025-02-13,DS-Utrecht-01,Beverages,BEV-06,74,80,265,0
2025-02-13,DS-Utrecht-01,Snacks,SNA-01,75,57,105,0
2025-02-13,DS-Utrecht-01,Snacks,SNA-02,59,57,101,0
2025-02-13,DS-Utrecht-01,Snacks,SNA-03,73,71,100,0
2025-02-13,DS-Utrecht-01,Snacks,SNA-04,63,57,83,0
2025-02-13,DS-Utrecht-01,Snacks,SNA-05,73,48,101,0
2025-02-13,DS-Utrecht-01,Snacks,SNA-06,132,104,234,1
2025-02-13,DS-Utrecht-01,Household,HOU-01,34,27,129,0
2025-02-13,DS-Utrecht-01,Household,HOU-02,31,39,102,0
2025-02-13,DS-Utrecht-01,Household,HOU-03,39,34,145,0
2025-02-13,DS-Utrecht-01,Household,HOU-04,31,32,99,0
2025-02-13,DS-Utrecht-01,Household,HOU-05,29,37,87,0
2025-02-13,DS-Utrecht-01,Household,HOU-06,24,30,75,0
2025-02-13,DS-TheHague-01,Fresh Produce,FRE-01,57,57,279,0
2025-02-13,DS-TheHague-01,Fresh Produce,FRE-02,50,61,298,0
2025-02-13,DS-TheHague-01,Fresh Produce,FRE-03,49,64,246,0
2025-02-13,DS-TheHague-01,Fresh Produce,FRE-04,53,46,364,0
2025-02-13,DS-TheHague-01,Fresh Produce,FRE-05,60,54,427,0
2025-02-13,DS-TheHague-01,Fresh Produce,FRE-06,63,74,376,0
2025-02-13,DS-TheHague-01,Dairy,DAI-01,78,76,236,1
2025-02-13,DS-TheHague-01,Dairy,DAI-02,49,37,160,0
2025-02-13,DS-TheHague-01,Dairy,DAI-03,33,47,97,0
2025-02-13,DS-TheHague-01,Dairy,DAI-04,63,47,256,0
2025-02-13,DS-TheHague-01,Dairy,DAI-05,51,41,149,0
2025-02-13,DS-TheHague-01,Dairy,DAI-06,38,41,128,0
2025-02-13,DS-TheHague-01,Beverages,BEV-01,80,78,258,0
2025-02-13,DS-TheHague-01,Beverages,BEV-02,71,66,234,0
2025-02-13,DS-TheHague-01,Beverages,BEV-03,78,68,306,0
2025-02-13,DS-TheHague-01,Beverages,BEV-04,63,80,200,0
2025-02-13,DS-TheHague-01,Beverages,BEV-05,69,73,259,0
2025-02-13,DS-TheHague-01,Beverages,BEV-06,69,52,276,0
2025-02-13,DS-TheHague-01,Snacks,SNA-01,69,51,121,0
2025-02-13,DS-TheHague-01,Snacks,SNA-02,72,50,129,0
2025-02-13,DS-TheHague-01,Snacks,SNA-03,71,52,116,0
2025-02-13,DS-TheHague-01,Snacks,SNA-04,64,49,113,0
2025-02-13,DS-TheHague-01,Snacks,SNA-05,56,61,100,0
2025-02-13,DS-TheHague-01,Snacks,SNA-06,60,52,79,0
2025-02-13,DS-TheHague-01,Household,HOU-01,26,32,85,0
2025-02-13,DS-TheHague-01,Household,HOU-02,31,27,120,0
2025-02-13,DS-TheHague-01,Household,HOU-03,36,28,134,0
2025-02-13,DS-TheHague-01,Household,HOU-04,20,27,57,0
2025-02-13,DS-TheHague-01,Household,HOU-05,31,23,127,0
2025-02-13,DS-TheHague-01,Household,HOU-06,29,23,109,0
2025-02-14,DS-Amsterdam-01,Fresh Produce,FRE-01,39,55,198,0
2025-02-14,DS-Amsterdam-01,Fresh Produce,FRE-02,71,98,397,1
2025-02-14,DS-Amsterdam-01,Fresh Produce,FRE-03,56,47,359,0
2025-02-14,DS-Amsterdam-01,Fresh Produce,FRE-04,58,45,336,0
2025-02-14,DS-Amsterdam-01,Fresh Produce,FRE-05,28,39,182,0
2025-02-14,DS-Amsterdam-01,Fresh Produce,FRE-06,44,48,237,0
2025-02-14,DS-Amsterdam-01,Dairy,DAI-01,37,28,134,0
2025-02-14,DS-Amsterdam-01,Dairy,DAI-02,38,37,144,0
2025-02-14,DS-Amsterdam-01,Dairy,DAI-03,38,35,124,0
2025-02-14,DS-Amsterdam-01,Dairy,DAI-04,30,36,105,0
2025-02-14,DS-Amsterdam-01,Dairy,DAI-05,29,42,108,0
2025-02-14,DS-Amsterdam-01,Dairy,DAI-06,27,30,107,0
2025-02-14,DS-Amsterdam-01,Beverages,BEV-01,51,62,204,0
2025-02-14,DS-Amsterdam-01,Beverages,BEV-02,52,62,203,0
2025-02-14,DS-Amsterdam-01,Beverages,BEV-03,50,70,171,0
2025-02-14,DS-Amsterdam-01,Beverages,BEV-04,58,59,171,0
2025-02-14,DS-Amsterdam-01,Beverages,BEV-05,54,62,167,0
2025-02-14,DS-Amsterdam-01,Beverages,BEV-06,65,57,215,0
2025-02-14,DS-Amsterdam-01,Snacks,SNA-01,57,43,83,0
2025-02-14,DS-Amsterdam-01,Snacks,SNA-02,96,77,153,1
2025-02-14,DS-Amsterdam-01,Snacks,SNA-03,54,37,95,0
2025-02-14,DS-Amsterdam-01,Snacks,SNA-04,54,34,74,0
2025-02-14,DS-Amsterdam-01,Snacks,SNA-05,59,37,87,0
2025-02-14,DS-Amsterdam-01,Snacks,SNA-06,49,41,63,0
2025-02-14,DS-Amsterdam-01,Household,HOU-01,23,23,75,0
2025-02-14,DS-Amsterdam-01,Household,HOU-02,27,18,106,0
2025-02-14,DS-Amsterdam-01,Household,HOU-03,44,44,184,1
2025-02-14,DS-Amsterdam-01,Household,HOU-04,23,22,67,0
2025-02-14,DS-Amsterdam-01,Household,HOU-05,20,22,63,0
2025-02-14,DS-Amsterdam-01,Household,HOU-06,19,26,66,0
2025-02-14,DS-Amsterdam-02,Fresh Produce,FRE-01,53,59,373,0
2025-02-14,DS-Amsterdam-02,Fresh Produce,FRE-02,60,62,429,0
2025-02-14,DS-Amsterdam-02,Fresh Produce,FRE-03,51,66,349,0
2025-02-14,DS-Amsterdam-02,Fresh Produce,FRE-04,57,69,278,0
2025-02-14,DS-Amsterdam-02,Fresh Produce,FRE-05,52,50,278,0
2025-02-14,DS-Amsterdam-02,Fresh Produce,FRE-06,48,73,338,0
2025-02-14,DS-Amsterdam-02,Dairy,DAI-01,51,35,190,0
2025-02-14,DS-Amsterdam-02,Dairy,DAI-02,36,39,137,0
2025-02-14,DS-Amsterdam-02,Dairy,DAI-03,68,62,277,1
2025-02-14,DS-Amsterdam-02,Dairy,DAI-04,37,33,114,0
2025-02-14,DS-Amsterdam-02,Dairy,DAI-05,39,35,130,0
2025-02-14,DS-Amsterdam-02,Dairy,DAI-06,41,38,122,0
2025-02-14,DS-Amsterdam-02,Beverages,BEV-01,77,61,235,0
2025-02-14,DS-Amsterdam-02,Beverages,BEV-02,67,72,256,0
2025-02-14,DS-Amsterdam-02,Beverages,BEV-03,64,56,196,0
2025-02-14,DS-Amsterdam-02,Beverages,BEV-04,74,78,309,0
2025-02-14,DS-Amsterdam-02,Beverages,BEV-05,75,73,270,0
2025-02-14,DS-Amsterdam-02,Beverages,BEV-06,72,53,288,0
2025-02-14,DS-Amsterdam-02,Snacks,SNA-01,54,43,66,0
2025-02-14,DS-Amsterdam-02,Snacks,SNA-02,67,55,85,0
2025-02-14,DS-Amsterdam-02,Snacks,SNA-03,56,53,86,0
2025-02-14,DS-Amsterdam-02,Snacks,SNA-04,69,60,113,0
2025-02-14,DS-Amsterdam-02,Snacks,SNA-05,55,59,78,0
2025-02-14,DS-Amsterdam-02,Snacks,SNA-06,59,58,77,0
2025-02-14,DS-Amsterdam-02,Household,HOU-01,24,31,68,0
2025-02-14,DS-Amsterdam-02,Household,HOU-02,31,25,92,0
2025-02-14,DS-Amsterdam-02,Household,HOU-03,32,31,118,0
2025-02-14,DS-Amsterdam-02,Household,HOU-04,23,26,80,0
2025-02-14,DS-Amsterdam-02,Household,HOU-05,48,61,141,1
2025-02-14,DS-Amsterdam-02,Household,HOU-06,31,27,121,0
2025-02-14,DS-Rotterdam-01,Fresh Produce,FRE-01,36,45,242,0
2025-02-14,DS-Rotterdam-01,Fresh Produce,FRE-02,45,52,228,0
2025-02-14,DS-Rotterdam-01,Fresh Produce,FRE-03,30,39,210,0
2025-02-14,DS-Rotterdam-01,Fresh Produce,FRE-04,43,52,307,0
2025-02-14,DS-Rotterdam-01,Fresh Produce,FRE-05,40,46,281,0
2025-02-14,DS-Rotterdam-01,Fresh Produce,FRE-06,38,41,229,0
2025-02-14,DS-Rotterdam-01,Dairy,DAI-01,25,28,96,0
2025-02-14,DS-Rotterdam-01,Dairy,DAI-02,31,28,101,0
2025-02-14,DS-Rotterdam-01,Dairy,DAI-03,36,38,113,0
2025-02-14,DS-Rotterdam-01,Dairy,DAI-04,28,29,109,0
2025-02-14,DS-Rotterdam-01,Dairy,DAI-05,32,33,132,0
2025-02-14,DS-Rotterdam-01,Dairy,DAI-06,35,25,145,0
2025-02-14,DS-Rotterdam-01,Beverages,BEV-01,56,54,216,0
2025-02-14,DS-Rotterdam-01,Beverages,BEV-02,50,49,142,0
2025-02-14,DS-Rotterdam-01,Beverages,BEV-03,63,41,183,0
2025-02-14,DS-Rotterdam-01,Beverages,BEV-04,69,50,215,0
2025-02-14,DS-Rotterdam-01,Beverages,BEV-05,65,46,263,0
2025-02-14,DS-Rotterdam-01,Beverages,BEV-06,61,47,241,0
2025-02-14,DS-Rotterdam-01,Snacks,SNA-01,91,76,131,1
2025-02-14,DS-Rotterdam-01,Snacks,SNA-02,58,39,90,0
2025-02-14,DS-Rotterdam-01,Snacks,SNA-03,40,49,48,0
2025-02-14,DS-Rotterdam-01,Snacks,SNA-04,45,40,80,0
2025-02-14,DS-Rotterdam-01,Snacks,SNA-05,51,40,67,0
2025-02-14,DS-Rotterdam-01,Snacks,SNA-06,46,41,75,0
2025-02-14,DS-Rotterdam-01,Household,HOU-01,42,35,123,1
2025-02-14,DS-Rotterdam-01,Household,HOU-02,21,23,64,0
2025-02-14,DS-Rotterdam-01,Household,HOU-03,23,25,67,0
2025-02-14,DS-Rotterdam-01,Household,HOU-04,18,17,53,0
2025-02-14,DS-Rotterdam-01,Household,HOU-05,27,20,91,0
2025-02-14,DS-Rotterdam-01,Household,HOU-06,23,22,88,0
2025-02-14,DS-Utrecht-01,Fresh Produce,FRE-01,57,60,280,0
2025-02-14,DS-Utrecht-01,Fresh Produce,FRE-02,98,99,603,1
2025-02-14,DS-Utrecht-01,Fresh Produce,FRE-03,54,62,304,0
2025-02-14,DS-Utrecht-01,Fresh Produce,FRE-04,68,67,352,0
2025-02-14,DS-Utrecht-01,Fresh Produce,FRE-05,46,74,233,0
2025-02-14,DS-Utrecht-01,Fresh Produce,FRE-06,59,57,326,0
2025-02-14,DS-Utrecht-01,Dairy,DAI-01,43,38,125,0
2025-02-14,DS-Utrecht-01,Dairy,DAI-02,46,36,162,0
2025-02-14,DS-Utrecht-01,Dairy,DAI-03,45,45,175,0
2025-02-14,DS-Utrecht-01,Dairy,DAI-04,43,48,146,0
2025-02-14,DS-Utrecht-01,Dairy,DAI-05,50,41,178,0
2025-02-14,DS-Utrecht-01,Dairy,DAI-06,42,42,132,0
2025-02-14,DS-Utrecht-01,Beverages,BEV-01,68,66,263,0
2025-02-14,DS-Utrecht-01,Beverages,BEV-02,62,82,185,0
2025-02-14,DS-Utrecht-01,Beverages,BEV-03,76,77,228,0
2025-02-14,DS-Utrecht-01,Beverages,BEV-04,64,78,210,0
2025-02-14,DS-Utrecht-01,Beverages,BEV-05,74,81,216,0
2025-02-14,DS-Utrecht-01,Beverages,BEV-06,81,91,313,0
2025-02-14,DS-Utrecht-01,Snacks,SNA-01,49,37,72,0
2025-02-14,DS-Utrecht-01,Snacks,SNA-02,64,60,87,0
2025-02-14,DS-Utrecht-01,Snacks,SNA-03,68,63,92,0
2025-02-14,DS-Utrecht-01,Snacks,SNA-04,59,54,81,0
2025-02-14,DS-Utrecht-01,Snacks,SNA-05,71,59,112,0
2025-02-14,DS-Utrecht-01,Snacks,SNA-06,45,48,74,0
2025-02-14,DS-Utrecht-01,Household,HOU-01,21,25,59,0
2025-02-14,DS-Utrecht-01,Household,HOU-02,19,30,54,0
2025-02-14,DS-Utrecht-01,Household,HOU-03,35,28,99,0
2025-02-14,DS-Utrecht-01,Household,HOU-04,22,31,85,0
2025-02-14,DS-Utrecht-01,Household,HOU-05,34,33,99,0
2025-02-14,DS-Utrecht-01,Household,HOU-06,34,33,121,0
2025-02-14,DS-TheHague-01,Fresh Produce,FRE-01,72,65,489,0
2025-02-14,DS-TheHague-01,Fresh Produce,FRE-02,60,67,384,0
2025-02-14,DS-TheHague-01,Fresh Produce,FRE-03,52,72,332,0
2025-02-14,DS-TheHague-01,Fresh Produce,FRE-04,59,72,356,0
2025-02-14,DS-TheHague-01,Fresh Produce,FRE-05,48,62,310,0
2025-02-14,DS-TheHague-01,Fresh Produce,FRE-06,54,72,332,0
2025-02-14,DS-TheHague-01,Dairy,DAI-01,44,49,147,0
2025-02-14,DS-TheHague-01,Dairy,DAI-02,47,51,172,0
2025-02-14,DS-TheHague-01,Dairy,DAI-03,36,43,149,0
2025-02-14,DS-TheHague-01,Dairy,DAI-04,37,48,130,0
2025-02-14,DS-TheHague-01,Dairy,DAI-05,47,38,147,0
2025-02-14,DS-TheHague-01,Dairy,DAI-06,43,48,122,0
2025-02-14,DS-TheHague-01,Beverages,BEV-01,77,88,263,0
2025-02-14,DS-TheHague-01,Beverages,BEV-02,83,87,320,0
2025-02-14,DS-TheHague-01,Beverages,BEV-03,84,73,253,0
2025-02-14,DS-TheHague-01,Beverages,BEV-04,72,87,266,0
2025-02-14,DS-TheHague-01,Beverages,BEV-05,99,84,304,0
2025-02-14,DS-TheHague-01,Beverages,BEV-06,77,94,277,0
2025-02-14,DS-TheHague-01,Snacks,SNA-01,73,60,122,0
2025-02-14,DS-TheHague-01,Snacks,SNA-02,61,73,74,0
2025-02-14,DS-TheHague-01,Snacks,SNA-03,63,49,91,0
2025-02-14,DS-TheHague-01,Snacks,SNA-04,54,64,93,0
2025-02-14,DS-TheHague-01,Snacks,SNA-05,78,67,123,0
2025-02-14,DS-TheHague-01,Snacks,SNA-06,75,47,92,0
2025-02-14,DS-TheHague-01,Household,HOU-01,38,33,132,0
2025-02-14,DS-TheHague-01,Household,HOU-02,33,37,137,0
2025-02-14,DS-TheHague-01,Household,HOU-03,20,35,66,0
2025-02-14,DS-TheHague-01,Household,HOU-04,31,36,89,0
2025-02-14,DS-TheHague-01,Household,HOU-05,28,35,99,0
2025-02-14,DS-TheHague-01,Household,HOU-06,31,29,99,0
2025-02-15,DS-Amsterdam-01,Fresh Produce,FRE-01,71,91,426,0
2025-02-15,DS-Amsterdam-01,Fresh Produce,FRE-02,79,98,449,0
2025-02-15,DS-Amsterdam-01,Fresh Produce,FRE-03,91,79,441,0
2025-02-15,DS-Amsterdam-01,Fresh Produce,FRE-04,69,83,345,0
2025-02-15,DS-Amsterdam-01,Fresh Produce,FRE-05,81,98,405,0
2025-02-15,DS-Amsterdam-01,Fresh Produce,FRE-06,76,90,512,0
2025-02-15,DS-Amsterdam-01,Dairy,DAI-01,57,67,182,0
2025-02-15,DS-Amsterdam-01,Dairy,DAI-02,49,69,144,0
2025-02-15,DS-Amsterdam-01,Dairy,DAI-03,49,59,181,0
2025-02-15,DS-Amsterdam-01,Dairy,DAI-04,44,61,131,0
2025-02-15,DS-Amsterdam-01,Dairy,DAI-05,54,73,159,0
2025-02-15,DS-Amsterdam-01,Dairy,DAI-06,52,73,165,0
2025-02-15,DS-Amsterdam-01,Beverages,BEV-01,105,118,317,0
2025-02-15,DS-Amsterdam-01,Beverages,BEV-02,118,100,353,0
2025-02-15,DS-Amsterdam-01,Beverages,BEV-03,113,93,344,0
2025-02-15,DS-Amsterdam-01,Beverages,BEV-04,79,99,267,0
2025-02-15,DS-Amsterdam-01,Beverages,BEV-05,99,108,319,0
2025-02-15,DS-Amsterdam-01,Beverages,BEV-06,113,114,327,0
2025-02-15,DS-Amsterdam-01,Snacks,SNA-01,75,72,133,0
2025-02-15,DS-Amsterdam-01,Snacks,SNA-02,95,83,122,0
2025-02-15,DS-Amsterdam-01,Snacks,SNA-03,82,76,115,0
2025-02-15,DS-Amsterdam-01,Snacks,SNA-04,101,77,125,0
2025-02-15,DS-Amsterdam-01,Snacks,SNA-05,86,84,124,0
2025-02-15,DS-Amsterdam-01,Snacks,SNA-06,91,90,145,0
2025-02-15,DS-Amsterdam-01,Household,HOU-01,29,52,98,0
2025-02-15,DS-Amsterdam-01,Household,HOU-02,49,51,187,0
2025-02-15,DS-Amsterdam-01,Household,HOU-03,78,65,284,1
2025-02-15,DS-Amsterdam-01,Household,HOU-04,50,39,192,0
2025-02-15,DS-Amsterdam-01,Household,HOU-05,33,36,133,0
2025-02-15,DS-Amsterdam-01,Household,HOU-06,50,34,193,0
2025-02-15,DS-Amsterdam-02,Fresh Produce,FRE-01,66,103,382,0
2025-02-15,DS-Amsterdam-02,Fresh Produce,FRE-02,58,88,308,0
2025-02-15,DS-Amsterdam-02,Fresh Produce,FRE-03,87,98,620,0
2025-02-15,DS-Amsterdam-02,Fresh Produce,FRE-04,69,82,376,0
2025-02-15,DS-Amsterdam-02,Fresh Produce,FRE-05,66,76,392,0
2025-02-15,DS-Amsterdam-02,Fresh Produce,FRE-06,72,77,365,0
2025-02-15,DS-Amsterdam-02,Dairy,DAI-01,50,53,142,0
2025-02-15,DS-Amsterdam-02,Dairy,DAI-02,46,60,168,0
2025-02-15,DS-Amsterdam-02,Dairy,DAI-03,60,57,236,0
2025-02-15,DS-Amsterdam-02,Dairy,DAI-04,55,68,212,0
2025-02-15,DS-Amsterdam-02,Dairy,DAI-05,103,77,408,1
2025-02-15,DS-Amsterdam-02,Dairy,DAI-06,46,60,192,0
2025-02-15,DS-Amsterdam-02,Beverages,BEV-01,109,105,457,0
2025-02-15,DS-Amsterdam-02,Beverages,BEV-02,89,115,318,0
2025-02-15,DS-Amsterdam-02,Beverages,BEV-03,97,105,360,0
2025-02-15,DS-Amsterdam-02,Beverages,BEV-04,97,73,296,0
2025-02-15,DS-Amsterdam-02,Beverages,BEV-05,103,105,313,0
2025-02-15,DS-Amsterdam-02,Beverages,BEV-06,166,183,592,1
2025-02-15,DS-Amsterdam-02,Snacks,SNA-01,73,57,100,0
2025-02-15,DS-Amsterdam-02,Snacks,SNA-02,158,158,220,1
2025-02-15,DS-Amsterdam-02,Snacks,SNA-03,82,70,119,0
2025-02-15,DS-Amsterdam-02,Snacks,SNA-04,104,65,162,0
2025-02-15,DS-Amsterdam-02,Snacks,SNA-05,100,70,163,0
2025-02-15,DS-Amsterdam-02,Snacks,SNA-06,67,67,80,0
2025-02-15,DS-Amsterdam-02,Household,HOU-01,45,40,156,0
2025-02-15,DS-Amsterdam-02,Household,HOU-02,25,47,83,0
2025-02-15,DS-Amsterdam-02,Household,HOU-03,50,35,165,0
2025-02-15,DS-Amsterdam-02,Household,HOU-04,41,26,145,0
2025-02-15,DS-Amsterdam-02,Household,HOU-05,34,28,142,0
2025-02-15,DS-Amsterdam-02,Household,HOU-06,23,42,83,0
2025-02-15,DS-Rotterdam-01,Fresh Produce,FRE-01,128,153,865,1
2025-02-15,DS-Rotterdam-01,Fresh Produce,FRE-02,69,106,485,0
2025-02-15,DS-Rotterdam-01,Fresh Produce,FRE-03,74,87,485,0
2025-02-15,DS-Rotterdam-01,Fresh Produce,FRE-04,77,94,514,0
2025-02-15,DS-Rotterdam-01,Fresh Produce,FRE-05,85,91,496,0
2025-02-15,DS-Rotterdam-01,Fresh Produce,FRE-06,77,84,458,0
2025-02-15,DS-Rotterdam-01,Dairy,DAI-01,58,51,179,0
2025-02-15,DS-Rotterdam-01,Dairy,DAI-02,70,55,222,0
2025-02-15,DS-Rotterdam-01,Dairy,DAI-03,55,66,196,0
2025-02-15,DS-Rotterdam-01,Dairy,DAI-04,53,62,198,0
2025-02-15,DS-Rotterdam-01,Dairy,DAI-05,66,67,272,0
2025-02-15,DS-Rotterdam-01,Dairy,DAI-06,57,65,201,0
2025-02-15,DS-Rotterdam-01,Beverages,BEV-01,88,101,341,0
2025-02-15,DS-Rotterdam-01,Beverages,BEV-02,75,91,228,0
2025-02-15,DS-Rotterdam-01,Beverages,BEV-03,176,177,625,1
2025-02-15,DS-Rotterdam-01,Beverages,BEV-04,117,124,422,0
2025-02-15,DS-Rotterdam-01,Beverages,BEV-05,126,112,500,0
2025-02-15,DS-Rotterdam-01,Beverages,BEV-06,92,124,371,0
2025-02-15,DS-Rotterdam-01,Snacks,SNA-01,155,133,264,1
2025-02-15,DS-Rotterdam-01,Snacks,SNA-02,89,85,155,0
2025-02-15,DS-Rotterdam-01,Snacks,SNA-03,88,83,131,0
2025-02-15,DS-Rotterdam-01,Snacks,SNA-04,83,73,148,0
2025-02-15,DS-Rotterdam-01,Snacks,SNA-05,102,78,157,0
2025-02-15,DS-Rotterdam-01,Snacks,SNA-06,91,71,129,0
2025-02-15,DS-Rotterdam-01,Household,HOU-01,68,79,194,1
2025-02-15,DS-Rotterdam-01,Household,HOU-02,44,44,163,0
2025-02-15,DS-Rotterdam-01,Household,HOU-03,37,38,148,0
2025-02-15,DS-Rotterdam-01,Household,HOU-04,35,45,110,0
2025-02-15,DS-Rotterdam-01,Household,HOU-05,38,53,125,0
2025-02-15,DS-Rotterdam-01,Household,HOU-06,63,42,195,0
2025-02-15,DS-Utrecht-01,Fresh Produce,FRE-01,66,62,447,0
2025-02-15,DS-Utrecht-01,Fresh Produce,FRE-02,54,64,381,0
2025-02-15,DS-Utrecht-01,Fresh Produce,FRE-03,45,72,229,0
2025-02-15,DS-Utrecht-01,Fresh Produce,FRE-04,98,110,569,1
2025-02-15,DS-Utrecht-01,Fresh Produce,FRE-05,94,114,465,1
2025-02-15,DS-Utrecht-01,Fresh Produce,FRE-06,50,54,266,0
2025-02-15,DS-Utrecht-01,Dairy,DAI-01,41,39,164,0
2025-02-15,DS-Utrecht-01,Dairy,DAI-02,49,38,146,0
2025-02-15,DS-Utrecht-01,Dairy,DAI-03,35,47,109,0
2025-02-15,DS-Utrecht-01,Dairy,DAI-04,42,47,131,0
2025-02-15,DS-Utrecht-01,Dairy,DAI-05,45,39,151,0
2025-02-15,DS-Utrecht-01,Dairy,DAI-06,30,43,104,0
2025-02-15,DS-Utrecht-01,Beverages,BEV-01,59,80,198,0
2025-02-15,DS-Utrecht-01,Beverages,BEV-02,78,86,275,0
2025-02-15,DS-Utrecht-01,Beverages,BEV-03,64,75,238,0
2025-02-15,DS-Utrecht-01,Beverages,BEV-04,67,76,260,0
2025-02-15,DS-Utrecht-01,Beverages,BEV-05,75,70,276,0
2025-02-15,DS-Utrecht-01,Beverages,BEV-06,64,65,246,0
2025-02-15,DS-Utrecht-01,Snacks,SNA-01,64,50,106,0
2025-02-15,DS-Utrecht-01,Snacks,SNA-02,69,44,98,0
2025-02-15,DS-Utrecht-01,Snacks,SNA-03,101,86,139,1
2025-02-15,DS-Utrecht-01,Snacks,SNA-04,50,60,83,0
2025-02-15,DS-Utrecht-01,Snacks,SNA-05,71,44,113,0
2025-02-15,DS-Utrecht-01,Snacks,SNA-06,61,49,92,0
2025-02-15,DS-Utrecht-01,Household,HOU-01,36,29,110,0
2025-02-15,DS-Utrecht-01,Household,HOU-02,31,28,122,0
2025-02-15,DS-Utrecht-01,Household,HOU-03,21,29,72,0
2025-02-15,DS-Utrecht-01,Household,HOU-04,27,24,96,0
2025-02-15,DS-Utrecht-01,Household,HOU-05,53,40,164,1
2025-02-15,DS-Utrecht-01,Household,HOU-06,31,32,100,0
2025-02-15,DS-TheHague-01,Fresh Produce,FRE-01,81,90,498,0
2025-02-15,DS-TheHague-01,Fresh Produce,FRE-02,65,76,465,0
2025-02-15,DS-TheHague-01,Fresh Produce,FRE-03,71,73,506,0
2025-02-15,DS-TheHague-01,Fresh Produce,FRE-04,75,73,403,0
2025-02-15,DS-TheHague-01,Fresh Produce,FRE-05,71,94,383,0
2025-02-15,DS-TheHague-01,Fresh Produce,FRE-06,130,174,851,1
2025-02-15,DS-TheHague-01,Dairy,DAI-01,61,67,246,0
2025-02-15,DS-TheHague-01,Dairy,DAI-02,60,44,245,0
2025-02-15,DS-TheHague-01,Dairy,DAI-03,63,61,236,0
2025-02-15,DS-TheHague-01,Dairy,DAI-04,67,42,218,0
2025-02-15,DS-TheHague-01,Dairy,DAI-05,52,64,187,0
2025-02-15,DS-TheHague-01,Dairy,DAI-06,40,50,134,0
2025-02-15,DS-TheHague-01,Beverages,BEV-01,96,96,275,0
2025-02-15,DS-TheHague-01,Beverages,BEV-02,101,85,363,0
2025-02-15,DS-TheHague-01,Beverages,BEV-03,101,133,288,0
2025-02-15,DS-TheHague-01,Beverages,BEV-04,111,81,363,0
2025-02-15,DS-TheHague-01,Beverages,BEV-05,104,95,347,0
2025-02-15,DS-TheHague-01,Beverages,BEV-06,103,94,406,0
2025-02-15,DS-TheHague-01,Snacks,SNA-01,89,70,122,0
2025-02-15,DS-TheHague-01,Snacks,SNA-02,78,69,118,0
2025-02-15,DS-TheHague-01,Snacks,SNA-03,75,69,116,0
2025-02-15,DS-TheHague-01,Snacks,SNA-04,78,70,131,0
2025-02-15,DS-TheHague-01,Snacks,SNA-05,86,62,140,0
2025-02-15,DS-TheHague-01,Snacks,SNA-06,85,76,112,0
2025-02-15,DS-TheHague-01,Household,HOU-01,48,41,139,0
2025-02-15,DS-TheHague-01,Household,HOU-02,38,38,134,0
2025-02-15,DS-TheHague-01,Household,HOU-03,39,34,125,0
2025-02-15,DS-TheHague-01,Household,HOU-04,38,38,129,0
2025-02-15,DS-TheHague-01,Household,HOU-05,69,70,222,1
2025-02-15,DS-TheHague-01,Household,HOU-06,54,48,217,0
2025-02-16,DS-Amsterdam-01,Fresh Produce,FRE-01,70,74,385,0
2025-02-16,DS-Amsterdam-01,Fresh Produce,FRE-02,77,98,485,0
2025-02-16,DS-Amsterdam-01,Fresh Produce,FRE-03,91,66,454,0
2025-02-16,DS-Amsterdam-01,Fresh Produce,FRE-04,137,131,730,1
2025-02-16,DS-Amsterdam-01,Fresh Produce,FRE-05,86,81,527,0
2025-02-16,DS-Amsterdam-01,Fresh Produce,FRE-06,71,89,386,0
2025-02-16,DS-Amsterdam-01,Dairy,DAI-01,105,102,362,1
2025-02-16,DS-Amsterdam-01,Dairy,DAI-02,57,57,176,0
2025-02-16,DS-Amsterdam-01,Dairy,DAI-03,47,66,166,0
2025-02-16,DS-Amsterdam-01,Dairy,DAI-04,44,42,153,0
2025-02-16,DS-Amsterdam-01,Dairy,DAI-05,55,59,199,0
2025-02-16,DS-Amsterdam-01,Dairy,DAI-06,57,41,211,0
2025-02-16,DS-Amsterdam-01,Beverages,BEV-01,95,84,374,0
2025-02-16,DS-Amsterdam-01,Beverages,BEV-02,165,165,465,1
2025-02-16,DS-Amsterdam-01,Beverages,BEV-03,80,83,331,0
2025-02-16,DS-Amsterdam-01,Beverages,BEV-04,157,167,544,1
2025-02-16,DS-Amsterdam-01,Beverages,BEV-05,100,90,351,0
2025-02-16,DS-Amsterdam-01,Beverages,BEV-06,86,89,309,0
2025-02-16,DS-Amsterdam-01,Snacks,SNA-01,96,61,146,0
2025-02-16,DS-Amsterdam-01,Snacks,SNA-02,89,70,110,0
2025-02-16,DS-Amsterdam-01,Snacks,SNA-03,87,83,122,0
2025-02-16,DS-Amsterdam-01,Snacks,SNA-04,84,73,130,0
2025-02-16,DS-Amsterdam-01,Snacks,SNA-05,96,69,129,0
2025-02-16,DS-Amsterdam-01,Snacks,SNA-06,84,86,137,0
2025-02-16,DS-Amsterdam-01,Household,HOU-01,39,44,154,0
2025-02-16,DS-Amsterdam-01,Household,HOU-02,35,46,109,0
2025-02-16,DS-Amsterdam-01,Household,HOU-03,46,44,171,0
2025-02-16,DS-Amsterdam-01,Household,HOU-04,42,36,121,0
2025-02-16,DS-Amsterdam-01,Household,HOU-05,38,32,141,0
2025-02-16,DS-Amsterdam-01,Household,HOU-06,37,36,104,0
2025-02-16,DS-Amsterdam-02,Fresh Produce,FRE-01,63,64,376,0
2025-02-16,DS-Amsterdam-02,Fresh Produce,FRE-02,59,69,412,0
2025-02-16,DS-Amsterdam-02,Fresh Produce,FRE-03,57,66,348,0
2025-02-16,DS-Amsterdam-02,Fresh Produce,FRE-04,81,82,512,1
2025-02-16,DS-Amsterdam-02,Fresh Produce,FRE-05,64,46,425,0
2025-02-16,DS-Amsterdam-02,Fresh Produce,FRE-06,44,54,256,0
2025-02-16,DS-Amsterdam-02,Dairy,DAI-01,57,43,195,0
2025-02-16,DS-Amsterdam-02,Dairy,DAI-02,38,46,158,0
2025-02-16,DS-Amsterdam-02,Dairy,DAI-03,44,36,161,0
2025-02-16,DS-Amsterdam-02,Dairy,DAI-04,44,39,135,0
2025-02-16,DS-Amsterdam-02,Dairy,DAI-05,46,43,150,0
2025-02-16,DS-Amsterdam-02,Dairy,DAI-06,50,41,163,0
2025-02-16,DS-Amsterdam-02,Beverages,BEV-01,79,69,241,0
2025-02-16,DS-Amsterdam-02,Beverages,BEV-02,135,145,417,1
2025-02-16,DS-Amsterdam-02,Beverages,BEV-03,138,136,550,1
2025-02-16,DS-Amsterdam-02,Beverages,BEV-04,79,81,279,0
2025-02-16,DS-Amsterdam-02,Beverages,BEV-05,76,54,246,0
2025-02-16,DS-Amsterdam-02,Beverages,BEV-06,71,76,230,0
2025-02-16,DS-Amsterdam-02,Snacks,SNA-01,59,55,85,0
2025-02-16,DS-Amsterdam-02,Snacks,SNA-02,63,51,113,0
2025-02-16,DS-Amsterdam-02,Snacks,SNA-03,82,62,113,0
2025-02-16,DS-Amsterdam-02,Snacks,SNA-04,66,46,118,0
2025-02-16,DS-Amsterdam-02,Snacks,SNA-05,121,65,166,1
2025-02-16,DS-Amsterdam-02,Snacks,SNA-06,99,94,151,1
2025-02-16,DS-Amsterdam-02,Household,HOU-01,53,44,200,1
2025-02-16,DS-Amsterdam-02,Household,HOU-02,22,25,70,0
2025-02-16,DS-Amsterdam-02,Household,HOU-03,60,65,220,1
2025-02-16,DS-Amsterdam-02,Household,HOU-04,32,31,122,0
2025-02-16,DS-Amsterdam-02,Household,HOU-05,26,29,103,0
2025-02-16,DS-Amsterdam-02,Household,HOU-06,29,26,104,0
2025-02-16,DS-Rotterdam-01,Fresh Produce,FRE-01,74,67,526,0
2025-02-16,DS-Rotterdam-01,Fresh Produce,FRE-02,80,159,525,1
2025-02-16,DS-Rotterdam-01,Fresh Produce,FRE-03,53,50,282,0
2025-02-16,DS-Rotterdam-01,Fresh Produce,FRE-04,50,64,258,0
2025-02-16,DS-Rotterdam-01,Fresh Produce,FRE-05,57,63,315,0
2025-02-16,DS-Rotterdam-01,Fresh Produce,FRE-06,63,75,311,0
2025-02-16,DS-Rotterdam-01,Dairy,DAI-01,40,60,112,0
2025-02-16,DS-Rotterdam-01,Dairy,DAI-02,41,56,144,0
2025-02-16,DS-Rotterdam-01,Dairy,DAI-03,57,32,164,0
2025-02-16,DS-Rotterdam-01,Dairy,DAI-04,53,36,215,0
2025-02-16,DS-Rotterdam-01,Dairy,DAI-05,50,51,145,0
2025-02-16,DS-Rotterdam-01,Dairy,DAI-06,81,80,329,1
2025-02-16,DS-Rotterdam-01,Beverages,BEV-01,86,80,271,0
2025-02-16,DS-Rotterdam-01,Beverages,BEV-02,80,87,332,0
2025-02-16,DS-Rotterdam-01,Beverages,BEV-03,104,81,385,0
2025-02-16,DS-Rotterdam-01,Beverages,BEV-04,86,79,248,0
2025-02-16,DS-Rotterdam-01,Beverages,BEV-05,87,80,291,0
2025-02-16,DS-Rotterdam-01,Beverages,BEV-06,80,65,294,0
2025-02-16,DS-Rotterdam-01,Snacks,SNA-01,80,62,138,0
2025-02-16,DS-Rotterdam-01,Snacks,SNA-02,51,48,66,0
2025-02-16,DS-Rotterdam-01,Snacks,SNA-03,65,53,84,0
2025-02-16,DS-Rotterdam-01,Snacks,SNA-04,75,50,112,0
2025-02-16,DS-Rotterdam-01,Snacks,SNA-05,134,136,227,1
2025-02-16,DS-Rotterdam-01,Snacks,SNA-06,139,97,214,1
2025-02-16,DS-Rotterdam-01,Household,HOU-01,36,33,140,0
2025-02-16,DS-Rotterdam-01,Household,HOU-02,46,33,191,0
2025-02-16,DS-Rotterdam-01,Household,HOU-03,68,41,247,1
2025-02-16,DS-Rotterdam-01,Household,HOU-04,35,27,115,0
2025-02-16,DS-Rotterdam-01,Household,HOU-05,24,38,72,0
2025-02-16,DS-Rotterdam-01,Household,HOU-06,39,36,110,0
2025-02-16,DS-Utrecht-01,Fresh Produce,FRE-01,38,59,204,0
2025-02-16,DS-Utrecht-01,Fresh Produce,FRE-02,67,57,406,0
2025-02-16,DS-Utrecht-01,Fresh Produce,FRE-03,50,66,255,0
2025-02-16,DS-Utrecht-01,Fresh Produce,FRE-04,104,114,702,1
2025-02-16,DS-Utrecht-01,Fresh Produce,FRE-05,49,74,274,0
2025-02-16,DS-Utrecht-01,Fresh Produce,FRE-06,48,54,240,0
2025-02-16,DS-Utrecht-01,Dairy,DAI-01,32,32,120,0
2025-02-16,DS-Utrecht-01,Dairy,DAI-02,56,31,201,0
2025-02-16,DS-Utrecht-01,Dairy,DAI-03,44,44,156,0
2025-02-16,DS-Utrecht-01,Dairy,DAI-04,52,34,217,0
2025-02-16,DS-Utrecht-01,Dairy,DAI-05,51,41,213,0
2025-02-16,DS-Utrecht-01,Dairy,DAI-06,36,42,104,0
2025-02-16,DS-Utrecht-01,Beverages,BEV-01,124,129,413,1
2025-02-16,DS-Utrecht-01,Beverages,BEV-02,86,79,250,0
2025-02-16,DS-Utrecht-01,Beverages,BEV-03,71,75,235,0
2025-02-16,DS-Utrecht-01,Beverages,BEV-04,75,59,219,0
2025-02-16,DS-Utrecht-01,Beverages,BEV-05,112,118,339,1
2025-02-16,DS-Utrecht-01,Beverages,BEV-06,83,70,332,0
2025-02-16,DS-Utrecht-01,Snacks,SNA-01,60,54,90,0
2025-02-16,DS-Utrecht-01,Snacks,SNA-02,57,43,74,0
2025-02-16,DS-Utrecht-01,Snacks,SNA-03,70,47,90,0
2025-02-16,DS-Utrecht-01,Snacks,SNA-04,54,58,67,0
2025-02-16,DS-Utrecht-01,Snacks,SNA-05,122,88,216,1
2025-02-16,DS-Utrecht-01,Snacks,SNA-06,60,57,101,0
2025-02-16,DS-Utrecht-01,Household,HOU-01,21,27,66,0
2025-02-16,DS-Utrecht-01,Household,HOU-02,24,28,90,0
2025-02-16,DS-Utrecht-01,Household,HOU-03,21,25,68,0
2025-02-16,DS-Utrecht-01,Household,HOU-04,21,27,65,0
2025-02-16,DS-Utrecht-01,Household,HOU-05,54,51,157,1
2025-02-16,DS-Utrecht-01,Household,HOU-06,26,28,100,0
2025-02-16,DS-TheHague-01,Fresh Produce,FRE-01,66,99,395,0
2025-02-16,DS-TheHague-01,Fresh Produce,FRE-02,145,120,1031,1
2025-02-16,DS-TheHague-01,Fresh Produce,FRE-03,54,89,345,0
2025-02-16,DS-TheHague-01,Fresh Produce,FRE-04,61,88,364,0
2025-02-16,DS-TheHague-01,Fresh Produce,FRE-05,65,81,351,0
2025-02-16,DS-TheHague-01,Fresh Produce,FRE-06,79,83,514,0
2025-02-16,DS-TheHague-01,Dairy,DAI-01,64,63,252,0
2025-02-16,DS-TheHague-01,Dairy,DAI-02,49,65,182,0
2025-02-16,DS-TheHague-01,Dairy,DAI-03,105,102,417,1
2025-02-16,DS-TheHague-01,Dairy,DAI-04,57,51,229,0
2025-02-16,DS-TheHague-01,Dairy,DAI-05,50,44,142,0
2025-02-16,DS-TheHague-01,Dairy,DAI-06,53,60,172,0
2025-02-16,DS-TheHague-01,Beverages,BEV-01,97,99,313,0
2025-02-16,DS-TheHague-01,Beverages,BEV-02,90,96,294,0
2025-02-16,DS-TheHague-01,Beverages,BEV-03,88,99,306,0
2025-02-16,DS-TheHague-01,Beverages,BEV-04,101,106,417,0
2025-02-16,DS-TheHague-01,Beverages,BEV-05,83,88,281,0
2025-02-16,DS-TheHague-01,Beverages,BEV-06,87,98,316,0
2025-02-16,DS-TheHague-01,Snacks,SNA-01,79,81,126,0
2025-02-16,DS-TheHague-01,Snacks,SNA-02,98,65,164,0
2025-02-16,DS-TheHague-01,Snacks,SNA-03,80,67,103,0
2025-02-16,DS-TheHague-01,Snacks,SNA-04,82,89,127,0
2025-02-16,DS-TheHague-01,Snacks,SNA-05,77,74,133,0
2025-02-16,DS-TheHague-01,Snacks,SNA-06,93,58,120,0
2025-02-16,DS-TheHague-01,Household,HOU-01,39,38,143,0
2025-02-16,DS-TheHague-01,Household,HOU-02,41,36,155,0
2025-02-16,DS-TheHague-01,Household,HOU-03,37,37,123,0
2025-02-16,DS-TheHague-01,Household,HOU-04,32,39,98,0
2025-02-16,DS-TheHague-01,Household,HOU-05,40,39,162,0
2025-02-16,DS-TheHague-01,Household,HOU-06,39,38,145,0
2025-02-17,DS-Amsterdam-01,Fresh Produce,FRE-01,56,56,343,0
2025-02-17,DS-Amsterdam-01,Fresh Produce,FRE-02,36,43,196,0
2025-02-17,DS-Amsterdam-01,Fresh Produce,FRE-03,43,61,252,0
2025-02-17,DS-Amsterdam-01,Fresh Produce,FRE-04,36,48,255,0
2025-02-17,DS-Amsterdam-01,Fresh Produce,FRE-05,80,114,498,1
2025-02-17,DS-Amsterdam-01,Fresh Produce,FRE-06,42,48,242,0
2025-02-17,DS-Amsterdam-01,Dairy,DAI-01,26,36,104,0
2025-02-17,DS-Amsterdam-01,Dairy,DAI-02,46,37,158,0
2025-02-17,DS-Amsterdam-01,Dairy,DAI-03,29,31,119,0
2025-02-17,DS-Amsterdam-01,Dairy,DAI-04,69,63,263,1
2025-02-17,DS-Amsterdam-01,Dairy,DAI-05,51,64,167,1
2025-02-17,DS-Amsterdam-01,Dairy,DAI-06,41,32,160,0
2025-02-17,DS-Amsterdam-01,Beverages,BEV-01,50,56,183,0
2025-02-17,DS-Amsterdam-01,Beverages,BEV-02,70,57,268,0
2025-02-17,DS-Amsterdam-01,Beverages,BEV-03,61,57,243,0
2025-02-17,DS-Amsterdam-01,Beverages,BEV-04,74,63,217,0
2025-02-17,DS-Amsterdam-01,Beverages,BEV-05,67,64,254,0
2025-02-17,DS-Amsterdam-01,Beverages,BEV-06,60,67,188,0
2025-02-17,DS-Amsterdam-01,Snacks,SNA-01,50,51,88,0
2025-02-17,DS-Amsterdam-01,Snacks,SNA-02,44,41,70,0
2025-02-17,DS-Amsterdam-01,Snacks,SNA-03,50,48,71,0
2025-02-17,DS-Amsterdam-01,Snacks,SNA-04,50,41,87,0
2025-02-17,DS-Amsterdam-01,Snacks,SNA-05,59,37,96,0
2025-02-17,DS-Amsterdam-01,Snacks,SNA-06,66,52,83,0
2025-02-17,DS-Amsterdam-01,Household,HOU-01,24,21,85,0
2025-02-17,DS-Amsterdam-01,Household,HOU-02,19,17,53,0
2025-02-17,DS-Amsterdam-01,Household,HOU-03,16,25,46,0
2025-02-17,DS-Amsterdam-01,Household,HOU-04,21,20,76,0
2025-02-17,DS-Amsterdam-01,Household,HOU-05,17,22,48,0
2025-02-17,DS-Amsterdam-01,Household,HOU-06,35,22,101,0
2025-02-17,DS-Amsterdam-02,Fresh Produce,FRE-01,108,114,691,1
2025-02-17,DS-Amsterdam-02,Fresh Produce,FRE-02,50,72,253,0
2025-02-17,DS-Amsterdam-02,Fresh Produce,FRE-03,57,64,367,0
2025-02-17,DS-Amsterdam-02,Fresh Produce,FRE-04,54,76,294,0
2025-02-17,DS-Amsterdam-02,Fresh Produce,FRE-05,43,77,234,0
2025-02-17,DS-Amsterdam-02,Fresh Produce,FRE-06,44,81,214,0
2025-02-17,DS-Amsterdam-02,Dairy,DAI-01,52,45,185,0
2025-02-17,DS-Amsterdam-02,Dairy,DAI-02,39,40,145,0
2025-02-17,DS-Amsterdam-02,Dairy,DAI-03,49,42,198,0
2025-02-17,DS-Amsterdam-02,Dairy,DAI-04,36,42,109,0
2025-02-17,DS-Amsterdam-02,Dairy,DAI-05,34,33,100,0
2025-02-17,DS-Amsterdam-02,Dairy,DAI-06,38,33,142,0
2025-02-17,DS-Amsterdam-02,Beverages,BEV-01,86,75,259,0
2025-02-17,DS-Amsterdam-02,Beverages,BEV-02,82,59,247,0
2025-02-17,DS-Amsterdam-02,Beverages,BEV-03,74,77,303,0
2025-02-17,DS-Amsterdam-02,Beverages,BEV-04,74,95,266,0
2025-02-17,DS-Amsterdam-02,Beverages,BEV-05,84,87,303,0
2025-02-17,DS-Amsterdam-02,Beverages,BEV-06,63,76,196,0
2025-02-17,DS-Amsterdam-02,Snacks,SNA-01,72,57,127,0
2025-02-17,DS-Amsterdam-02,Snacks,SNA-02,63,69,86,0
2025-02-17,DS-Amsterdam-02,Snacks,SNA-03,81,47,124,0
2025-02-17,DS-Amsterdam-02,Snacks,SNA-04,71,55,109,0
2025-02-17,DS-Amsterdam-02,Snacks,SNA-05,57,55,89,0
2025-02-17,DS-Amsterdam-02,Snacks,SNA-06,64,58,79,0
2025-02-17,DS-Amsterdam-02,Household,HOU-01,30,31,117,0
2025-02-17,DS-Amsterdam-02,Household,HOU-02,32,29,129,0
2025-02-17,DS-Amsterdam-02,Household,HOU-03,25,30,101,0
2025-02-17,DS-Amsterdam-02,Household,HOU-04,24,32,93,0
2025-02-17,DS-Amsterdam-02,Household,HOU-05,32,27,112,0
2025-02-17,DS-Amsterdam-02,Household,HOU-06,26,32,99,0
2025-02-17,DS-Rotterdam-01,Fresh Produce,FRE-01,45,54,291,0
2025-02-17,DS-Rotterdam-01,Fresh Produce,FRE-02,38,49,192,0
2025-02-17,DS-Rotterdam-01,Fresh Produce,FRE-03,38,48,205,0
2025-02-17,DS-Rotterdam-01,Fresh Produce,FRE-04,44,61,302,0
2025-02-17,DS-Rotterdam-01,Fresh Produce,FRE-05,39,41,249,0
2025-02-17,DS-Rotterdam-01,Fresh Produce,FRE-06,33,45,219,0
2025-02-17,DS-Rotterdam-01,Dairy,DAI-01,31,31,113,0
2025-02-17,DS-Rotterdam-01,Dairy,DAI-02,31,42,113,0
2025-02-17,DS-Rotterdam-01,Dairy,DAI-03,53,30,152,0
2025-02-17,DS-Rotterdam-01,Dairy,DAI-04,33,30,134,0
2025-02-17,DS-Rotterdam-01,Dairy,DAI-05,30,27,119,0
2025-02-17,DS-Rotterdam-01,Dairy,DAI-06,23,32,90,0
2025-02-17,DS-Rotterdam-01,Beverages,BEV-01,56,71,217,0
2025-02-17,DS-Rotterdam-01,Beverages,BEV-02,64,48,200,0
2025-02-17,DS-Rotterdam-01,Beverages,BEV-03,61,61,253,0
2025-02-17,DS-Rotterdam-01,Beverages,BEV-04,49,62,151,0
2025-02-17,DS-Rotterdam-01,Beverages,BEV-05,54,61,155,0
2025-02-17,DS-Rotterdam-01,Beverages,BEV-06,71,58,292,0
2025-02-17,DS-Rotterdam-01,Snacks,SNA-01,57,45,73,0
2025-02-17,DS-Rotterdam-01,Snacks,SNA-02,42,38,66,0
2025-02-17,DS-Rotterdam-01,Snacks,SNA-03,48,43,65,0
2025-02-17,DS-Rotterdam-01,Snacks,SNA-04,55,46,96,0
2025-02-17,DS-Rotterdam-01,Snacks,SNA-05,58,41,102,0
2025-02-17,DS-Rotterdam-01,Snacks,SNA-06,51,50,90,0
2025-02-17,DS-Rotterdam-01,Household,HOU-01,41,41,168,1
2025-02-17,DS-Rotterdam-01,Household,HOU-02,26,22,80,0
2025-02-17,DS-Rotterdam-01,Household,HOU-03,48,40,152,1
2025-02-17,DS-Rotterdam-01,Household,HOU-04,19,24,67,0
2025-02-17,DS-Rotterdam-01,Household,HOU-05,22,25,80,0
2025-02-17,DS-Rotterdam-01,Household,HOU-06,24,26,77,0
2025-02-17,DS-Utrecht-01,Fresh Produce,FRE-01,52,54,249,0
2025-02-17,DS-Utrecht-01,Fresh Produce,FRE-02,47,52,336,0
2025-02-17,DS-Utrecht-01,Fresh Produce,FRE-03,45,58,262,0
2025-02-17,DS-Utrecht-01,Fresh Produce,FRE-04,35,63,200,0
2025-02-17,DS-Utrecht-01,Fresh Produce,FRE-05,54,50,269,0
2025-02-17,DS-Utrecht-01,Fresh Produce,FRE-06,40,50,237,0
2025-02-17,DS-Utrecht-01,Dairy,DAI-01,40,40,136,0
2025-02-17,DS-Utrecht-01,Dairy,DAI-02,38,41,112,0
2025-02-17,DS-Utrecht-01,Dairy,DAI-03,42,42,159,0
2025-02-17,DS-Utrecht-01,Dairy,DAI-04,35,38,124,0
2025-02-17,DS-Utrecht-01,Dairy,DAI-05,41,46,172,0
2025-02-17,DS-Utrecht-01,Dairy,DAI-06,39,25,153,0
2025-02-17,DS-Utrecht-01,Beverages,BEV-01,60,53,198,0
2025-02-17,DS-Utrecht-01,Beverages,BEV-02,64,58,263,0
2025-02-17,DS-Utrecht-01,Beverages,BEV-03,61,62,198,0
2025-02-17,DS-Utrecht-01,Beverages,BEV-04,73,75,205,0
2025-02-17,DS-Utrecht-01,Beverages,BEV-05,80,81,333,0
2025-02-17,DS-Utrecht-01,Beverages,BEV-06,65,59,209,0
2025-02-17,DS-Utrecht-01,Snacks,SNA-01,52,42,88,0
2025-02-17,DS-Utrecht-01,Snacks,SNA-02,58,46,73,0
2025-02-17,DS-Utrecht-01,Snacks,SNA-03,52,47,75,0
2025-02-17,DS-Utrecht-01,Snacks,SNA-04,80,43,120,0
2025-02-17,DS-Utrecht-01,Snacks,SNA-05,63,44,89,0
2025-02-17,DS-Utrecht-01,Snacks,SNA-06,57,53,85,0
2025-02-17,DS-Utrecht-01,Household,HOU-01,32,26,132,0
2025-02-17,DS-Utrecht-01,Household,HOU-02,29,26,89,0
2025-02-17,DS-Utrecht-01,Household,HOU-03,19,26,54,0
2025-02-17,DS-Utrecht-01,Household,HOU-04,24,25,89,0
2025-02-17,DS-Utrecht-01,Household,HOU-05,20,23,70,0
2025-02-17,DS-Utrecht-01,Household,HOU-06,52,47,162,1
2025-02-17,DS-TheHague-01,Fresh Produce,FRE-01,56,78,398,0
2025-02-17,DS-TheHague-01,Fresh Produce,FRE-02,112,115,562,1
2025-02-17,DS-TheHague-01,Fresh Produce,FRE-03,99,123,542,1
2025-02-17,DS-TheHague-01,Fresh Produce,FRE-04,53,68,305,0
2025-02-17,DS-TheHague-01,Fresh Produce,FRE-05,75,67,398,0
2025-02-17,DS-TheHague-01,Fresh Produce,FRE-06,58,68,385,0
2025-02-17,DS-TheHague-01,Dairy,DAI-01,39,46,124,0
2025-02-17,DS-TheHague-01,Dairy,DAI-02,38,48,107,0
2025-02-17,DS-TheHague-01,Dairy,DAI-03,58,41,217,0
2025-02-17,DS-TheHague-01,Dairy,DAI-04,49,38,147,0
2025-02-17,DS-TheHague-01,Dairy,DAI-05,32,47,101,0
2025-02-17,DS-TheHague-01,Dairy,DAI-06,49,44,149,0
2025-02-17,DS-TheHague-01,Beverages,BEV-01,70,84,252,0
2025-02-17,DS-TheHague-01,Beverages,BEV-02,82,68,277,0
2025-02-17,DS-TheHague-01,Beverages,BEV-03,74,74,238,0
2025-02-17,DS-TheHague-01,Beverages,BEV-04,85,73,341,0
2025-02-17,DS-TheHague-01,Beverages,BEV-05,103,73,385,0
2025-02-17,DS-TheHague-01,Beverages,BEV-06,69,69,212,0
2025-02-17,DS-TheHague-01,Snacks,SNA-01,71,57,112,0
2025-02-17,DS-TheHague-01,Snacks,SNA-02,70,45,86,0
2025-02-17,DS-TheHague-01,Snacks,SNA-03,80,74,127,0
2025-02-17,DS-TheHague-01,Snacks,SNA-04,95,113,156,1
2025-02-17,DS-TheHague-01,Snacks,SNA-05,61,57,75,0
2025-02-17,DS-TheHague-01,Snacks,SNA-06,114,102,149,1
2025-02-17,DS-TheHague-01,Household,HOU-01,23,30,79,0
2025-02-17,DS-TheHague-01,Household,HOU-02,34,30,99,0
2025-02-17,DS-TheHague-01,Household,HOU-03,28,29,105,0
2025-02-17,DS-TheHague-01,Household,HOU-04,44,25,180,0
2025-02-17,DS-TheHague-01,Household,HOU-05,30,25,116,0
2025-02-17,DS-TheHague-01,Household,HOU-06,38,32,148,0
2025-02-18,DS-Amsterdam-01,Fresh Produce,FRE-01,48,36,256,0
2025-02-18,DS-Amsterdam-01,Fresh Produce,FRE-02,32,47,216,0
2025-02-18,DS-Amsterdam-01,Fresh Produce,FRE-03,88,73,578,1
2025-02-18,DS-Amsterdam-01,Fresh Produce,FRE-04,39,47,260,0
2025-02-18,DS-Amsterdam-01,Fresh Produce,FRE-05,38,43,196,0
2025-02-18,DS-Amsterdam-01,Fresh Produce,FRE-06,42,48,297,0
2025-02-18,DS-Amsterdam-01,Dairy,DAI-01,29,28,115,0
2025-02-18,DS-Amsterdam-01,Dairy,DAI-02,24,31,78,0
2025-02-18,DS-Amsterdam-01,Dairy,DAI-03,58,55,170,1
2025-02-18,DS-Amsterdam-01,Dairy,DAI-04,30,25,84,0
2025-02-18,DS-Amsterdam-01,Dairy,DAI-05,27,40,102,0
2025-02-18,DS-Amsterdam-01,Dairy,DAI-06,30,30,98,0
2025-02-18,DS-Amsterdam-01,Beverages,BEV-01,60,47,174,0
2025-02-18,DS-Amsterdam-01,Beverages,BEV-02,73,51,231,0
2025-02-18,DS-Amsterdam-01,Beverages,BEV-03,57,47,213,0
2025-02-18,DS-Amsterdam-01,Beverages,BEV-04,66,58,206,0
2025-02-18,DS-Amsterdam-01,Beverages,BEV-05,40,54,156,0
2025-02-18,DS-Amsterdam-01,Beverages,BEV-06,63,62,187,0
2025-02-18,DS-Amsterdam-01,Snacks,SNA-01,58,46,97,0
2025-02-18,DS-Amsterdam-01,Snacks,SNA-02,88,64,135,1
2025-02-18,DS-Amsterdam-01,Snacks,SNA-03,48,46,82,0
2025-02-18,DS-Amsterdam-01,Snacks,SNA-04,55,41,70,0
2025-02-18,DS-Amsterdam-01,Snacks,SNA-05,45,38,71,0
2025-02-18,DS-Amsterdam-01,Snacks,SNA-06,44,48,75,0
2025-02-18,DS-Amsterdam-01,Household,HOU-01,33,34,134,1
2025-02-18,DS-Amsterdam-01,Household,HOU-02,23,20,81,0
2025-02-18,DS-Amsterdam-01,Household,HOU-03,25,20,77,0
2025-02-18,DS-Amsterdam-01,Household,HOU-04,27,23,103,0
2025-02-18,DS-Amsterdam-01,Household,HOU-05,25,25,72,0
2025-02-18,DS-Amsterdam-01,Household,HOU-06,39,37,124,1
2025-02-18,DS-Amsterdam-02,Fresh Produce,FRE-01,64,80,357,0
2025-02-18,DS-Amsterdam-02,Fresh Produce,FRE-02,56,69,349,0
2025-02-18,DS-Amsterdam-02,Fresh Produce,FRE-03,59,50,388,0
2025-02-18,DS-Amsterdam-02,Fresh Produce,FRE-04,48,54,341,0
2025-02-18,DS-Amsterdam-02,Fresh Produce,FRE-05,48,66,251,0
2025-02-18,DS-Amsterdam-02,Fresh Produce,FRE-06,66,73,445,0
2025-02-18,DS-Amsterdam-02,Dairy,DAI-01,45,43,165,0
2025-02-18,DS-Amsterdam-02,Dairy,DAI-02,41,56,157,0
2025-02-18,DS-Amsterdam-02,Dairy,DAI-03,38,45,119,0
2025-02-18,DS-Amsterdam-02,Dairy,DAI-04,38,47,144,0
2025-02-18,DS-Amsterdam-02,Dairy,DAI-05,100,87,371,1
2025-02-18,DS-Amsterdam-02,Dairy,DAI-06,39,47,131,0
2025-02-18,DS-Amsterdam-02,Beverages,BEV-01,65,76,219,0
2025-02-18,DS-Amsterdam-02,Beverages,BEV-02,81,65,250,0
2025-02-18,DS-Amsterdam-02,Beverages,BEV-03,67,86,198,0
2025-02-18,DS-Amsterdam-02,Beverages,BEV-04,88,82,264,0
2025-02-18,DS-Amsterdam-02,Beverages,BEV-05,80,85,306,0
2025-02-18,DS-Amsterdam-02,Beverages,BEV-06,74,82,258,0
2025-02-18,DS-Amsterdam-02,Snacks,SNA-01,63,58,88,0
2025-02-18,DS-Amsterdam-02,Snacks,SNA-02,73,57,97,0
2025-02-18,DS-Amsterdam-02,Snacks,SNA-03,54,62,81,0
2025-02-18,DS-Amsterdam-02,Snacks,SNA-04,64,47,80,0
2025-02-18,DS-Amsterdam-02,Snacks,SNA-05,63,60,98,0
2025-02-18,DS-Amsterdam-02,Snacks,SNA-06,67,61,99,0
2025-02-18,DS-Amsterdam-02,Household,HOU-01,53,60,216,1
2025-02-18,DS-Amsterdam-02,Household,HOU-02,35,31,122,0
2025-02-18,DS-Amsterdam-02,Household,HOU-03,28,33,80,0
2025-02-18,DS-Amsterdam-02,Household,HOU-04,27,33,92,0
2025-02-18,DS-Amsterdam-02,Household,HOU-05,55,63,196,1
2025-02-18,DS-Amsterdam-02,Household,HOU-06,30,33,115,0
2025-02-18,DS-Rotterdam-01,Fresh Produce,FRE-01,39,44,212,0
2025-02-18,DS-Rotterdam-01,Fresh Produce,FRE-02,38,53,184,0
2025-02-18,DS-Rotterdam-01,Fresh Produce,FRE-03,39,55,266,0
2025-02-18,DS-Rotterdam-01,Fresh Produce,FRE-04,39,51,211,0
2025-02-18,DS-Rotterdam-01,Fresh Produce,FRE-05,48,39,317,0
2025-02-18,DS-Rotterdam-01,Fresh Produce,FRE-06,31,46,179,0
2025-02-18,DS-Rotterdam-01,Dairy,DAI-01,34,32,119,0
2025-02-18,DS-Rotterdam-01,Dairy,DAI-02,32,23,103,0
2025-02-18,DS-Rotterdam-01,Dairy,DAI-03,33,24,107,0
2025-02-18,DS-Rotterdam-01,Dairy,DAI-04,40,39,150,0
2025-02-18,DS-Rotterdam-01,Dairy,DAI-05,23,35,94,0
2025-02-18,DS-Rotterdam-01,Dairy,DAI-06,30,25,117,0
2025-02-18,DS-Rotterdam-01,Beverages,BEV-01,60,50,198,0
2025-02-18,DS-Rotterdam-01,Beverages,BEV-02,58,64,221,0
2025-02-18,DS-Rotterdam-01,Beverages,BEV-03,44,56,161,0
2025-02-18,DS-Rotterdam-01,Beverages,BEV-04,54,52,166,0
2025-02-18,DS-Rotterdam-01,Beverages,BEV-05,53,53,219,0
2025-02-18,DS-Rotterdam-01,Beverages,BEV-06,66,58,271,0
2025-02-18,DS-Rotterdam-01,Snacks,SNA-01,40,42,53,0
2025-02-18,DS-Rotterdam-01,Snacks,SNA-02,46,42,69,0
2025-02-18,DS-Rotterdam-01,Snacks,SNA-03,54,39,72,0
2025-02-18,DS-Rotterdam-01,Snacks,SNA-04,55,40,97,0
2025-02-18,DS-Rotterdam-01,Snacks,SNA-05,41,41,69,0
2025-02-18,DS-Rotterdam-01,Snacks,SNA-06,38,38,57,0
2025-02-18,DS-Rotterdam-01,Household,HOU-01,22,23,79,0
2025-02-18,DS-Rotterdam-01,Household,HOU-02,19,22,59,0
2025-02-18,DS-Rotterdam-01,Household,HOU-03,31,19,87,0
2025-02-18,DS-Rotterdam-01,Household,HOU-04,26,24,99,0
2025-02-18,DS-Rotterdam-01,Household,HOU-05,44,43,133,1
2025-02-18,DS-Rotterdam-01,Household,HOU-06,22,22,76,0
2025-02-18,DS-Utrecht-01,Fresh Produce,FRE-01,62,68,441,0
2025-02-18,DS-Utrecht-01,Fresh Produce,FRE-02,53,72,262,0
2025-02-18,DS-Utrecht-01,Fresh Produce,FRE-03,60,54,378,0
2025-02-18,DS-Utrecht-01,Fresh Produce,FRE-04,50,84,255,0
2025-02-18,DS-Utrecht-01,Fresh Produce,FRE-05,49,56,246,0
2025-02-18,DS-Utrecht-01,Fresh Produce,FRE-06,112,109,746,1
2025-02-18,DS-Utrecht-01,Dairy,DAI-01,37,48,148,0
2025-02-18,DS-Utrecht-01,Dairy,DAI-02,51,50,160,0
2025-02-18,DS-Utrecht-01,Dairy,DAI-03,41,35,129,0
2025-02-18,DS-Utrecht-01,Dairy,DAI-04,39,35,122,0
2025-02-18,DS-Utrecht-01,Dairy,DAI-05,37,39,139,0
2025-02-18,DS-Utrecht-01,Dairy,DAI-06,45,39,158,0
2025-02-18,DS-Utrecht-01,Beverages,BEV-01,80,84,244,0
2025-02-18,DS-Utrecht-01,Beverages,BEV-02,91,84,313,0
2025-02-18,DS-Utrecht-01,Beverages,BEV-03,90,89,302,0
2025-02-18,DS-Utrecht-01,Beverages,BEV-04,112,92,425,0
2025-02-18,DS-Utrecht-01,Beverages,BEV-05,73,77,241,0
2025-02-18,DS-Utrecht-01,Beverages,BEV-06,78,75,252,0
2025-02-18,DS-Utrecht-01,Snacks,SNA-01,63,60,112,0
2025-02-18,DS-Utrecht-01,Snacks,SNA-02,112,106,190,1
2025-02-18,DS-Utrecht-01,Snacks,SNA-03,63,59,86,0
2025-02-18,DS-Utrecht-01,Snacks,SNA-04,77,62,128,0
2025-02-18,DS-Utrecht-01,Snacks,SNA-05,78,53,100,0
2025-02-18,DS-Utrecht-01,Snacks,SNA-06,64,50,99,0
2025-02-18,DS-Utrecht-01,Household,HOU-01,36,31,123,0
2025-02-18,DS-Utrecht-01,Household,HOU-02,33,37,95,0
2025-02-18,DS-Utrecht-01,Household,HOU-03,38,29,153,0
2025-02-18,DS-Utrecht-01,Household,HOU-04,32,26,115,0
2025-02-18,DS-Utrecht-01,Household,HOU-05,32,34,118,0
2025-02-18,DS-Utrecht-01,Household,HOU-06,32,26,114,0
2025-02-18,DS-TheHague-01,Fresh Produce,FRE-01,36,52,225,0
2025-02-18,DS-TheHague-01,Fresh Produce,FRE-02,46,54,319,0
2025-02-18,DS-TheHague-01,Fresh Produce,FRE-03,40,36,201,0
2025-02-18,DS-TheHague-01,Fresh Produce,FRE-04,49,49,237,0
2025-02-18,DS-TheHague-01,Fresh Produce,FRE-05,50,35,353,0
2025-02-18,DS-TheHague-01,Fresh Produce,FRE-06,49,50,307,0
2025-02-18,DS-TheHague-01,Dairy,DAI-01,34,31,104,0
2025-02-18,DS-TheHague-01,Dairy,DAI-02,32,27,133,0
2025-02-18,DS-TheHague-01,Dairy,DAI-03,42,31,137,0
2025-02-18,DS-TheHague-01,Dairy,DAI-04,28,34,91,0
2025-02-18,DS-TheHague-01,Dairy,DAI-05,26,29,76,0
2025-02-18,DS-TheHague-01,Dairy,DAI-06,35,37,125,0
2025-02-18,DS-TheHague-01,Beverages,BEV-01,51,41,157,0
2025-02-18,DS-TheHague-01,Beverages,BEV-02,64,48,261,0
2025-02-18,DS-TheHague-01,Beverages,BEV-03,61,54,232,0
2025-02-18,DS-TheHague-01,Beverages,BEV-04,54,49,208,0
2025-02-18,DS-TheHague-01,Beverages,BEV-05,64,43,187,0
2025-02-18,DS-TheHague-01,Beverages,BEV-06,51,46,193,0
2025-02-18,DS-TheHague-01,Snacks,SNA-01,49,46,77,0
2025-02-18,DS-TheHague-01,Snacks,SNA-02,76,62,95,1
2025-02-18,DS-TheHague-01,Snacks,SNA-03,43,46,52,0
2025-02-18,DS-TheHague-01,Snacks,SNA-04,56,48,98,0
2025-02-18,DS-TheHague-01,Snacks,SNA-05,49,46,68,0
2025-02-18,DS-TheHague-01,Snacks,SNA-06,88,44,113,1
2025-02-18,DS-TheHague-01,Household,HOU-01,22,22,84,0
2025-02-18,DS-TheHague-01,Household,HOU-02,31,17,91,0
2025-02-18,DS-TheHague-01,Household,HOU-03,19,20,72,0
2025-02-18,DS-TheHague-01,Household,HOU-04,28,25,116,0
2025-02-18,DS-TheHague-01,Household,HOU-05,20,24,62,0
2025-02-18,DS-TheHague-01,Household,HOU-06,18,27,56,0
2025-02-19,DS-Amsterdam-01,Fresh Produce,FRE-01,56,78,271,0
2025-02-19,DS-Amsterdam-01,Fresh Produce,FRE-02,49,68,245,0
2025-02-19,DS-Amsterdam-01,Fresh Produce,FRE-03,58,75,319,0
2025-02-19,DS-Amsterdam-01,Fresh Produce,FRE-04,45,59,304,0
2025-02-19,DS-Amsterdam-01,Fresh Produce,FRE-05,60,75,347,0
2025-02-19,DS-Amsterdam-01,Fresh Produce,FRE-06,62,60,425,0
2025-02-19,DS-Amsterdam-01,Dairy,DAI-01,83,65,289,1
2025-02-19,DS-Amsterdam-01,Dairy,DAI-02,44,36,174,0
2025-02-19,DS-Amsterdam-01,Dairy,DAI-03,79,85,248,1
2025-02-19,DS-Amsterdam-01,Dairy,DAI-04,39,48,123,0
2025-02-19,DS-Amsterdam-01,Dairy,DAI-05,41,46,124,0
2025-02-19,DS-Amsterdam-01,Dairy,DAI-06,43,38,155,0
2025-02-19,DS-Amsterdam-01,Beverages,BEV-01,77,82,278,0
2025-02-19,DS-Amsterdam-01,Beverages,BEV-02,68,79,228,0
2025-02-19,DS-Amsterdam-01,Beverages,BEV-03,81,72,252,0
2025-02-19,DS-Amsterdam-01,Beverages,BEV-04,55,72,188,0
2025-02-19,DS-Amsterdam-01,Beverages,BEV-05,68,78,209,0
2025-02-19,DS-Amsterdam-01,Beverages,BEV-06,78,67,236,0
2025-02-19,DS-Amsterdam-01,Snacks,SNA-01,115,95,198,1
2025-02-19,DS-Amsterdam-01,Snacks,SNA-02,64,58,113,0
2025-02-19,DS-Amsterdam-01,Snacks,SNA-03,67,54,101,0
2025-02-19,DS-Amsterdam-01,Snacks,SNA-04,67,62,92,0
2025-02-19,DS-Amsterdam-01,Snacks,SNA-05,73,52,115,0
2025-02-19,DS-Amsterdam-01,Snacks,SNA-06,80,43,119,0
2025-02-19,DS-Amsterdam-01,Household,HOU-01,30,30,109,0
2025-02-19,DS-Amsterdam-01,Household,HOU-02,31,36,113,0
2025-02-19,DS-Amsterdam-01,Household,HOU-03,35,32,139,0
2025-02-19,DS-Amsterdam-01,Household,HOU-04,58,51,213,1
2025-02-19,DS-Amsterdam-01,Household,HOU-05,24,33,95,0
2025-02-19,DS-Amsterdam-01,Household,HOU-06,27,31,80,0
2025-02-19,DS-Amsterdam-02,Fresh Produce,FRE-01,45,62,235,0
2025-02-19,DS-Amsterdam-02,Fresh Produce,FRE-02,52,68,252,0
2025-02-19,DS-Amsterdam-02,Fresh Produce,FRE-03,47,62,266,0
2025-02-19,DS-Amsterdam-02,Fresh Produce,FRE-04,48,68,336,0
2025-02-19,DS-Amsterdam-02,Fresh Produce,FRE-05,55,68,313,0
2025-02-19,DS-Amsterdam-02,Fresh Produce,FRE-06,51,55,257,0
2025-02-19,DS-Amsterdam-02,Dairy,DAI-01,42,43,149,0
2025-02-19,DS-Amsterdam-02,Dairy,DAI-02,52,40,203,0
2025-02-19,DS-Amsterdam-02,Dairy,DAI-03,37,43,152,0
2025-02-19,DS-Amsterdam-02,Dairy,DAI-04,42,44,149,0
2025-02-19,DS-Amsterdam-02,Dairy,DAI-05,25,49,92,0
2025-02-19,DS-Amsterdam-02,Dairy,DAI-06,56,45,187,0
2025-02-19,DS-Amsterdam-02,Beverages,BEV-01,67,76,190,0
2025-02-19,DS-Amsterdam-02,Beverages,BEV-02,59,76,185,0
2025-02-19,DS-Amsterdam-02,Beverages,BEV-03,88,67,278,0
2025-02-19,DS-Amsterdam-02,Beverages,BEV-04,70,80,235,0
2025-02-19,DS-Amsterdam-02,Beverages,BEV-05,63,83,199,0
2025-02-19,DS-Amsterdam-02,Beverages,BEV-06,64,79,193,0
2025-02-19,DS-Amsterdam-02,Snacks,SNA-01,60,49,86,0
2025-02-19,DS-Amsterdam-02,Snacks,SNA-02,57,55,73,0
2025-02-19,DS-Amsterdam-02,Snacks,SNA-03,57,55,94,0
2025-02-19,DS-Amsterdam-02,Snacks,SNA-04,60,42,103,0
2025-02-19,DS-Amsterdam-02,Snacks,SNA-05,72,63,120,0
2025-02-19,DS-Amsterdam-02,Snacks,SNA-06,73,48,103,0
2025-02-19,DS-Amsterdam-02,Household,HOU-01,26,32,90,0
2025-02-19,DS-Amsterdam-02,Household,HOU-02,35,31,144,0
2025-02-19,DS-Amsterdam-02,Household,HOU-03,26,21,98,0
2025-02-19,DS-Amsterdam-02,Household,HOU-04,27,29,82,0
2025-02-19,DS-Amsterdam-02,Household,HOU-05,26,26,95,0
2025-02-19,DS-Amsterdam-02,Household,HOU-06,27,29,109,0
2025-02-19,DS-Rotterdam-01,Fresh Produce,FRE-01,54,64,356,0
2025-02-19,DS-Rotterdam-01,Fresh Produce,FRE-02,38,54,204,0
2025-02-19,DS-Rotterdam-01,Fresh Produce,FRE-03,41,48,207,0
2025-02-19,DS-Rotterdam-01,Fresh Produce,FRE-04,70,92,406,1
2025-02-19,DS-Rotterdam-01,Fresh Produce,FRE-05,48,64,323,0
2025-02-19,DS-Rotterdam-01,Fresh Produce,FRE-06,46,59,226,0
2025-02-19,DS-Rotterdam-01,Dairy,DAI-01,29,40,99,0
2025-02-19,DS-Rotterdam-01,Dairy,DAI-02,45,42,171,0
2025-02-19,DS-Rotterdam-01,Dairy,DAI-03,39,38,145,0
2025-02-19,DS-Rotterdam-01,Dairy,DAI-04,38,35,158,0
2025-02-19,DS-Rotterdam-01,Dairy,DAI-05,42,36,121,0
2025-02-19,DS-Rotterdam-01,Dairy,DAI-06,37,31,144,0
2025-02-19,DS-Rotterdam-01,Beverages,BEV-01,64,64,209,0
2025-02-19,DS-Rotterdam-01,Beverages,BEV-02,58,65,194,0
2025-02-19,DS-Rotterdam-01,Beverages,BEV-03,69,76,196,0
2025-02-19,DS-Rotterdam-01,Beverages,BEV-04,57,52,228,0
2025-02-19,DS-Rotterdam-01,Beverages,BEV-05,68,63,228,0
2025-02-19,DS-Rotterdam-01,Beverages,BEV-06,70,74,207,0
2025-02-19,DS-Rotterdam-01,Snacks,SNA-01,50,46,84,0
2025-02-19,DS-Rotterdam-01,Snacks,SNA-02,97,85,120,1
2025-02-19,DS-Rotterdam-01,Snacks,SNA-03,49,39,87,0
2025-02-19,DS-Rotterdam-01,Snacks,SNA-04,51,44,74,0
2025-02-19,DS-Rotterdam-01,Snacks,SNA-05,62,42,94,0
2025-02-19,DS-Rotterdam-01,Snacks,SNA-06,54,46,93,0
2025-02-19,DS-Rotterdam-01,Household,HOU-01,25,31,95,0
2025-02-19,DS-Rotterdam-01,Household,HOU-02,22,26,69,0
2025-02-19,DS-Rotterdam-01,Household,HOU-03,34,22,128,0
2025-02-19,DS-Rotterdam-01,Household,HOU-04,15,25,59,0
2025-02-19,DS-Rotterdam-01,Household,HOU-05,39,37,143,1
2025-02-19,DS-Rotterdam-01,Household,HOU-06,23,18,88,0
2025-02-19,DS-Utrecht-01,Fresh Produce,FRE-01,59,65,287,0
2025-02-19,DS-Utrecht-01,Fresh Produce,FRE-02,54,64,352,0
2025-02-19,DS-Utrecht-01,Fresh Produce,FRE-03,58,65,316,0
2025-02-19,DS-Utrecht-01,Fresh Produce,FRE-04,61,72,361,0
2025-02-19,DS-Utrecht-01,Fresh Produce,FRE-05,49,56,331,0
2025-02-19,DS-Utrecht-01,Fresh Produce,FRE-06,56,78,317,0
2025-02-19,DS-Utrecht-01,Dairy,DAI-01,37,47,130,0
2025-02-19,DS-Utrecht-01,Dairy,DAI-02,45,37,146,0
2025-02-19,DS-Utrecht-01,Dairy,DAI-03,41,46,151,0
2025-02-19,DS-Utrecht-01,Dairy,DAI-04,52,43,170,0
2025-02-19,DS-Utrecht-01,Dairy,DAI-05,40,44,134,0
2025-02-19,DS-Utrecht-01,Dairy,DAI-06,46,40,153,0
2025-02-19,DS-Utrecht-01,Beverages,BEV-01,74,72,242,0
2025-02-19,DS-Utrecht-01,Beverages,BEV-02,121,152,444,1
2025-02-19,DS-Utrecht-01,Beverages,BEV-03,78,100,326,0
2025-02-19,DS-Utrecht-01,Beverages,BEV-04,66,85,254,0
2025-02-19,DS-Utrecht-01,Beverages,BEV-05,71,88,227,0
2025-02-19,DS-Utrecht-01,Beverages,BEV-06,86,81,360,0
2025-02-19,DS-Utrecht-01,Snacks,SNA-01,66,57,80,0
2025-02-19,DS-Utrecht-01,Snacks,SNA-02,70,51,98,0
2025-02-19,DS-Utrecht-01,Snacks,SNA-03,67,46,95,0
2025-02-19,DS-Utrecht-01,Snacks,SNA-04,61,58,79,0
2025-02-19,DS-Utrecht-01,Snacks,SNA-05,132,89,173,1
2025-02-19,DS-Utrecht-01,Snacks,SNA-06,71,71,89,0
2025-02-19,DS-Utrecht-01,Household,HOU-01,33,34,129,0
2025-02-19,DS-Utrecht-01,Household,HOU-02,39,25,138,0
2025-02-19,DS-Utrecht-01,Household,HOU-03,28,30,85,0
2025-02-19,DS-Utrecht-01,Household,HOU-04,28,28,94,0
2025-02-19,DS-Utrecht-01,Household,HOU-05,30,29,104,0
2025-02-19,DS-Utrecht-01,Household,HOU-06,33,25,94,0
2025-02-19,DS-TheHague-01,Fresh Produce,FRE-01,53,56,341,0
2025-02-19,DS-TheHague-01,Fresh Produce,FRE-02,54,59,368,0
2025-02-19,DS-TheHague-01,Fresh Produce,FRE-03,55,60,326,0
2025-02-19,DS-TheHague-01,Fresh Produce,FRE-04,86,111,476,1
2025-02-19,DS-TheHague-01,Fresh Produce,FRE-05,103,98,617,1
2025-02-19,DS-TheHague-01,Fresh Produce,FRE-06,109,108,770,1
2025-02-19,DS-TheHague-01,Dairy,DAI-01,37,46,139,0
2025-02-19,DS-TheHague-01,Dairy,DAI-02,43,44,134,0
2025-02-19,DS-TheHague-01,Dairy,DAI-03,34,43,137,0
2025-02-19,DS-TheHague-01,Dairy,DAI-04,41,36,124,0
2025-02-19,DS-TheHague-01,Dairy,DAI-05,50,43,172,0
2025-02-19,DS-TheHague-01,Dairy,DAI-06,43,48,144,0
2025-02-19,DS-TheHague-01,Beverages,BEV-01,66,82,195,0
2025-02-19,DS-TheHague-01,Beverages,BEV-02,57,69,237,0
2025-02-19,DS-TheHague-01,Beverages,BEV-03,89,61,339,0
2025-02-19,DS-TheHague-01,Beverages,BEV-04,71,67,286,0
2025-02-19,DS-TheHague-01,Beverages,BEV-05,74,73,264,0
2025-02-19,DS-TheHague-01,Beverages,BEV-06,82,68,269,0
2025-02-19,DS-TheHague-01,Snacks,SNA-01,101,82,124,1
2025-02-19,DS-TheHague-01,Snacks,SNA-02,56,48,88,0
2025-02-19,DS-TheHague-01,Snacks,SNA-03,102,101,163,1
2025-02-19,DS-TheHague-01,Snacks,SNA-04,63,54,110,0
2025-02-19,DS-TheHague-01,Snacks,SNA-05,56,46,69,0
2025-02-19,DS-TheHague-01,Snacks,SNA-06,61,49,78,0
2025-02-19,DS-TheHague-01,Household,HOU-01,31,27,116,0
2025-02-19,DS-TheHague-01,Household,HOU-02,33,25,118,0
2025-02-19,DS-TheHague-01,Household,HOU-03,28,25,102,0
2025-02-19,DS-TheHague-01,Household,HOU-04,41,30,164,0
2025-02-19,DS-TheHague-01,Household,HOU-05,38,29,118,0
2025-02-19,DS-TheHague-01,Household,HOU-06,30,30,118,0
2025-02-20,DS-Amsterdam-01,Fresh Produce,FRE-01,86,90,583,1
2025-02-20,DS-Amsterdam-01,Fresh Produce,FRE-02,47,57,321,0
2025-02-20,DS-Amsterdam-01,Fresh Produce,FRE-03,48,61,294,0
2025-02-20,DS-Amsterdam-01,Fresh Produce,FRE-04,42,52,221,0
2025-02-20,DS-Amsterdam-01,Fresh Produce,FRE-05,34,56,181,0
2025-02-20,DS-Amsterdam-01,Fresh Produce,FRE-06,60,52,411,0
2025-02-20,DS-Amsterdam-01,Dairy,DAI-01,40,37,130,0
2025-02-20,DS-Amsterdam-01,Dairy,DAI-02,30,38,96,0
2025-02-20,DS-Amsterdam-01,Dairy,DAI-03,37,42,111,0
2025-02-20,DS-Amsterdam-01,Dairy,DAI-04,40,45,143,0
2025-02-20,DS-Amsterdam-01,Dairy,DAI-05,35,35,107,0
2025-02-20,DS-Amsterdam-01,Dairy,DAI-06,33,38,136,0
2025-02-20,DS-Amsterdam-01,Beverages,BEV-01,52,63,176,0
2025-02-20,DS-Amsterdam-01,Beverages,BEV-02,66,58,274,0
2025-02-20,DS-Amsterdam-01,Beverages,BEV-03,75,63,280,0
2025-02-20,DS-Amsterdam-01,Beverages,BEV-04,65,66,187,0
2025-02-20,DS-Amsterdam-01,Beverages,BEV-05,66,78,220,0
2025-02-20,DS-Amsterdam-01,Beverages,BEV-06,63,64,258,0
2025-02-20,DS-Amsterdam-01,Snacks,SNA-01,53,43,84,0
2025-02-20,DS-Amsterdam-01,Snacks,SNA-02,65,44,107,0
2025-02-20,DS-Amsterdam-01,Snacks,SNA-03,50,45,74,0
2025-02-20,DS-Amsterdam-01,Snacks,SNA-04,55,49,78,0
2025-02-20,DS-Amsterdam-01,Snacks,SNA-05,60,44,103,0
2025-02-20,DS-Amsterdam-01,Snacks,SNA-06,42,43,53,0
2025-02-20,DS-Amsterdam-01,Household,HOU-01,25,23,88,0
2025-02-20,DS-Amsterdam-01,Household,HOU-02,48,60,148,1
2025-02-20,DS-Amsterdam-01,Household,HOU-03,25,26,74,0
2025-02-20,DS-Amsterdam-01,Household,HOU-04,25,23,96,0
2025-02-20,DS-Amsterdam-01,Household,HOU-05,23,26,80,0
2025-02-20,DS-Amsterdam-01,Household,HOU-06,21,26,86,0
2025-02-20,DS-Amsterdam-02,Fresh Produce,FRE-01,39,58,191,0
2025-02-20,DS-Amsterdam-02,Fresh Produce,FRE-02,58,70,410,0
2025-02-20,DS-Amsterdam-02,Fresh Produce,FRE-03,58,48,380,0
2025-02-20,DS-Amsterdam-02,Fresh Produce,FRE-04,78,126,407,1
2025-02-20,DS-Amsterdam-02,Fresh Produce,FRE-05,51,60,303,0
2025-02-20,DS-Amsterdam-02,Fresh Produce,FRE-06,51,51,273,0
2025-02-20,DS-Amsterdam-02,Dairy,DAI-01,34,41,142,0
2025-02-20,DS-Amsterdam-02,Dairy,DAI-02,46,39,173,0
2025-02-20,DS-Amsterdam-02,Dairy,DAI-03,32,41,90,0
2025-02-20,DS-Amsterdam-02,Dairy,DAI-04,44,45,142,0
2025-02-20,DS-Amsterdam-02,Dairy,DAI-05,48,34,156,0
2025-02-20,DS-Amsterdam-02,Dairy,DAI-06,42,55,145,0
2025-02-20,DS-Amsterdam-02,Beverages,BEV-01,80,74,313,0
2025-02-20,DS-Amsterdam-02,Beverages,BEV-02,63,66,230,0
2025-02-20,DS-Amsterdam-02,Beverages,BEV-03,77,74,280,0
2025-02-20,DS-Amsterdam-02,Beverages,BEV-04,71,66,201,0
2025-02-20,DS-Amsterdam-02,Beverages,BEV-05,60,79,245,0
2025-02-20,DS-Amsterdam-02,Beverages,BEV-06,79,59,231,0
2025-02-20,DS-Amsterdam-02,Snacks,SNA-01,49,59,64,0
2025-02-20,DS-Amsterdam-02,Snacks,SNA-02,48,40,61,0
2025-02-20,DS-Amsterdam-02,Snacks,SNA-03,51,55,82,0
2025-02-20,DS-Amsterdam-02,Snacks,SNA-04,64,43,89,0
2025-02-20,DS-Amsterdam-02,Snacks,SNA-05,112,70,188,1
2025-02-20,DS-Amsterdam-02,Snacks,SNA-06,54,54,95,0
2025-02-20,DS-Amsterdam-02,Household,HOU-01,24,22,85,0
2025-02-20,DS-Amsterdam-02,Household,HOU-02,28,28,103,0
2025-02-20,DS-Amsterdam-02,Household,HOU-03,29,24,114,0
2025-02-20,DS-Amsterdam-02,Household,HOU-04,27,24,99,0
2025-02-20,DS-Amsterdam-02,Household,HOU-05,38,23,140,0
2025-02-20,DS-Amsterdam-02,Household,HOU-06,30,32,93,0
2025-02-20,DS-Rotterdam-01,Fresh Produce,FRE-01,129,113,771,1
2025-02-20,DS-Rotterdam-01,Fresh Produce,FRE-02,65,71,372,0
2025-02-20,DS-Rotterdam-01,Fresh Produce,FRE-03,52,67,357,0
2025-02-20,DS-Rotterdam-01,Fresh Produce,FRE-04,69,71,397,0
2025-02-20,DS-Rotterdam-01,Fresh Produce,FRE-05,40,61,266,0
2025-02-20,DS-Rotterdam-01,Fresh Produce,FRE-06,62,69,408,0
2025-02-20,DS-Rotterdam-01,Dairy,DAI-01,45,42,148,0
2025-02-20,DS-Rotterdam-01,Dairy,DAI-02,42,42,165,0
2025-02-20,DS-Rotterdam-01,Dairy,DAI-03,48,52,192,0
2025-02-20,DS-Rotterdam-01,Dairy,DAI-04,50,44,146,0
2025-02-20,DS-Rotterdam-01,Dairy,DAI-05,32,43,105,0
2025-02-20,DS-Rotterdam-01,Dairy,DAI-06,59,41,230,0
2025-02-20,DS-Rotterdam-01,Beverages,BEV-01,92,82,380,0
2025-02-20,DS-Rotterdam-01,Beverages,BEV-02,76,100,302,0
2025-02-20,DS-Rotterdam-01,Beverages,BEV-03,75,92,257,0
2025-02-20,DS-Rotterdam-01,Beverages,BEV-04,63,78,192,0
2025-02-20,DS-Rotterdam-01,Beverages,BEV-05,76,84,292,0
2025-02-20,DS-Rotterdam-01,Beverages,BEV-06,79,89,313,0
2025-02-20,DS-Rotterdam-01,Snacks,SNA-01,68,57,98,0
2025-02-20,DS-Rotterdam-01,Snacks,SNA-02,74,72,111,0
2025-02-20,DS-Rotterdam-01,Snacks,SNA-03,72,58,104,0
2025-02-20,DS-Rotterdam-01,Snacks,SNA-04,123,92,152,1
2025-02-20,DS-Rotterdam-01,Snacks,SNA-05,116,105,173,1
2025-02-20,DS-Rotterdam-01,Snacks,SNA-06,71,63,123,0
2025-02-20,DS-Rotterdam-01,Household,HOU-01,35,35,132,0
2025-02-20,DS-Rotterdam-01,Household,HOU-02,28,31,95,0
2025-02-20,DS-Rotterdam-01,Household,HOU-03,31,27,97,0
2025-02-20,DS-Rotterdam-01,Household,HOU-04,33,32,116,0
2025-02-20,DS-Rotterdam-01,Household,HOU-05,52,49,171,1
2025-02-20,DS-Rotterdam-01,Household,HOU-06,25,31,98,0
2025-02-20,DS-Utrecht-01,Fresh Produce,FRE-01,39,47,190,0
2025-02-20,DS-Utrecht-01,Fresh Produce,FRE-02,53,52,377,0
2025-02-20,DS-Utrecht-01,Fresh Produce,FRE-03,49,44,255,0
2025-02-20,DS-Utrecht-01,Fresh Produce,FRE-04,53,53,347,0
2025-02-20,DS-Utrecht-01,Fresh Produce,FRE-05,49,58,295,0
2025-02-20,DS-Utrecht-01,Fresh Produce,FRE-06,44,50,260,0
2025-02-20,DS-Utrecht-01,Dairy,DAI-01,30,39,119,0
2025-02-20,DS-Utrecht-01,Dairy,DAI-02,35,37,101,0
2025-02-20,DS-Utrecht-01,Dairy,DAI-03,42,40,138,0
2025-02-20,DS-Utrecht-01,Dairy,DAI-04,37,45,146,0
2025-02-20,DS-Utrecht-01,Dairy,DAI-05,44,38,136,0
2025-02-20,DS-Utrecht-01,Dairy,DAI-06,30,30,125,0
2025-02-20,DS-Utrecht-01,Beverages,BEV-01,57,72,218,0
2025-02-20,DS-Utrecht-01,Beverages,BEV-02,67,59,242,0
2025-02-20,DS-Utrecht-01,Beverages,BEV-03,77,56,247,0
2025-02-20,DS-Utrecht-01,Beverages,BEV-04,63,59,219,0
2025-02-20,DS-Utrecht-01,Beverages,BEV-05,62,65,220,0
2025-02-20,DS-Utrecht-01,Beverages,BEV-06,69,64,287,0
2025-02-20,DS-Utrecht-01,Snacks,SNA-01,53,45,69,0
2025-02-20,DS-Utrecht-01,Snacks,SNA-02,100,72,170,1
2025-02-20,DS-Utrecht-01,Snacks,SNA-03,60,56,78,0
2025-02-20,DS-Utrecht-01,Snacks,SNA-04,77,55,106,0
2025-02-20,DS-Utrecht-01,Snacks,SNA-05,59,43,99,0
2025-02-20,DS-Utrecht-01,Snacks,SNA-06,53,45,74,0
2025-02-20,DS-Utrecht-01,Household,HOU-01,21,25,60,0
2025-02-20,DS-Utrecht-01,Household,HOU-02,13,28,36,0
2025-02-20,DS-Utrecht-01,Household,HOU-03,17,27,51,0
2025-02-20,DS-Utrecht-01,Household,HOU-04,22,22,88,0
2025-02-20,DS-Utrecht-01,Household,HOU-05,25,20,78,0
2025-02-20,DS-Utrecht-01,Household,HOU-06,23,22,68,0
2025-02-20,DS-TheHague-01,Fresh Produce,FRE-01,28,50,159,0
2025-02-20,DS-TheHague-01,Fresh Produce,FRE-02,34,50,206,0
2025-02-20,DS-TheHague-01,Fresh Produce,FRE-03,40,49,240,0
2025-02-20,DS-TheHague-01,Fresh Produce,FRE-04,37,50,242,0
2025-02-20,DS-TheHague-01,Fresh Produce,FRE-05,38,49,245,0
2025-02-20,DS-TheHague-01,Fresh Produce,FRE-06,46,48,221,0
2025-02-20,DS-TheHague-01,Dairy,DAI-01,37,33,113,0
2025-02-20,DS-TheHague-01,Dairy,DAI-02,39,31,121,0
2025-02-20,DS-TheHague-01,Dairy,DAI-03,25,27,87,0
2025-02-20,DS-TheHague-01,Dairy,DAI-04,36,35,107,0
2025-02-20,DS-TheHague-01,Dairy,DAI-05,35,32,137,0
2025-02-20,DS-TheHague-01,Dairy,DAI-06,43,34,123,0
2025-02-20,DS-TheHague-01,Beverages,BEV-01,59,59,208,0
2025-02-20,DS-TheHague-01,Beverages,BEV-02,53,50,180,0
2025-02-20,DS-TheHague-01,Beverages,BEV-03,48,54,181,0
2025-02-20,DS-TheHague-01,Beverages,BEV-04,54,52,202,0
2025-02-20,DS-TheHague-01,Beverages,BEV-05,72,66,278,0
2025-02-20,DS-TheHague-01,Beverages,BEV-06,94,92,269,1
2025-02-20,DS-TheHague-01,Snacks,SNA-01,41,35,51,0
2025-02-20,DS-TheHague-01,Snacks,SNA-02,61,35,93,0
2025-02-20,DS-TheHague-01,Snacks,SNA-03,45,47,66,0
2025-02-20,DS-TheHague-01,Snacks,SNA-04,52,34,91,0
2025-02-20,DS-TheHague-01,Snacks,SNA-05,47,41,68,0
2025-02-20,DS-TheHague-01,Snacks,SNA-06,51,37,63,0
2025-02-20,DS-TheHague-01,Household,HOU-01,18,17,71,0
2025-02-20,DS-TheHague-01,Household,HOU-02,19,16,60,0
2025-02-20,DS-TheHague-01,Household,HOU-03,42,45,142,1
2025-02-20,DS-TheHague-01,Household,HOU-04,42,43,146,1
2025-02-20,DS-TheHague-01,Household,HOU-05,18,17,54,0
2025-02-20,DS-TheHague-01,Household,HOU-06,14,25,43,0
2025-02-21,DS-Amsterdam-01,Fresh Produce,FRE-01,37,51,228,0
2025-02-21,DS-Amsterdam-01,Fresh Produce,FRE-02,46,49,226,0
2025-02-21,DS-Amsterdam-01,Fresh Produce,FRE-03,82,83,397,1
2025-02-21,DS-Amsterdam-01,Fresh Produce,FRE-04,31,60,203,0
2025-02-21,DS-Amsterdam-01,Fresh Produce,FRE-05,41,45,226,0
2025-02-21,DS-Amsterdam-01,Fresh Produce,FRE-06,45,45,248,0
2025-02-21,DS-Amsterdam-01,Dairy,DAI-01,34,37,99,0
2025-02-21,DS-Amsterdam-01,Dairy,DAI-02,30,34,91,0
2025-02-21,DS-Amsterdam-01,Dairy,DAI-03,41,31,139,0
2025-02-21,DS-Amsterdam-01,Dairy,DAI-04,47,36,195,0
2025-02-21,DS-Amsterdam-01,Dairy,DAI-05,58,66,206,1
2025-02-21,DS-Amsterdam-01,Dairy,DAI-06,38,38,128,0
2025-02-21,DS-Amsterdam-01,Beverages,BEV-01,52,63,210,0
2025-02-21,DS-Amsterdam-01,Beverages,BEV-02,49,48,174,0
2025-02-21,DS-Amsterdam-01,Beverages,BEV-03,52,62,200,0
2025-02-21,DS-Amsterdam-01,Beverages,BEV-04,72,62,244,0
2025-02-21,DS-Amsterdam-01,Beverages,BEV-05,61,61,237,0
2025-02-21,DS-Amsterdam-01,Beverages,BEV-06,53,61,179,0
2025-02-21,DS-Amsterdam-01,Snacks,SNA-01,92,79,140,1
2025-02-21,DS-Amsterdam-01,Snacks,SNA-02,53,44,91,0
2025-02-21,DS-Amsterdam-01,Snacks,SNA-03,100,63,159,1
2025-02-21,DS-Amsterdam-01,Snacks,SNA-04,49,48,79,0
2025-02-21,DS-Amsterdam-01,Snacks,SNA-05,43,46,67,0
2025-02-21,DS-Amsterdam-01,Snacks,SNA-06,45,40,76,0
2025-02-21,DS-Amsterdam-01,Household,HOU-01,26,27,78,0
2025-02-21,DS-Amsterdam-01,Household,HOU-02,23,25,73,0
2025-02-21,DS-Amsterdam-01,Household,HOU-03,21,26,61,0
2025-02-21,DS-Amsterdam-01,Household,HOU-04,33,21,92,0
2025-02-21,DS-Amsterdam-01,Household,HOU-05,27,25,76,0
2025-02-21,DS-Amsterdam-01,Household,HOU-06,29,24,105,0
2025-02-21,DS-Amsterdam-02,Fresh Produce,FRE-01,48,63,272,0
2025-02-21,DS-Amsterdam-02,Fresh Produce,FRE-02,39,47,240,0
2025-02-21,DS-Amsterdam-02,Fresh Produce,FRE-03,50,55,302,0
2025-02-21,DS-Amsterdam-02,Fresh Produce,FRE-04,61,60,396,0
2025-02-21,DS-Amsterdam-02,Fresh Produce,FRE-05,52,53,367,0
2025-02-21,DS-Amsterdam-02,Fresh Produce,FRE-06,44,59,264,0
2025-02-21,DS-Amsterdam-02,Dairy,DAI-01,39,40,161,0
2025-02-21,DS-Amsterdam-02,Dairy,DAI-02,43,45,175,0
2025-02-21,DS-Amsterdam-02,Dairy,DAI-03,34,36,139,0
2025-02-21,DS-Amsterdam-02,Dairy,DAI-04,30,35,112,0
2025-02-21,DS-Amsterdam-02,Dairy,DAI-05,41,30,116,0
2025-02-21,DS-Amsterdam-02,Dairy,DAI-06,39,33,120,0
2025-02-21,DS-Amsterdam-02,Beverages,BEV-01,64,64,245,0
2025-02-21,DS-Amsterdam-02,Beverages,BEV-02,70,70,287,0
2025-02-21,DS-Amsterdam-02,Beverages,BEV-03,143,124,477,1
2025-02-21,DS-Amsterdam-02,Beverages,BEV-04,72,72,256,0
2025-02-21,DS-Amsterdam-02,Beverages,BEV-05,66,60,228,0
2025-02-21,DS-Amsterdam-02,Beverages,BEV-06,62,56,193,0
2025-02-21,DS-Amsterdam-02,Snacks,SNA-01,49,38,59,0
2025-02-21,DS-Amsterdam-02,Snacks,SNA-02,57,41,96,0
2025-02-21,DS-Amsterdam-02,Snacks,SNA-03,64,48,94,0
2025-02-21,DS-Amsterdam-02,Snacks,SNA-04,109,103,155,1
2025-02-21,DS-Amsterdam-02,Snacks,SNA-05,58,42,87,0
2025-02-21,DS-Amsterdam-02,Snacks,SNA-06,51,53,80,0
2025-02-21,DS-Amsterdam-02,Household,HOU-01,25,32,78,0
2025-02-21,DS-Amsterdam-02,Household,HOU-02,17,27,53,0
2025-02-21,DS-Amsterdam-02,Household,HOU-03,26,25,98,0
2025-02-21,DS-Amsterdam-02,Household,HOU-04,28,27,101,0
2025-02-21,DS-Amsterdam-02,Household,HOU-05,22,23,72,0
2025-02-21,DS-Amsterdam-02,Household,HOU-06,26,32,78,0
2025-02-21,DS-Rotterdam-01,Fresh Produce,FRE-01,61,58,400,0
2025-02-21,DS-Rotterdam-01,Fresh Produce,FRE-02,69,66,356,0
2025-02-21,DS-Rotterdam-01,Fresh Produce,FRE-03,46,79,222,0
2025-02-21,DS-Rotterdam-01,Fresh Produce,FRE-04,61,68,361,0
2025-02-21,DS-Rotterdam-01,Fresh Produce,FRE-05,58,78,396,0
2025-02-21,DS-Rotterdam-01,Fresh Produce,FRE-06,59,60,356,0
2025-02-21,DS-Rotterdam-01,Dairy,DAI-01,46,37,176,0
2025-02-21,DS-Rotterdam-01,Dairy,DAI-02,53,40,219,0
2025-02-21,DS-Rotterdam-01,Dairy,DAI-03,53,44,203,0
2025-02-21,DS-Rotterdam-01,Dairy,DAI-04,43,53,149,0
2025-02-21,DS-Rotterdam-01,Dairy,DAI-05,51,53,164,0
2025-02-21,DS-Rotterdam-01,Dairy,DAI-06,39,48,144,0
2025-02-21,DS-Rotterdam-01,Beverages,BEV-01,78,68,319,0
2025-02-21,DS-Rotterdam-01,Beverages,BEV-02,72,97,242,0
2025-02-21,DS-Rotterdam-01,Beverages,BEV-03,77,97,311,0
2025-02-21,DS-Rotterdam-01,Beverages,BEV-04,78,64,228,0
2025-02-21,DS-Rotterdam-01,Beverages,BEV-05,84,74,347,0
2025-02-21,DS-Rotterdam-01,Beverages,BEV-06,87,77,361,0
2025-02-21,DS-Rotterdam-01,Snacks,SNA-01,71,64,109,0
2025-02-21,DS-Rotterdam-01,Snacks,SNA-02,115,105,201,1
2025-02-21,DS-Rotterdam-01,Snacks,SNA-03,49,77,77,0
2025-02-21,DS-Rotterdam-01,Snacks,SNA-04,63,62,98,0
2025-02-21,DS-Rotterdam-01,Snacks,SNA-05,51,81,75,0
2025-02-21,DS-Rotterdam-01,Snacks,SNA-06,71,58,91,0
2025-02-21,DS-Rotterdam-01,Household,HOU-01,32,28,92,0
2025-02-21,DS-Rotterdam-01,Household,HOU-02,29,23,97,0
2025-02-21,DS-Rotterdam-01,Household,HOU-03,36,34,148,0
2025-02-21,DS-Rotterdam-01,Household,HOU-04,40,27,151,0
2025-02-21,DS-Rotterdam-01,Household,HOU-05,31,31,119,0
2025-02-21,DS-Rotterdam-01,Household,HOU-06,33,33,96,0
2025-02-21,DS-Utrecht-01,Fresh Produce,FRE-01,45,54,311,0
2025-02-21,DS-Utrecht-01,Fresh Produce,FRE-02,37,55,195,0
2025-02-21,DS-Utrecht-01,Fresh Produce,FRE-03,48,53,282,0
2025-02-21,DS-Utrecht-01,Fresh Produce,FRE-04,54,57,345,0
2025-02-21,DS-Utrecht-01,Fresh Produce,FRE-05,43,52,271,0
2025-02-21,DS-Utrecht-01,Fresh Produce,FRE-06,46,54,253,0
2025-02-21,DS-Utrecht-01,Dairy,DAI-01,32,42,124,0
2025-02-21,DS-Utrecht-01,Dairy,DAI-02,31,39,93,0
2025-02-21,DS-Utrecht-01,Dairy,DAI-03,33,36,105,0
2025-02-21,DS-Utrecht-01,Dairy,DAI-04,29,39,91,0
2025-02-21,DS-Utrecht-01,Dairy,DAI-05,41,39,166,0
2025-02-21,DS-Utrecht-01,Dairy,DAI-06,42,34,125,0
2025-02-21,DS-Utrecht-01,Beverages,BEV-01,63,53,195,0
2025-02-21,DS-Utrecht-01,Beverages,BEV-02,64,71,241,0
2025-02-21,DS-Utrecht-01,Beverages,BEV-03,65,47,260,0
2025-02-21,DS-Utrecht-01,Beverages,BEV-04,122,111,352,1
2025-02-21,DS-Utrecht-01,Beverages,BEV-05,46,53,174,0
2025-02-21,DS-Utrecht-01,Beverages,BEV-06,59,63,170,0
2025-02-21,DS-Utrecht-01,Snacks,SNA-01,57,47,81,0
2025-02-21,DS-Utrecht-01,Snacks,SNA-02,52,45,82,0
2025-02-21,DS-Utrecht-01,Snacks,SNA-03,65,38,101,0
2025-02-21,DS-Utrecht-01,Snacks,SNA-04,62,41,89,0
2025-02-21,DS-Utrecht-01,Snacks,SNA-05,43,44,53,0
2025-02-21,DS-Utrecht-01,Snacks,SNA-06,49,49,60,0
2025-02-21,DS-Utrecht-01,Household,HOU-01,25,25,90,0
2025-02-21,DS-Utrecht-01,Household,HOU-02,25,26,98,0
2025-02-21,DS-Utrecht-01,Household,HOU-03,22,21,74,0
2025-02-21,DS-Utrecht-01,Household,HOU-04,27,31,112,0
2025-02-21,DS-Utrecht-01,Household,HOU-05,25,24,101,0
2025-02-21,DS-Utrecht-01,Household,HOU-06,22,24,85,0
2025-02-21,DS-TheHague-01,Fresh Produce,FRE-01,63,57,378,0
2025-02-21,DS-TheHague-01,Fresh Produce,FRE-02,61,66,434,0
2025-02-21,DS-TheHague-01,Fresh Produce,FRE-03,52,58,320,0
2025-02-21,DS-TheHague-01,Fresh Produce,FRE-04,65,58,345,0
2025-02-21,DS-TheHague-01,Fresh Produce,FRE-05,56,74,340,0
2025-02-21,DS-TheHague-01,Fresh Produce,FRE-06,58,64,296,0
2025-02-21,DS-TheHague-01,Dairy,DAI-01,37,39,108,0
2025-02-21,DS-TheHague-01,Dairy,DAI-02,38,45,116,0
2025-02-21,DS-TheHague-01,Dairy,DAI-03,49,37,187,0
2025-02-21,DS-TheHague-01,Dairy,DAI-04,43,38,153,0
2025-02-21,DS-TheHague-01,Dairy,DAI-05,60,42,244,0
2025-02-21,DS-TheHague-01,Dairy,DAI-06,47,46,149,0
2025-02-21,DS-TheHague-01,Beverages,BEV-01,90,65,339,0
2025-02-21,DS-TheHague-01,Beverages,BEV-02,65,71,271,0
2025-02-21,DS-TheHague-01,Beverages,BEV-03,79,75,317,0
2025-02-21,DS-TheHague-01,Beverages,BEV-04,66,67,234,0
2025-02-21,DS-TheHague-01,Beverages,BEV-05,61,80,213,0
2025-02-21,DS-TheHague-01,Beverages,BEV-06,67,74,233,0
2025-02-21,DS-TheHague-01,Snacks,SNA-01,76,46,119,0
2025-02-21,DS-TheHague-01,Snacks,SNA-02,68,55,116,0
2025-02-21,DS-TheHague-01,Snacks,SNA-03,63,58,106,0
2025-02-21,DS-TheHague-01,Snacks,SNA-04,54,61,71,0
2025-02-21,DS-TheHague-01,Snacks,SNA-05,76,52,116,0
2025-02-21,DS-TheHague-01,Snacks,SNA-06,77,45,125,0
2025-02-21,DS-TheHague-01,Household,HOU-01,24,31,74,0
2025-02-21,DS-TheHague-01,Household,HOU-02,27,30,99,0
2025-02-21,DS-TheHague-01,Household,HOU-03,34,26,126,0
2025-02-21,DS-TheHague-01,Household,HOU-04,26,27,93,0
2025-02-21,DS-TheHague-01,Household,HOU-05,32,21,116,0
2025-02-21,DS-TheHague-01,Household,HOU-06,23,23,72,0
2025-02-22,DS-Amsterdam-01,Fresh Produce,FRE-01,42,64,219,0
2025-02-22,DS-Amsterdam-01,Fresh Produce,FRE-02,58,50,294,0
2025-02-22,DS-Amsterdam-01,Fresh Produce,FRE-03,54,70,340,0
2025-02-22,DS-Amsterdam-01,Fresh Produce,FRE-04,51,65,269,0
2025-02-22,DS-Amsterdam-01,Fresh Produce,FRE-05,66,61,459,0
2025-02-22,DS-Amsterdam-01,Fresh Produce,FRE-06,58,66,311,0
2025-02-22,DS-Amsterdam-01,Dairy,DAI-01,43,48,158,0
2025-02-22,DS-Amsterdam-01,Dairy,DAI-02,47,52,182,0
2025-02-22,DS-Amsterdam-01,Dairy,DAI-03,58,39,237,0
2025-02-22,DS-Amsterdam-01,Dairy,DAI-04,47,42,195,0
2025-02-22,DS-Amsterdam-01,Dairy,DAI-05,43,47,177,0
2025-02-22,DS-Amsterdam-01,Dairy,DAI-06,94,78,291,1
2025-02-22,DS-Amsterdam-01,Beverages,BEV-01,67,97,250,0
2025-02-22,DS-Amsterdam-01,Beverages,BEV-02,64,54,263,0
2025-02-22,DS-Amsterdam-01,Beverages,BEV-03,91,67,368,0
2025-02-22,DS-Amsterdam-01,Beverages,BEV-04,71,71,267,0
2025-02-22,DS-Amsterdam-01,Beverages,BEV-05,133,150,394,1
2025-02-22,DS-Amsterdam-01,Beverages,BEV-06,70,64,244,0
2025-02-22,DS-Amsterdam-01,Snacks,SNA-01,84,44,104,0
2025-02-22,DS-Amsterdam-01,Snacks,SNA-02,54,61,70,0
2025-02-22,DS-Amsterdam-01,Snacks,SNA-03,57,51,96,0
2025-02-22,DS-Amsterdam-01,Snacks,SNA-04,65,53,113,0
2025-02-22,DS-Amsterdam-01,Snacks,SNA-05,69,59,91,0
2025-02-22,DS-Amsterdam-01,Snacks,SNA-06,131,98,211,1
2025-02-22,DS-Amsterdam-01,Household,HOU-01,29,25,103,0
2025-02-22,DS-Amsterdam-01,Household,HOU-02,24,25,90,0
2025-02-22,DS-Amsterdam-01,Household,HOU-03,31,33,110,0
2025-02-22,DS-Amsterdam-01,Household,HOU-04,38,31,119,0
2025-02-22,DS-Amsterdam-01,Household,HOU-05,33,30,102,0
2025-02-22,DS-Amsterdam-01,Household,HOU-06,30,31,88,0
2025-02-22,DS-Amsterdam-02,Fresh Produce,FRE-01,62,72,427,0
2025-02-22,DS-Amsterdam-02,Fresh Produce,FRE-02,134,158,941,1
2025-02-22,DS-Amsterdam-02,Fresh Produce,FRE-03,72,74,466,0
2025-02-22,DS-Amsterdam-02,Fresh Produce,FRE-04,63,75,435,0
2025-02-22,DS-Amsterdam-02,Fresh Produce,FRE-05,51,86,358,0
2025-02-22,DS-Amsterdam-02,Fresh Produce,FRE-06,73,78,476,0
2025-02-22,DS-Amsterdam-02,Dairy,DAI-01,50,47,199,0
2025-02-22,DS-Amsterdam-02,Dairy,DAI-02,45,52,164,0
2025-02-22,DS-Amsterdam-02,Dairy,DAI-03,57,61,233,0
2025-02-22,DS-Amsterdam-02,Dairy,DAI-04,107,105,345,1
2025-02-22,DS-Amsterdam-02,Dairy,DAI-05,51,51,174,0
2025-02-22,DS-Amsterdam-02,Dairy,DAI-06,61,57,252,0
2025-02-22,DS-Amsterdam-02,Beverages,BEV-01,124,108,367,0
2025-02-22,DS-Amsterdam-02,Beverages,BEV-02,84,100,256,0
2025-02-22,DS-Amsterdam-02,Beverages,BEV-03,101,94,345,0
2025-02-22,DS-Amsterdam-02,Beverages,BEV-04,101,109,352,0
2025-02-22,DS-Amsterdam-02,Beverages,BEV-05,96,96,270,0
2025-02-22,DS-Amsterdam-02,Beverages,BEV-06,90,84,262,0
2025-02-22,DS-Amsterdam-02,Snacks,SNA-01,101,77,161,0
2025-02-22,DS-Amsterdam-02,Snacks,SNA-02,77,69,101,0
2025-02-22,DS-Amsterdam-02,Snacks,SNA-03,102,60,146,0
2025-02-22,DS-Amsterdam-02,Snacks,SNA-04,73,89,127,0
2025-02-22,DS-Amsterdam-02,Snacks,SNA-05,156,133,225,1
2025-02-22,DS-Amsterdam-02,Snacks,SNA-06,76,64,126,0
2025-02-22,DS-Amsterdam-02,Household,HOU-01,33,39,94,0
2025-02-22,DS-Amsterdam-02,Household,HOU-02,45,41,178,0
2025-02-22,DS-Amsterdam-02,Household,HOU-03,34,27,98,0
2025-02-22,DS-Amsterdam-02,Household,HOU-04,47,35,172,0
2025-02-22,DS-Amsterdam-02,Household,HOU-05,31,41,92,0
2025-02-22,DS-Amsterdam-02,Household,HOU-06,34,40,123,0
2025-02-22,DS-Rotterdam-01,Fresh Produce,FRE-01,75,107,451,0
2025-02-22,DS-Rotterdam-01,Fresh Produce,FRE-02,140,147,842,1
2025-02-22,DS-Rotterdam-01,Fresh Produce,FRE-03,74,91,507,0
2025-02-22,DS-Rotterdam-01,Fresh Produce,FRE-04,86,92,445,0
2025-02-22,DS-Rotterdam-01,Fresh Produce,FRE-05,71,61,375,0
2025-02-22,DS-Rotterdam-01,Fresh Produce,FRE-06,126,133,638,1
2025-02-22,DS-Rotterdam-01,Dairy,DAI-01,62,40,226,0
2025-02-22,DS-Rotterdam-01,Dairy,DAI-02,50,70,150,0
2025-02-22,DS-Rotterdam-01,Dairy,DAI-03,49,73,180,0
2025-02-22,DS-Rotterdam-01,Dairy,DAI-04,54,63,191,0
2025-02-22,DS-Rotterdam-01,Dairy,DAI-05,58,53,204,0
2025-02-22,DS-Rotterdam-01,Dairy,DAI-06,54,64,188,0
2025-02-22,DS-Rotterdam-01,Beverages,BEV-01,92,109,300,0
2025-02-22,DS-Rotterdam-01,Beverages,BEV-02,113,95,414,0
2025-02-22,DS-Rotterdam-01,Beverages,BEV-03,118,72,392,0
2025-02-22,DS-Rotterdam-01,Beverages,BEV-04,122,63,434,0
2025-02-22,DS-Rotterdam-01,Beverages,BEV-05,99,67,319,0
2025-02-22,DS-Rotterdam-01,Beverages,BEV-06,180,137,737,1
2025-02-22,DS-Rotterdam-01,Snacks,SNA-01,75,88,100,0
2025-02-22,DS-Rotterdam-01,Snacks,SNA-02,87,65,152,0
2025-02-22,DS-Rotterdam-01,Snacks,SNA-03,101,86,178,0
2025-02-22,DS-Rotterdam-01,Snacks,SNA-04,89,71,148,0
2025-02-22,DS-Rotterdam-01,Snacks,SNA-05,95,77,119,0
2025-02-22,DS-Rotterdam-01,Snacks,SNA-06,87,80,122,0
2025-02-22,DS-Rotterdam-01,Household,HOU-01,41,51,139,0
2025-02-22,DS-Rotterdam-01,Household,HOU-02,47,42,156,0
2025-02-22,DS-Rotterdam-01,Household,HOU-03,47,48,183,0
2025-02-22,DS-Rotterdam-01,Household,HOU-04,36,45,146,0
2025-02-22,DS-Rotterdam-01,Household,HOU-05,68,86,205,1
2025-02-22,DS-Rotterdam-01,Household,HOU-06,42,40,134,0
2025-02-22,DS-Utrecht-01,Fresh Produce,FRE-01,64,81,337,0
2025-02-22,DS-Utrecht-01,Fresh Produce,FRE-02,132,128,898,1
2025-02-22,DS-Utrecht-01,Fresh Produce,FRE-03,75,71,533,0
2025-02-22,DS-Utrecht-01,Fresh Produce,FRE-04,59,82,290,0
2025-02-22,DS-Utrecht-01,Fresh Produce,FRE-05,58,86,383,0
2025-02-22,DS-Utrecht-01,Fresh Produce,FRE-06,66,76,328,0
2025-02-22,DS-Utrecht-01,Dairy,DAI-01,43,44,136,0
2025-02-22,DS-Utrecht-01,Dairy,DAI-02,51,53,204,0
2025-02-22,DS-Utrecht-01,Dairy,DAI-03,50,47,147,0
2025-02-22,DS-Utrecht-01,Dairy,DAI-04,47,50,134,0
2025-02-22,DS-Utrecht-01,Dairy,DAI-05,51,47,203,0
2025-02-22,DS-Utrecht-01,Dairy,DAI-06,50,57,155,0
2025-02-22,DS-Utrecht-01,Beverages,BEV-01,91,96,346,0
2025-02-22,DS-Utrecht-01,Beverages,BEV-02,112,95,404,0
2025-02-22,DS-Utrecht-01,Beverages,BEV-03,134,182,383,1
2025-02-22,DS-Utrecht-01,Beverages,BEV-04,134,156,514,1
2025-02-22,DS-Utrecht-01,Beverages,BEV-05,93,96,347,0
2025-02-22,DS-Utrecht-01,Beverages,BEV-06,83,72,257,0
2025-02-22,DS-Utrecht-01,Snacks,SNA-01,66,60,114,0
2025-02-22,DS-Utrecht-01,Snacks,SNA-02,74,63,92,0
2025-02-22,DS-Utrecht-01,Snacks,SNA-03,59,64,77,0
2025-02-22,DS-Utrecht-01,Snacks,SNA-04,95,59,149,0
2025-02-22,DS-Utrecht-01,Snacks,SNA-05,130,149,188,1
2025-02-22,DS-Utrecht-01,Snacks,SNA-06,86,68,113,0
2025-02-22,DS-Utrecht-01,Household,HOU-01,47,39,179,0
2025-02-22,DS-Utrecht-01,Household,HOU-02,38,39,157,0
2025-02-22,DS-Utrecht-01,Household,HOU-03,37,28,106,0
2025-02-22,DS-Utrecht-01,Household,HOU-04,38,36,152,0
2025-02-22,DS-Utrecht-01,Household,HOU-05,35,33,112,0
2025-02-22,DS-Utrecht-01,Household,HOU-06,33,37,108,0
2025-02-22,DS-TheHague-01,Fresh Produce,FRE-01,62,77,423,0
2025-02-22,DS-TheHague-01,Fresh Produce,FRE-02,52,79,366,0
2025-02-22,DS-TheHague-01,Fresh Produce,FRE-03,103,105,676,1
2025-02-22,DS-TheHague-01,Fresh Produce,FRE-04,52,61,261,0
2025-02-22,DS-TheHague-01,Fresh Produce,FRE-05,109,128,564,1
2025-02-22,DS-TheHague-01,Fresh Produce,FRE-06,52,61,352,0
2025-02-22,DS-TheHague-01,Dairy,DAI-01,54,48,187,0
2025-02-22,DS-TheHague-01,Dairy,DAI-02,44,48,145,0
2025-02-22,DS-TheHague-01,Dairy,DAI-03,46,41,149,0
2025-02-22,DS-TheHague-01,Dairy,DAI-04,53,48,165,0
2025-02-22,DS-TheHague-01,Dairy,DAI-05,41,46,167,0
2025-02-22,DS-TheHague-01,Dairy,DAI-06,49,37,167,0
2025-02-22,DS-TheHague-01,Beverages,BEV-01,68,77,210,0
2025-02-22,DS-TheHague-01,Beverages,BEV-02,65,68,203,0
2025-02-22,DS-TheHague-01,Beverages,BEV-03,75,77,284,0
2025-02-22,DS-TheHague-01,Beverages,BEV-04,72,83,299,0
2025-02-22,DS-TheHague-01,Beverages,BEV-05,79,71,221,0
2025-02-22,DS-TheHague-01,Beverages,BEV-06,67,79,213,0
2025-02-22,DS-TheHague-01,Snacks,SNA-01,61,51,96,0
2025-02-22,DS-TheHague-01,Snacks,SNA-02,127,89,226,1
2025-02-22,DS-TheHague-01,Snacks,SNA-03,62,64,80,0
2025-02-22,DS-TheHague-01,Snacks,SNA-04,69,61,83,0
2025-02-22,DS-TheHague-01,Snacks,SNA-05,65,53,95,0
2025-02-22,DS-TheHague-01,Snacks,SNA-06,85,49,149,0
2025-02-22,DS-TheHague-01,Household,HOU-01,27,24,106,0
2025-02-22,DS-TheHague-01,Household,HOU-02,36,29,104,0
2025-02-22,DS-TheHague-01,Household,HOU-03,27,30,90,0
2025-02-22,DS-TheHague-01,Household,HOU-04,29,31,104,0
2025-02-22,DS-TheHague-01,Household,HOU-05,29,29,112,0
2025-02-22,DS-TheHague-01,Household,HOU-06,40,27,153,0
2025-02-23,DS-Amsterdam-01,Fresh Produce,FRE-01,65,54,466,0
2025-02-23,DS-Amsterdam-01,Fresh Produce,FRE-02,45,58,306,0
2025-02-23,DS-Amsterdam-01,Fresh Produce,FRE-03,51,73,324,0
2025-02-23,DS-Amsterdam-01,Fresh Produce,FRE-04,67,65,424,0
2025-02-23,DS-Amsterdam-01,Fresh Produce,FRE-05,63,60,355,0
2025-02-23,DS-Amsterdam-01,Fresh Produce,FRE-06,73,76,510,0
2025-02-23,DS-Amsterdam-01,Dairy,DAI-01,43,37,167,0
2025-02-23,DS-Amsterdam-01,Dairy,DAI-02,58,49,210,0
2025-02-23,DS-Amsterdam-01,Dairy,DAI-03,77,72,316,1
2025-02-23,DS-Amsterdam-01,Dairy,DAI-04,41,44,148,0
2025-02-23,DS-Amsterdam-01,Dairy,DAI-05,58,54,208,0
2025-02-23,DS-Amsterdam-01,Dairy,DAI-06,42,42,166,0
2025-02-23,DS-Amsterdam-01,Beverages,BEV-01,78,95,262,0
2025-02-23,DS-Amsterdam-01,Beverages,BEV-02,88,82,328,0
2025-02-23,DS-Amsterdam-01,Beverages,BEV-03,82,89,274,0
2025-02-23,DS-Amsterdam-01,Beverages,BEV-04,77,74,292,0
2025-02-23,DS-Amsterdam-01,Beverages,BEV-05,83,104,286,0
2025-02-23,DS-Amsterdam-01,Beverages,BEV-06,82,75,236,0
2025-02-23,DS-Amsterdam-01,Snacks,SNA-01,65,58,96,0
2025-02-23,DS-Amsterdam-01,Snacks,SNA-02,73,54,102,0
2025-02-23,DS-Amsterdam-01,Snacks,SNA-03,65,52,105,0
2025-02-23,DS-Amsterdam-01,Snacks,SNA-04,75,60,96,0
2025-02-23,DS-Amsterdam-01,Snacks,SNA-05,81,54,143,0
2025-02-23,DS-Amsterdam-01,Snacks,SNA-06,64,61,84,0
2025-02-23,DS-Amsterdam-01,Household,HOU-01,38,33,134,0
2025-02-23,DS-Amsterdam-01,Household,HOU-02,27,27,96,0
2025-02-23,DS-Amsterdam-01,Household,HOU-03,24,36,91,0
2025-02-23,DS-Amsterdam-01,Household,HOU-04,45,25,144,0
2025-02-23,DS-Amsterdam-01,Household,HOU-05,42,41,162,0
2025-02-23,DS-Amsterdam-01,Household,HOU-06,33,24,122,0
2025-02-23,DS-Amsterdam-02,Fresh Produce,FRE-01,44,52,237,0
2025-02-23,DS-Amsterdam-02,Fresh Produce,FRE-02,52,63,295,0
2025-02-23,DS-Amsterdam-02,Fresh Produce,FRE-03,48,72,264,0
2025-02-23,DS-Amsterdam-02,Fresh Produce,FRE-04,72,66,355,0
2025-02-23,DS-Amsterdam-02,Fresh Produce,FRE-05,50,67,307,0
2025-02-23,DS-Amsterdam-02,Fresh Produce,FRE-06,66,77,413,0
2025-02-23,DS-Amsterdam-02,Dairy,DAI-01,102,101,301,1
2025-02-23,DS-Amsterdam-02,Dairy,DAI-02,39,41,146,0
2025-02-23,DS-Amsterdam-02,Dairy,DAI-03,52,57,166,0
2025-02-23,DS-Amsterdam-02,Dairy,DAI-04,38,36,140,0
2025-02-23,DS-Amsterdam-02,Dairy,DAI-05,43,39,139,0
2025-02-23,DS-Amsterdam-02,Dairy,DAI-06,42,54,141,0
2025-02-23,DS-Amsterdam-02,Beverages,BEV-01,80,73,270,0
2025-02-23,DS-Amsterdam-02,Beverages,BEV-02,70,72,258,0
2025-02-23,DS-Amsterdam-02,Beverages,BEV-03,84,68,277,0
2025-02-23,DS-Amsterdam-02,Beverages,BEV-04,78,69,254,0
2025-02-23,DS-Amsterdam-02,Beverages,BEV-05,89,84,357,0
2025-02-23,DS-Amsterdam-02,Beverages,BEV-06,69,80,226,0
2025-02-23,DS-Amsterdam-02,Snacks,SNA-01,83,50,109,0
2025-02-23,DS-Amsterdam-02,Snacks,SNA-02,67,52,100,0
2025-02-23,DS-Amsterdam-02,Snacks,SNA-03,70,59,104,0
2025-02-23,DS-Amsterdam-02,Snacks,SNA-04,119,109,173,1
2025-02-23,DS-Amsterdam-02,Snacks,SNA-05,70,64,98,0
2025-02-23,DS-Amsterdam-02,Snacks,SNA-06,63,63,112,0
2025-02-23,DS-Amsterdam-02,Household,HOU-01,28,28,110,0
2025-02-23,DS-Amsterdam-02,Household,HOU-02,34,35,135,0
2025-02-23,DS-Amsterdam-02,Household,HOU-03,23,35,95,0
2025-02-23,DS-Amsterdam-02,Household,HOU-04,32,34,109,0
2025-02-23,DS-Amsterdam-02,Household,HOU-05,31,31,120,0
2025-02-23,DS-Amsterdam-02,Household,HOU-06,27,27,104,0
2025-02-23,DS-Rotterdam-01,Fresh Produce,FRE-01,92,73,632,0
2025-02-23,DS-Rotterdam-01,Fresh Produce,FRE-02,80,93,561,0
2025-02-23,DS-Rotterdam-01,Fresh Produce,FRE-03,77,78,383,0
2025-02-23,DS-Rotterdam-01,Fresh Produce,FRE-04,69,77,346,0
2025-02-23,DS-Rotterdam-01,Fresh Produce,FRE-05,70,87,380,0
2025-02-23,DS-Rotterdam-01,Fresh Produce,FRE-06,83,82,504,0
2025-02-23,DS-Rotterdam-01,Dairy,DAI-01,76,51,294,0
2025-02-23,DS-Rotterdam-01,Dairy,DAI-02,73,65,229,0
2025-02-23,DS-Rotterdam-01,Dairy,DAI-03,70,51,230,0
2025-02-23,DS-Rotterdam-01,Dairy,DAI-04,58,63,186,0
2025-02-23,DS-Rotterdam-01,Dairy,DAI-05,119,108,433,1
2025-02-23,DS-Rotterdam-01,Dairy,DAI-06,61,46,218,0
2025-02-23,DS-Rotterdam-01,Beverages,BEV-01,121,105,391,0
2025-02-23,DS-Rotterdam-01,Beverages,BEV-02,175,184,713,1
2025-02-23,DS-Rotterdam-01,Beverages,BEV-03,111,92,439,0
2025-02-23,DS-Rotterdam-01,Beverages,BEV-04,192,221,729,1
2025-02-23,DS-Rotterdam-01,Beverages,BEV-05,93,122,301,0
2025-02-23,DS-Rotterdam-01,Beverages,BEV-06,114,103,430,0
2025-02-23,DS-Rotterdam-01,Snacks,SNA-01,106,70,144,0
2025-02-23,DS-Rotterdam-01,Snacks,SNA-02,148,143,183,1
2025-02-23,DS-Rotterdam-01,Snacks,SNA-03,79,69,98,0
2025-02-23,DS-Rotterdam-01,Snacks,SNA-04,83,83,122,0
2025-02-23,DS-Rotterdam-01,Snacks,SNA-05,82,87,126,0
2025-02-23,DS-Rotterdam-01,Snacks,SNA-06,86,52,120,0
2025-02-23,DS-Rotterdam-01,Household,HOU-01,38,35,116,0
2025-02-23,DS-Rotterdam-01,Household,HOU-02,41,42,152,0
2025-02-23,DS-Rotterdam-01,Household,HOU-03,49,43,158,0
2025-02-23,DS-Rotterdam-01,Household,HOU-04,53,36,213,0
2025-02-23,DS-Rotterdam-01,Household,HOU-05,38,46,138,0
2025-02-23,DS-Rotterdam-01,Household,HOU-06,44,39,167,0
2025-02-23,DS-Utrecht-01,Fresh Produce,FRE-01,63,49,404,0
2025-02-23,DS-Utrecht-01,Fresh Produce,FRE-02,64,66,417,0
2025-02-23,DS-Utrecht-01,Fresh Produce,FRE-03,51,61,265,0
2025-02-23,DS-Utrecht-01,Fresh Produce,FRE-04,58,66,398,0
2025-02-23,DS-Utrecht-01,Fresh Produce,FRE-05,39,59,215,0
2025-02-23,DS-Utrecht-01,Fresh Produce,FRE-06,46,65,292,0
2025-02-23,DS-Utrecht-01,Dairy,DAI-01,45,48,133,0
2025-02-23,DS-Utrecht-01,Dairy,DAI-02,43,48,124,0
2025-02-23,DS-Utrecht-01,Dairy,DAI-03,91,82,328,1
2025-02-23,DS-Utrecht-01,Dairy,DAI-04,47,45,155,0
2025-02-23,DS-Utrecht-01,Dairy,DAI-05,41,47,134,0
2025-02-23,DS-Utrecht-01,Dairy,DAI-06,46,43,141,0
2025-02-23,DS-Utrecht-01,Beverages,BEV-01,80,66,252,0
2025-02-23,DS-Utrecht-01,Beverages,BEV-02,73,66,262,0
2025-02-23,DS-Utrecht-01,Beverages,BEV-03,58,74,202,0
2025-02-23,DS-Utrecht-01,Beverages,BEV-04,82,83,241,0
2025-02-23,DS-Utrecht-01,Beverages,BEV-05,82,68,234,0
2025-02-23,DS-Utrecht-01,Beverages,BEV-06,80,68,321,0
2025-02-23,DS-Utrecht-01,Snacks,SNA-01,76,59,120,0
2025-02-23,DS-Utrecht-01,Snacks,SNA-02,69,48,121,0
2025-02-23,DS-Utrecht-01,Snacks,SNA-03,66,52,111,0
2025-02-23,DS-Utrecht-01,Snacks,SNA-04,72,53,109,0
2025-02-23,DS-Utrecht-01,Snacks,SNA-05,110,111,161,1
2025-02-23,DS-Utrecht-01,Snacks,SNA-06,74,44,102,0
2025-02-23,DS-Utrecht-01,Household,HOU-01,50,57,209,1
2025-02-23,DS-Utrecht-01,Household,HOU-02,25,33,72,0
2025-02-23,DS-Utrecht-01,Household,HOU-03,26,26,93,0
2025-02-23,DS-Utrecht-01,Household,HOU-04,25,36,71,0
2025-02-23,DS-Utrecht-01,Household,HOU-05,41,24,125,0
2025-02-23,DS-Utrecht-01,Household,HOU-06,23,33,88,0
2025-02-23,DS-TheHague-01,Fresh Produce,FRE-01,71,77,422,0
2025-02-23,DS-TheHague-01,Fresh Produce,FRE-02,51,81,304,0
2025-02-23,DS-TheHague-01,Fresh Produce,FRE-03,68,57,348,0
2025-02-23,DS-TheHague-01,Fresh Produce,FRE-04,57,73,294,0
2025-02-23,DS-TheHague-01,Fresh Produce,FRE-05,64,76,420,0
2025-02-23,DS-TheHague-01,Fresh Produce,FRE-06,137,139,977,1
2025-02-23,DS-TheHague-01,Dairy,DAI-01,49,58,194,0
2025-02-23,DS-TheHague-01,Dairy,DAI-02,91,87,311,1
2025-02-23,DS-TheHague-01,Dairy,DAI-03,62,47,195,0
2025-02-23,DS-TheHague-01,Dairy,DAI-04,48,43,195,0
2025-02-23,DS-TheHague-01,Dairy,DAI-05,60,47,236,0
2025-02-23,DS-TheHague-01,Dairy,DAI-06,51,56,199,0
2025-02-23,DS-TheHague-01,Beverages,BEV-01,98,71,324,0
2025-02-23,DS-TheHague-01,Beverages,BEV-02,98,79,382,0
2025-02-23,DS-TheHague-01,Beverages,BEV-03,94,88,389,0
2025-02-23,DS-TheHague-01,Beverages,BEV-04,89,90,346,0
2025-02-23,DS-TheHague-01,Beverages,BEV-05,81,76,289,0
2025-02-23,DS-TheHague-01,Beverages,BEV-06,70,102,283,0
2025-02-23,DS-TheHague-01,Snacks,SNA-01,77,68,125,0
2025-02-23,DS-TheHague-01,Snacks,SNA-02,71,69,96,0
2025-02-23,DS-TheHague-01,Snacks,SNA-03,79,68,107,0
2025-02-23,DS-TheHague-01,Snacks,SNA-04,82,71,115,0
2025-02-23,DS-TheHague-01,Snacks,SNA-05,70,61,118,0
2025-02-23,DS-TheHague-01,Snacks,SNA-06,66,70,104,0
2025-02-23,DS-TheHague-01,Household,HOU-01,45,42,150,0
2025-02-23,DS-TheHague-01,Household,HOU-02,33,37,128,0
2025-02-23,DS-TheHague-01,Household,HOU-03,37,35,145,0
2025-02-23,DS-TheHague-01,Household,HOU-04,60,60,222,1
2025-02-23,DS-TheHague-01,Household,HOU-05,42,38,126,0
2025-02-23,DS-TheHague-01,Household,HOU-06,41,37,157,0
2025-02-24,DS-Amsterdam-01,Fresh Produce,FRE-01,59,56,332,0
2025-02-24,DS-Amsterdam-01,Fresh Produce,FRE-02,48,56,305,0
2025-02-24,DS-Amsterdam-01,Fresh Produce,FRE-03,73,71,422,0
2025-02-24,DS-Amsterdam-01,Fresh Produce,FRE-04,60,69,399,0
2025-02-24,DS-Amsterdam-01,Fresh Produce,FRE-05,60,57,319,0
2025-02-24,DS-Amsterdam-01,Fresh Produce,FRE-06,55,75,378,0
2025-02-24,DS-Amsterdam-01,Dairy,DAI-01,43,35,134,0
2025-02-24,DS-Amsterdam-01,Dairy,DAI-02,50,42,180,0
2025-02-24,DS-Amsterdam-01,Dairy,DAI-03,83,80,332,1
2025-02-24,DS-Amsterdam-01,Dairy,DAI-04,37,46,133,0
2025-02-24,DS-Amsterdam-01,Dairy,DAI-05,49,50,153,0
2025-02-24,DS-Amsterdam-01,Dairy,DAI-06,57,37,165,0
2025-02-24,DS-Amsterdam-01,Beverages,BEV-01,79,85,286,0
2025-02-24,DS-Amsterdam-01,Beverages,BEV-02,81,67,318,0
2025-02-24,DS-Amsterdam-01,Beverages,BEV-03,76,69,272,0
2025-02-24,DS-Amsterdam-01,Beverages,BEV-04,79,96,286,0
2025-02-24,DS-Amsterdam-01,Beverages,BEV-05,76,71,276,0
2025-02-24,DS-Amsterdam-01,Beverages,BEV-06,89,67,299,0
2025-02-24,DS-Amsterdam-01,Snacks,SNA-01,60,66,75,0
2025-02-24,DS-Amsterdam-01,Snacks,SNA-02,65,44,109,0
2025-02-24,DS-Amsterdam-01,Snacks,SNA-03,71,53,87,0
2025-02-24,DS-Amsterdam-01,Snacks,SNA-04,62,55,88,0
2025-02-24,DS-Amsterdam-01,Snacks,SNA-05,57,54,72,0
2025-02-24,DS-Amsterdam-01,Snacks,SNA-06,59,59,72,0
2025-02-24,DS-Amsterdam-01,Household,HOU-01,46,30,190,0
2025-02-24,DS-Amsterdam-01,Household,HOU-02,35,34,107,0
2025-02-24,DS-Amsterdam-01,Household,HOU-03,32,37,115,0
2025-02-24,DS-Amsterdam-01,Household,HOU-04,36,32,105,0
2025-02-24,DS-Amsterdam-01,Household,HOU-05,26,33,77,0
2025-02-24,DS-Amsterdam-01,Household,HOU-06,36,33,136,0
2025-02-24,DS-Amsterdam-02,Fresh Produce,FRE-01,41,48,285,0
2025-02-24,DS-Amsterdam-02,Fresh Produce,FRE-02,49,52,257,0
2025-02-24,DS-Amsterdam-02,Fresh Produce,FRE-03,59,36,299,0
2025-02-24,DS-Amsterdam-02,Fresh Produce,FRE-04,45,54,221,0
2025-02-24,DS-Amsterdam-02,Fresh Produce,FRE-05,80,95,537,1
2025-02-24,DS-Amsterdam-02,Fresh Produce,FRE-06,39,59,278,0
2025-02-24,DS-Amsterdam-02,Dairy,DAI-01,36,36,141,0
2025-02-24,DS-Amsterdam-02,Dairy,DAI-02,46,38,184,0
2025-02-24,DS-Amsterdam-02,Dairy,DAI-03,64,66,190,1
2025-02-24,DS-Amsterdam-02,Dairy,DAI-04,36,40,123,0
2025-02-24,DS-Amsterdam-02,Dairy,DAI-05,41,41,166,0
2025-02-24,DS-Amsterdam-02,Dairy,DAI-06,42,32,154,0
2025-02-24,DS-Amsterdam-02,Beverages,BEV-01,74,67,213,0
2025-02-24,DS-Amsterdam-02,Beverages,BEV-02,62,74,249,0
2025-02-24,DS-Amsterdam-02,Beverages,BEV-03,77,63,231,0
2025-02-24,DS-Amsterdam-02,Beverages,BEV-04,62,59,242,0
2025-02-24,DS-Amsterdam-02,Beverages,BEV-05,55,63,163,0
2025-02-24,DS-Amsterdam-02,Beverages,BEV-06,59,74,197,0
2025-02-24,DS-Amsterdam-02,Snacks,SNA-01,49,48,87,0
2025-02-24,DS-Amsterdam-02,Snacks,SNA-02,101,74,144,1
2025-02-24,DS-Amsterdam-02,Snacks,SNA-03,46,46,62,0
2025-02-24,DS-Amsterdam-02,Snacks,SNA-04,55,51,66,0
2025-02-24,DS-Amsterdam-02,Snacks,SNA-05,49,57,78,0
2025-02-24,DS-Amsterdam-02,Snacks,SNA-06,61,44,96,0
2025-02-24,DS-Amsterdam-02,Household,HOU-01,25,25,82,0
2025-02-24,DS-Amsterdam-02,Household,HOU-02,26,27,101,0
2025-02-24,DS-Amsterdam-02,Household,HOU-03,44,39,144,1
2025-02-24,DS-Amsterdam-02,Household,HOU-04,58,42,198,1
2025-02-24,DS-Amsterdam-02,Household,HOU-05,20,20,75,0
2025-02-24,DS-Amsterdam-02,Household,HOU-06,22,23,82,0
2025-02-24,DS-Rotterdam-01,Fresh Produce,FRE-01,61,55,322,0
2025-02-24,DS-Rotterdam-01,Fresh Produce,FRE-02,63,68,439,0
2025-02-24,DS-Rotterdam-01,Fresh Produce,FRE-03,112,129,746,1
2025-02-24,DS-Rotterdam-01,Fresh Produce,FRE-04,101,99,598,1
2025-02-24,DS-Rotterdam-01,Fresh Produce,FRE-05,68,67,475,0
2025-02-24,DS-Rotterdam-01,Fresh Produce,FRE-06,53,57,289,0
2025-02-24,DS-Rotterdam-01,Dairy,DAI-01,47,38,143,0
2025-02-24,DS-Rotterdam-01,Dairy,DAI-02,45,45,137,0
2025-02-24,DS-Rotterdam-01,Dairy,DAI-03,52,50,170,0
2025-02-24,DS-Rotterdam-01,Dairy,DAI-04,38,55,130,0
2025-02-24,DS-Rotterdam-01,Dairy,DAI-05,49,47,137,0
2025-02-24,DS-Rotterdam-01,Dairy,DAI-06,43,39,144,0
2025-02-24,DS-Rotterdam-01,Beverages,BEV-01,86,69,342,0
2025-02-24,DS-Rotterdam-01,Beverages,BEV-02,71,82,207,0
2025-02-24,DS-Rotterdam-01,Beverages,BEV-03,94,71,379,0
2025-02-24,DS-Rotterdam-01,Beverages,BEV-04,87,74,261,0
2025-02-24,DS-Rotterdam-01,Beverages,BEV-05,89,99,303,0
2025-02-24,DS-Rotterdam-01,Beverages,BEV-06,94,61,386,0
2025-02-24,DS-Rotterdam-01,Snacks,SNA-01,83,53,145,0
2025-02-24,DS-Rotterdam-01,Snacks,SNA-02,77,59,115,0
2025-02-24,DS-Rotterdam-01,Snacks,SNA-03,56,49,71,0
2025-02-24,DS-Rotterdam-01,Snacks,SNA-04,64,65,94,0
2025-02-24,DS-Rotterdam-01,Snacks,SNA-05,69,60,91,0
2025-02-24,DS-Rotterdam-01,Snacks,SNA-06,65,61,92,0
2025-02-24,DS-Rotterdam-01,Household,HOU-01,65,51,235,1
2025-02-24,DS-Rotterdam-01,Household,HOU-02,52,36,164,1
2025-02-24,DS-Rotterdam-01,Household,HOU-03,29,23,96,0
2025-02-24,DS-Rotterdam-01,Household,HOU-04,29,32,100,0
2025-02-24,DS-Rotterdam-01,Household,HOU-05,32,26,107,0
2025-02-24,DS-Rotterdam-01,Household,HOU-06,38,32,111,0
2025-02-24,DS-Utrecht-01,Fresh Produce,FRE-01,42,62,209,0
2025-02-24,DS-Utrecht-01,Fresh Produce,FRE-02,86,91,561,1
2025-02-24,DS-Utrecht-01,Fresh Produce,FRE-03,48,47,334,0
2025-02-24,DS-Utrecht-01,Fresh Produce,FRE-04,43,51,278,0
2025-02-24,DS-Utrecht-01,Fresh Produce,FRE-05,49,46,294,0
2025-02-24,DS-Utrecht-01,Fresh Produce,FRE-06,52,54,258,0
2025-02-24,DS-Utrecht-01,Dairy,DAI-01,44,34,165,0
2025-02-24,DS-Utrecht-01,Dairy,DAI-02,39,40,120,0
2025-02-24,DS-Utrecht-01,Dairy,DAI-03,33,36,96,0
2025-02-24,DS-Utrecht-01,Dairy,DAI-04,42,42,159,0
2025-02-24,DS-Utrecht-01,Dairy,DAI-05,39,39,128,0
2025-02-24,DS-Utrecht-01,Dairy,DAI-06,35,39,99,0
2025-02-24,DS-Utrecht-01,Beverages,BEV-01,69,41,248,0
2025-02-24,DS-Utrecht-01,Beverages,BEV-02,72,68,283,0
2025-02-24,DS-Utrecht-01,Beverages,BEV-03,43,63,131,0
2025-02-24,DS-Utrecht-01,Beverages,BEV-04,61,78,187,0
2025-02-24,DS-Utrecht-01,Beverages,BEV-05,61,61,228,0
2025-02-24,DS-Utrecht-01,Beverages,BEV-06,60,77,249,0
2025-02-24,DS-Utrecht-01,Snacks,SNA-01,60,39,72,0
2025-02-24,DS-Utrecht-01,Snacks,SNA-02,60,49,97,0
2025-02-24,DS-Utrecht-01,Snacks,SNA-03,67,44,117,0
2025-02-24,DS-Utrecht-01,Snacks,SNA-04,54,51,94,0
2025-02-24,DS-Utrecht-01,Snacks,SNA-05,73,58,126,0
2025-02-24,DS-Utrecht-01,Snacks,SNA-06,56,55,99,0
2025-02-24,DS-Utrecht-01,Household,HOU-01,49,44,152,1
2025-02-24,DS-Utrecht-01,Household,HOU-02,26,26,78,0
2025-02-24,DS-Utrecht-01,Household,HOU-03,13,23,49,0
2025-02-24,DS-Utrecht-01,Household,HOU-04,33,30,110,0
2025-02-24,DS-Utrecht-01,Household,HOU-05,32,22,132,0
2025-02-24,DS-Utrecht-01,Household,HOU-06,31,26,89,0
2025-02-24,DS-TheHague-01,Fresh Produce,FRE-01,57,53,307,0
2025-02-24,DS-TheHague-01,Fresh Produce,FRE-02,59,49,321,0
2025-02-24,DS-TheHague-01,Fresh Produce,FRE-03,42,59,211,0
2025-02-24,DS-TheHague-01,Fresh Produce,FRE-04,43,62,292,0
2025-02-24,DS-TheHague-01,Fresh Produce,FRE-05,38,66,233,0
2025-02-24,DS-TheHague-01,Fresh Produce,FRE-06,37,53,187,0
2025-02-24,DS-TheHague-01,Dairy,DAI-01,48,38,187,0
2025-02-24,DS-TheHague-01,Dairy,DAI-02,46,34,159,0
2025-02-24,DS-TheHague-01,Dairy,DAI-03,47,37,161,0
2025-02-24,DS-TheHague-01,Dairy,DAI-04,44,37,171,0
2025-02-24,DS-TheHague-01,Dairy,DAI-05,36,34,140,0
2025-02-24,DS-TheHague-01,Dairy,DAI-06,43,35,175,0
2025-02-24,DS-TheHague-01,Beverages,BEV-01,61,58,204,0
2025-02-24,DS-TheHague-01,Beverages,BEV-02,61,62,244,0
2025-02-24,DS-TheHague-01,Beverages,BEV-03,71,61,224,0
2025-02-24,DS-TheHague-01,Beverages,BEV-04,74,62,289,0
2025-02-24,DS-TheHague-01,Beverages,BEV-05,53,76,212,0
2025-02-24,DS-TheHague-01,Beverages,BEV-06,66,55,248,0
2025-02-24,DS-TheHague-01,Snacks,SNA-01,38,52,65,0
2025-02-24,DS-TheHague-01,Snacks,SNA-02,79,43,103,0
2025-02-24,DS-TheHague-01,Snacks,SNA-03,69,46,112,0
2025-02-24,DS-TheHague-01,Snacks,SNA-04,51,48,81,0
2025-02-24,DS-TheHague-01,Snacks,SNA-05,47,38,64,0
2025-02-24,DS-TheHague-01,Snacks,SNA-06,106,89,168,1
2025-02-24,DS-TheHague-01,Household,HOU-01,19,24,69,0
2025-02-24,DS-TheHague-01,Household,HOU-02,28,28,96,0
2025-02-24,DS-TheHague-01,Household,HOU-03,18,24,55,0
2025-02-24,DS-TheHague-01,Household,HOU-04,32,31,120,0
2025-02-24,DS-TheHague-01,Household,HOU-05,25,29,76,0
2025-02-24,DS-TheHague-01,Household,HOU-06,25,27,80,0
2025-02-25,DS-Amsterdam-01,Fresh Produce,FRE-01,54,77,365,0
2025-02-25,DS-Amsterdam-01,Fresh Produce,FRE-02,63,69,449,0
2025-02-25,DS-Amsterdam-01,Fresh Produce,FRE-03,46,74,289,0
2025-02-25,DS-Amsterdam-01,Fresh Produce,FRE-04,53,70,287,0
2025-02-25,DS-Amsterdam-01,Fresh Produce,FRE-05,58,75,279,0
2025-02-25,DS-Amsterdam-01,Fresh Produce,FRE-06,61,76,386,0
2025-02-25,DS-Amsterdam-01,Dairy,DAI-01,51,57,178,0
2025-02-25,DS-Amsterdam-01,Dairy,DAI-02,45,50,166,0
2025-02-25,DS-Amsterdam-01,Dairy,DAI-03,43,46,131,0
2025-02-25,DS-Amsterdam-01,Dairy,DAI-04,57,46,174,0
2025-02-25,DS-Amsterdam-01,Dairy,DAI-05,48,55,174,0
2025-02-25,DS-Amsterdam-01,Dairy,DAI-06,58,52,209,0
2025-02-25,DS-Amsterdam-01,Beverages,BEV-01,82,84,310,0
2025-02-25,DS-Amsterdam-01,Beverages,BEV-02,76,89,315,0
2025-02-25,DS-Amsterdam-01,Beverages,BEV-03,79,93,292,0
2025-02-25,DS-Amsterdam-01,Beverages,BEV-04,79,75,295,0
2025-02-25,DS-Amsterdam-01,Beverages,BEV-05,75,80,295,0
2025-02-25,DS-Amsterdam-01,Beverages,BEV-06,69,73,214,0
2025-02-25,DS-Amsterdam-01,Snacks,SNA-01,80,58,142,0
2025-02-25,DS-Amsterdam-01,Snacks,SNA-02,73,61,117,0
2025-02-25,DS-Amsterdam-01,Snacks,SNA-03,71,47,104,0
2025-02-25,DS-Amsterdam-01,Snacks,SNA-04,80,52,115,0
2025-02-25,DS-Amsterdam-01,Snacks,SNA-05,58,60,98,0
2025-02-25,DS-Amsterdam-01,Snacks,SNA-06,77,39,99,0
2025-02-25,DS-Amsterdam-01,Household,HOU-01,35,34,143,0
2025-02-25,DS-Amsterdam-01,Household,HOU-02,36,34,118,0
2025-02-25,DS-Amsterdam-01,Household,HOU-03,34,41,134,0
2025-02-25,DS-Amsterdam-01,Household,HOU-04,30,34,86,0
2025-02-25,DS-Amsterdam-01,Household,HOU-05,59,59,244,1
2025-02-25,DS-Amsterdam-01,Household,HOU-06,23,32,66,0
2025-02-25,DS-Amsterdam-02,Fresh Produce,FRE-01,59,57,393,0
2025-02-25,DS-Amsterdam-02,Fresh Produce,FRE-02,67,69,361,0
2025-02-25,DS-Amsterdam-02,Fresh Produce,FRE-03,46,48,232,0
2025-02-25,DS-Amsterdam-02,Fresh Produce,FRE-04,40,62,218,0
2025-02-25,DS-Amsterdam-02,Fresh Produce,FRE-05,63,59,392,0
2025-02-25,DS-Amsterdam-02,Fresh Produce,FRE-06,45,61,222,0
2025-02-25,DS-Amsterdam-02,Dairy,DAI-01,47,40,173,0
2025-02-25,DS-Amsterdam-02,Dairy,DAI-02,42,44,122,0
2025-02-25,DS-Amsterdam-02,Dairy,DAI-03,41,32,157,0
2025-02-25,DS-Amsterdam-02,Dairy,DAI-04,40,41,146,0
2025-02-25,DS-Amsterdam-02,Dairy,DAI-05,45,30,183,0
2025-02-25,DS-Amsterdam-02,Dairy,DAI-06,36,45,142,0
2025-02-25,DS-Amsterdam-02,Beverages,BEV-01,69,57,222,0
2025-02-25,DS-Amsterdam-02,Beverages,BEV-02,81,63,332,0
2025-02-25,DS-Amsterdam-02,Beverages,BEV-03,61,80,223,0
2025-02-25,DS-Amsterdam-02,Beverages,BEV-04,169,162,584,1
2025-02-25,DS-Amsterdam-02,Beverages,BEV-05,74,86,295,0
2025-02-25,DS-Amsterdam-02,Beverages,BEV-06,77,54,256,0
2025-02-25,DS-Amsterdam-02,Snacks,SNA-01,104,89,184,1
2025-02-25,DS-Amsterdam-02,Snacks,SNA-02,49,63,74,0
2025-02-25,DS-Amsterdam-02,Snacks,SNA-03,62,60,81,0
2025-02-25,DS-Amsterdam-02,Snacks,SNA-04,78,56,97,0
2025-02-25,DS-Amsterdam-02,Snacks,SNA-05,67,66,93,0
2025-02-25,DS-Amsterdam-02,Snacks,SNA-06,105,102,186,1
2025-02-25,DS-Amsterdam-02,Household,HOU-01,40,32,141,0
2025-02-25,DS-Amsterdam-02,Household,HOU-02,55,53,214,1
2025-02-25,DS-Amsterdam-02,Household,HOU-03,32,30,95,0
2025-02-25,DS-Amsterdam-02,Household,HOU-04,31,26,101,0
2025-02-25,DS-Amsterdam-02,Household,HOU-05,33,28,94,0
2025-02-25,DS-Amsterdam-02,Household,HOU-06,42,41,141,1
2025-02-25,DS-Rotterdam-01,Fresh Produce,FRE-01,44,65,237,0
2025-02-25,DS-Rotterdam-01,Fresh Produce,FRE-02,57,82,328,0
2025-02-25,DS-Rotterdam-01,Fresh Produce,FRE-03,57,57,294,0
2025-02-25,DS-Rotterdam-01,Fresh Produce,FRE-04,65,54,370,0
2025-02-25,DS-Rotterdam-01,Fresh Produce,FRE-05,62,73,419,0
2025-02-25,DS-Rotterdam-01,Fresh Produce,FRE-06,63,66,353,0
2025-02-25,DS-Rotterdam-01,Dairy,DAI-01,48,48,135,0
2025-02-25,DS-Rotterdam-01,Dairy,DAI-02,38,45,124,0
2025-02-25,DS-Rotterdam-01,Dairy,DAI-03,53,46,151,0
2025-02-25,DS-Rotterdam-01,Dairy,DAI-04,44,53,171,0
2025-02-25,DS-Rotterdam-01,Dairy,DAI-05,51,42,202,0
2025-02-25,DS-Rotterdam-01,Dairy,DAI-06,59,48,214,0
2025-02-25,DS-Rotterdam-01,Beverages,BEV-01,92,78,383,0
2025-02-25,DS-Rotterdam-01,Beverages,BEV-02,67,79,258,0
2025-02-25,DS-Rotterdam-01,Beverages,BEV-03,75,88,263,0
2025-02-25,DS-Rotterdam-01,Beverages,BEV-04,72,73,271,0
2025-02-25,DS-Rotterdam-01,Beverages,BEV-05,75,69,273,0
2025-02-25,DS-Rotterdam-01,Beverages,BEV-06,75,75,213,0
2025-02-25,DS-Rotterdam-01,Snacks,SNA-01,65,54,89,0
2025-02-25,DS-Rotterdam-01,Snacks,SNA-02,120,89,172,1
2025-02-25,DS-Rotterdam-01,Snacks,SNA-03,58,47,76,0
2025-02-25,DS-Rotterdam-01,Snacks,SNA-04,67,56,86,0
2025-02-25,DS-Rotterdam-01,Snacks,SNA-05,74,64,118,0
2025-02-25,DS-Rotterdam-01,Snacks,SNA-06,59,58,92,0
2025-02-25,DS-Rotterdam-01,Household,HOU-01,36,37,128,0
2025-02-25,DS-Rotterdam-01,Household,HOU-02,28,26,115,0
2025-02-25,DS-Rotterdam-01,Household,HOU-03,26,33,85,0
2025-02-25,DS-Rotterdam-01,Household,HOU-04,60,48,182,1
2025-02-25,DS-Rotterdam-01,Household,HOU-05,36,26,133,0
2025-02-25,DS-Rotterdam-01,Household,HOU-06,35,33,111,0
2025-02-25,DS-Utrecht-01,Fresh Produce,FRE-01,70,85,440,0
2025-02-25,DS-Utrecht-01,Fresh Produce,FRE-02,52,75,362,0
2025-02-25,DS-Utrecht-01,Fresh Produce,FRE-03,55,66,272,0
2025-02-25,DS-Utrecht-01,Fresh Produce,FRE-04,48,62,337,0
2025-02-25,DS-Utrecht-01,Fresh Produce,FRE-05,39,61,225,0
2025-02-25,DS-Utrecht-01,Fresh Produce,FRE-06,62,64,421,0
2025-02-25,DS-Utrecht-01,Dairy,DAI-01,47,55,187,0
2025-02-25,DS-Utrecht-01,Dairy,DAI-02,57,47,218,0
2025-02-25,DS-Utrecht-01,Dairy,DAI-03,43,41,174,0
2025-02-25,DS-Utrecht-01,Dairy,DAI-04,48,49,138,0
2025-02-25,DS-Utrecht-01,Dairy,DAI-05,98,83,375,1
2025-02-25,DS-Utrecht-01,Dairy,DAI-06,51,50,191,0
2025-02-25,DS-Utrecht-01,Beverages,BEV-01,81,94,277,0
2025-02-25,DS-Utrecht-01,Beverages,BEV-02,80,76,292,0
2025-02-25,DS-Utrecht-01,Beverages,BEV-03,89,74,269,0
2025-02-25,DS-Utrecht-01,Beverages,BEV-04,80,71,283,0
2025-02-25,DS-Utrecht-01,Beverages,BEV-05,88,83,265,0
2025-02-25,DS-Utrecht-01,Beverages,BEV-06,76,98,301,0
2025-02-25,DS-Utrecht-01,Snacks,SNA-01,77,57,106,0
2025-02-25,DS-Utrecht-01,Snacks,SNA-02,75,59,102,0
2025-02-25,DS-Utrecht-01,Snacks,SNA-03,74,60,93,0
2025-02-25,DS-Utrecht-01,Snacks,SNA-04,82,60,130,0
2025-02-25,DS-Utrecht-01,Snacks,SNA-05,82,60,140,0
2025-02-25,DS-Utrecht-01,Snacks,SNA-06,71,56,97,0
2025-02-25,DS-Utrecht-01,Household,HOU-01,32,34,94,0
2025-02-25,DS-Utrecht-01,Household,HOU-02,21,34,81,0
2025-02-25,DS-Utrecht-01,Household,HOU-03,27,42,77,0
2025-02-25,DS-Utrecht-01,Household,HOU-04,38,32,124,0
2025-02-25,DS-Utrecht-01,Household,HOU-05,31,35,95,0
2025-02-25,DS-Utrecht-01,Household,HOU-06,28,25,96,0
2025-02-25,DS-TheHague-01,Fresh Produce,FRE-01,64,71,397,0
2025-02-25,DS-TheHague-01,Fresh Produce,FRE-02,64,73,431,0
2025-02-25,DS-TheHague-01,Fresh Produce,FRE-03,55,59,302,0
2025-02-25,DS-TheHague-01,Fresh Produce,FRE-04,95,121,617,1
2025-02-25,DS-TheHague-01,Fresh Produce,FRE-05,53,77,358,0
2025-02-25,DS-TheHague-01,Fresh Produce,FRE-06,57,57,280,0
2025-02-25,DS-TheHague-01,Dairy,DAI-01,55,42,213,0
2025-02-25,DS-TheHague-01,Dairy,DAI-02,37,47,153,0
2025-02-25,DS-TheHague-01,Dairy,DAI-03,55,46,210,0
2025-02-25,DS-TheHague-01,Dairy,DAI-04,47,44,189,0
2025-02-25,DS-TheHague-01,Dairy,DAI-05,37,49,119,0
2025-02-25,DS-TheHague-01,Dairy,DAI-06,42,37,129,0
2025-02-25,DS-TheHague-01,Beverages,BEV-01,84,72,332,0
2025-02-25,DS-TheHague-01,Beverages,BEV-02,153,120,566,1
2025-02-25,DS-TheHague-01,Beverages,BEV-03,72,73,206,0
2025-02-25,DS-TheHague-01,Beverages,BEV-04,74,62,268,0
2025-02-25,DS-TheHague-01,Beverages,BEV-05,60,77,168,0
2025-02-25,DS-TheHague-01,Beverages,BEV-06,74,81,274,0
2025-02-25,DS-TheHague-01,Snacks,SNA-01,63,65,103,0
2025-02-25,DS-TheHague-01,Snacks,SNA-02,60,59,95,0
2025-02-25,DS-TheHague-01,Snacks,SNA-03,71,52,92,0
2025-02-25,DS-TheHague-01,Snacks,SNA-04,67,43,110,0
2025-02-25,DS-TheHague-01,Snacks,SNA-05,74,45,108,0
2025-02-25,DS-TheHague-01,Snacks,SNA-06,66,48,107,0
2025-02-25,DS-TheHague-01,Household,HOU-01,24,34,91,0
2025-02-25,DS-TheHague-01,Household,HOU-02,27,28,105,0
2025-02-25,DS-TheHague-01,Household,HOU-03,25,30,93,0
2025-02-25,DS-TheHague-01,Household,HOU-04,29,34,88,0
2025-02-25,DS-TheHague-01,Household,HOU-05,31,32,126,0
2025-02-25,DS-TheHague-01,Household,HOU-06,38,31,158,0
2025-02-26,DS-Amsterdam-01,Fresh Produce,FRE-01,50,59,248,0
2025-02-26,DS-Amsterdam-01,Fresh Produce,FRE-02,46,53,248,0
2025-02-26,DS-Amsterdam-01,Fresh Produce,FRE-03,52,68,352,0
2025-02-26,DS-Amsterdam-01,Fresh Produce,FRE-04,60,78,415,0
2025-02-26,DS-Amsterdam-01,Fresh Produce,FRE-05,67,58,456,0
2025-02-26,DS-Amsterdam-01,Fresh Produce,FRE-06,55,48,342,0
2025-02-26,DS-Amsterdam-01,Dairy,DAI-01,48,42,137,0
2025-02-26,DS-Amsterdam-01,Dairy,DAI-02,41,41,119,0
2025-02-26,DS-Amsterdam-01,Dairy,DAI-03,48,50,180,0
2025-02-26,DS-Amsterdam-01,Dairy,DAI-04,41,53,168,0
2025-02-26,DS-Amsterdam-01,Dairy,DAI-05,44,49,126,0
2025-02-26,DS-Amsterdam-01,Dairy,DAI-06,54,47,166,0
2025-02-26,DS-Amsterdam-01,Beverages,BEV-01,71,80,258,0
2025-02-26,DS-Amsterdam-01,Beverages,BEV-02,65,83,249,0
2025-02-26,DS-Amsterdam-01,Beverages,BEV-03,75,70,253,0
2025-02-26,DS-Amsterdam-01,Beverages,BEV-04,152,166,460,1
2025-02-26,DS-Amsterdam-01,Beverages,BEV-05,136,131,501,1
2025-02-26,DS-Amsterdam-01,Beverages,BEV-06,93,68,334,0
2025-02-26,DS-Amsterdam-01,Snacks,SNA-01,57,44,73,0
2025-02-26,DS-Amsterdam-01,Snacks,SNA-02,71,55,94,0
2025-02-26,DS-Amsterdam-01,Snacks,SNA-03,72,49,115,0
2025-02-26,DS-Amsterdam-01,Snacks,SNA-04,69,54,119,0
2025-02-26,DS-Amsterdam-01,Snacks,SNA-05,66,73,102,0
2025-02-26,DS-Amsterdam-01,Snacks,SNA-06,58,61,86,0
2025-02-26,DS-Amsterdam-01,Household,HOU-01,33,32,134,0
2025-02-26,DS-Amsterdam-01,Household,HOU-02,32,29,120,0
2025-02-26,DS-Amsterdam-01,Household,HOU-03,31,25,129,0
2025-02-26,DS-Amsterdam-01,Household,HOU-04,34,34,141,0
2025-02-26,DS-Amsterdam-01,Household,HOU-05,31,27,117,0
2025-02-26,DS-Amsterdam-01,Household,HOU-06,31,25,89,0
2025-02-26,DS-Amsterdam-02,Fresh Produce,FRE-01,40,46,227,0
2025-02-26,DS-Amsterdam-02,Fresh Produce,FRE-02,52,51,316,0
2025-02-26,DS-Amsterdam-02,Fresh Produce,FRE-03,37,43,219,0
2025-02-26,DS-Amsterdam-02,Fresh Produce,FRE-04,57,48,407,0
2025-02-26,DS-Amsterdam-02,Fresh Produce,FRE-05,42,50,211,0
2025-02-26,DS-Amsterdam-02,Fresh Produce,FRE-06,33,41,167,0
2025-02-26,DS-Amsterdam-02,Dairy,DAI-01,32,32,114,0
2025-02-26,DS-Amsterdam-02,Dairy,DAI-02,28,31,112,0
2025-02-26,DS-Amsterdam-02,Dairy,DAI-03,29,35,119,0
2025-02-26,DS-Amsterdam-02,Dairy,DAI-04,38,28,138,0
2025-02-26,DS-Amsterdam-02,Dairy,DAI-05,46,35,151,0
2025-02-26,DS-Amsterdam-02,Dairy,DAI-06,36,30,142,0
2025-02-26,DS-Amsterdam-02,Beverages,BEV-01,51,50,189,0
2025-02-26,DS-Amsterdam-02,Beverages,BEV-02,58,61,222,0
2025-02-26,DS-Amsterdam-02,Beverages,BEV-03,50,66,148,0
2025-02-26,DS-Amsterdam-02,Beverages,BEV-04,60,58,185,0
2025-02-26,DS-Amsterdam-02,Beverages,BEV-05,61,53,174,0
2025-02-26,DS-Amsterdam-02,Beverages,BEV-06,66,60,270,0
2025-02-26,DS-Amsterdam-02,Snacks,SNA-01,51,38,73,0
2025-02-26,DS-Amsterdam-02,Snacks,SNA-02,45,46,58,0
2025-02-26,DS-Amsterdam-02,Snacks,SNA-03,51,38,83,0
2025-02-26,DS-Amsterdam-02,Snacks,SNA-04,39,44,57,0
2025-02-26,DS-Amsterdam-02,Snacks,SNA-05,52,40,92,0
2025-02-26,DS-Amsterdam-02,Snacks,SNA-06,95,73,151,1
2025-02-26,DS-Amsterdam-02,Household,HOU-01,30,18,119,0
2025-02-26,DS-Amsterdam-02,Household,HOU-02,22,21,72,0
2025-02-26,DS-Amsterdam-02,Household,HOU-03,14,24,51,0
2025-02-26,DS-Amsterdam-02,Household,HOU-04,21,18,75,0
2025-02-26,DS-Amsterdam-02,Household,HOU-05,20,19,82,0
2025-02-26,DS-Amsterdam-02,Household,HOU-06,38,41,130,1
2025-02-26,DS-Rotterdam-01,Fresh Produce,FRE-01,72,67,443,0
2025-02-26,DS-Rotterdam-01,Fresh Produce,FRE-02,39,62,249,0
2025-02-26,DS-Rotterdam-01,Fresh Produce,FRE-03,56,83,358,0
2025-02-26,DS-Rotterdam-01,Fresh Produce,FRE-04,59,61,348,0
2025-02-26,DS-Rotterdam-01,Fresh Produce,FRE-05,96,137,516,1
2025-02-26,DS-Rotterdam-01,Fresh Produce,FRE-06,47,61,279,0
2025-02-26,DS-Rotterdam-01,Dairy,DAI-01,58,52,202,0
2025-02-26,DS-Rotterdam-01,Dairy,DAI-02,50,51,207,0
2025-02-26,DS-Rotterdam-01,Dairy,DAI-03,40,50,127,0
2025-02-26,DS-Rotterdam-01,Dairy,DAI-04,58,39,225,0
2025-02-26,DS-Rotterdam-01,Dairy,DAI-05,43,53,168,0
2025-02-26,DS-Rotterdam-01,Dairy,DAI-06,49,50,178,0
2025-02-26,DS-Rotterdam-01,Beverages,BEV-01,76,80,254,0
2025-02-26,DS-Rotterdam-01,Beverages,BEV-02,83,80,310,0
2025-02-26,DS-Rotterdam-01,Beverages,BEV-03,78,65,284,0
2025-02-26,DS-Rotterdam-01,Beverages,BEV-04,81,58,328,0
2025-02-26,DS-Rotterdam-01,Beverages,BEV-05,69,92,252,0
2025-02-26,DS-Rotterdam-01,Beverages,BEV-06,91,86,323,0
2025-02-26,DS-Rotterdam-01,Snacks,SNA-01,76,65,122,0
2025-02-26,DS-Rotterdam-01,Snacks,SNA-02,56,69,86,0
2025-02-26,DS-Rotterdam-01,Snacks,SNA-03,68,59,111,0
2025-02-26,DS-Rotterdam-01,Snacks,SNA-04,143,101,243,1
2025-02-26,DS-Rotterdam-01,Snacks,SNA-05,83,72,123,0
2025-02-26,DS-Rotterdam-01,Snacks,SNA-06,76,61,99,0
2025-02-26,DS-Rotterdam-01,Household,HOU-01,33,43,125,0
2025-02-26,DS-Rotterdam-01,Household,HOU-02,32,30,95,0
2025-02-26,DS-Rotterdam-01,Household,HOU-03,45,37,128,0
2025-02-26,DS-Rotterdam-01,Household,HOU-04,40,29,159,0
2025-02-26,DS-Rotterdam-01,Household,HOU-05,27,27,109,0
2025-02-26,DS-Rotterdam-01,Household,HOU-06,26,26,79,0
2025-02-26,DS-Utrecht-01,Fresh Produce,FRE-01,40,51,269,0
2025-02-26,DS-Utrecht-01,Fresh Produce,FRE-02,71,102,441,1
2025-02-26,DS-Utrecht-01,Fresh Produce,FRE-03,30,47,170,0
2025-02-26,DS-Utrecht-01,Fresh Produce,FRE-04,38,41,195,0
2025-02-26,DS-Utrecht-01,Fresh Produce,FRE-05,42,46,285,0
2025-02-26,DS-Utrecht-01,Fresh Produce,FRE-06,31,51,212,0
2025-02-26,DS-Utrecht-01,Dairy,DAI-01,29,29,117,0
2025-02-26,DS-Utrecht-01,Dairy,DAI-02,29,34,112,0
2025-02-26,DS-Utrecht-01,Dairy,DAI-03,18,33,66,0
2025-02-26,DS-Utrecht-01,Dairy,DAI-04,30,30,102,0
2025-02-26,DS-Utrecht-01,Dairy,DAI-05,29,37,115,0
2025-02-26,DS-Utrecht-01,Dairy,DAI-06,33,31,134,0
2025-02-26,DS-Utrecht-01,Beverages,BEV-01,60,72,170,0
2025-02-26,DS-Utrecht-01,Beverages,BEV-02,67,51,268,0
2025-02-26,DS-Utrecht-01,Beverages,BEV-03,55,50,184,0
2025-02-26,DS-Utrecht-01,Beverages,BEV-04,61,60,251,0
2025-02-26,DS-Utrecht-01,Beverages,BEV-05,43,64,177,0
2025-02-26,DS-Utrecht-01,Beverages,BEV-06,74,41,277,0
2025-02-26,DS-Utrecht-01,Snacks,SNA-01,42,52,74,0
2025-02-26,DS-Utrecht-01,Snacks,SNA-02,53,31,82,0
2025-02-26,DS-Utrecht-01,Snacks,SNA-03,57,43,89,0
2025-02-26,DS-Utrecht-01,Snacks,SNA-04,53,36,91,0
2025-02-26,DS-Utrecht-01,Snacks,SNA-05,48,33,61,0
2025-02-26,DS-Utrecht-01,Snacks,SNA-06,46,41,68,0
2025-02-26,DS-Utrecht-01,Household,HOU-01,18,25,70,0
2025-02-26,DS-Utrecht-01,Household,HOU-02,21,25,80,0
2025-02-26,DS-Utrecht-01,Household,HOU-03,24,24,85,0
2025-02-26,DS-Utrecht-01,Household,HOU-04,16,21,63,0
2025-02-26,DS-Utrecht-01,Household,HOU-05,21,22,61,0
2025-02-26,DS-Utrecht-01,Household,HOU-06,13,21,40,0
2025-02-26,DS-TheHague-01,Fresh Produce,FRE-01,52,52,277,0
2025-02-26,DS-TheHague-01,Fresh Produce,FRE-02,31,54,210,0
2025-02-26,DS-TheHague-01,Fresh Produce,FRE-03,42,50,210,0
2025-02-26,DS-TheHague-01,Fresh Produce,FRE-04,42,49,212,0
2025-02-26,DS-TheHague-01,Fresh Produce,FRE-05,44,55,271,0
2025-02-26,DS-TheHague-01,Fresh Produce,FRE-06,59,64,290,0
2025-02-26,DS-TheHague-01,Dairy,DAI-01,32,34,133,0
2025-02-26,DS-TheHague-01,Dairy,DAI-02,26,37,96,0
2025-02-26,DS-TheHague-01,Dairy,DAI-03,38,37,116,0
2025-02-26,DS-TheHague-01,Dairy,DAI-04,57,69,208,1
2025-02-26,DS-TheHague-01,Dairy,DAI-05,27,36,97,0
2025-02-26,DS-TheHague-01,Dairy,DAI-06,34,35,103,0
2025-02-26,DS-TheHague-01,Beverages,BEV-01,63,45,243,0
2025-02-26,DS-TheHague-01,Beverages,BEV-02,59,54,193,0
2025-02-26,DS-TheHague-01,Beverages,BEV-03,67,61,206,0
2025-02-26,DS-TheHague-01,Beverages,BEV-04,67,55,189,0
2025-02-26,DS-TheHague-01,Beverages,BEV-05,53,69,160,0
2025-02-26,DS-TheHague-01,Beverages,BEV-06,137,94,479,1
2025-02-26,DS-TheHague-01,Snacks,SNA-01,47,42,67,0
2025-02-26,DS-TheHague-01,Snacks,SNA-02,52,29,80,0
2025-02-26,DS-TheHague-01,Snacks,SNA-03,51,45,67,0
2025-02-26,DS-TheHague-01,Snacks,SNA-04,64,42,101,0
2025-02-26,DS-TheHague-01,Snacks,SNA-05,50,50,70,0
2025-02-26,DS-TheHague-01,Snacks,SNA-06,53,51,79,0
2025-02-26,DS-TheHague-01,Household,HOU-01,31,21,122,0
2025-02-26,DS-TheHague-01,Household,HOU-02,40,52,138,1
2025-02-26,DS-TheHague-01,Household,HOU-03,22,23,64,0
2025-02-26,DS-TheHague-01,Household,HOU-04,24,27,98,0
2025-02-26,DS-TheHague-01,Household,HOU-05,29,26,102,0
2025-02-26,DS-TheHague-01,Household,HOU-06,19,20,76,0
2025-02-27,DS-Amsterdam-01,Fresh Produce,FRE-01,91,89,649,1
2025-02-27,DS-Amsterdam-01,Fresh Produce,FRE-02,27,56,129,0
2025-02-27,DS-Amsterdam-01,Fresh Produce,FRE-03,41,53,214,0
2025-02-27,DS-Amsterdam-01,Fresh Produce,FRE-04,44,41,266,0
2025-02-27,DS-Amsterdam-01,Fresh Produce,FRE-05,47,52,309,0
2025-02-27,DS-Amsterdam-01,Fresh Produce,FRE-06,33,57,198,0
2025-02-27,DS-Amsterdam-01,Dairy,DAI-01,41,33,148,0
2025-02-27,DS-Amsterdam-01,Dairy,DAI-02,33,38,95,0
2025-02-27,DS-Amsterdam-01,Dairy,DAI-03,21,31,67,0
2025-02-27,DS-Amsterdam-01,Dairy,DAI-04,30,29,88,0
2025-02-27,DS-Amsterdam-01,Dairy,DAI-05,36,33,110,0
2025-02-27,DS-Amsterdam-01,Dairy,DAI-06,29,35,91,0
2025-02-27,DS-Amsterdam-01,Beverages,BEV-01,127,92,503,1
2025-02-27,DS-Amsterdam-01,Beverages,BEV-02,66,47,242,0
2025-02-27,DS-Amsterdam-01,Beverages,BEV-03,53,56,202,0
2025-02-27,DS-Amsterdam-01,Beverages,BEV-04,102,92,356,1
2025-02-27,DS-Amsterdam-01,Beverages,BEV-05,55,58,155,0
2025-02-27,DS-Amsterdam-01,Beverages,BEV-06,107,105,328,1
2025-02-27,DS-Amsterdam-01,Snacks,SNA-01,54,40,75,0
2025-02-27,DS-Amsterdam-01,Snacks,SNA-02,99,71,149,1
2025-02-27,DS-Amsterdam-01,Snacks,SNA-03,36,43,45,0
2025-02-27,DS-Amsterdam-01,Snacks,SNA-04,45,47,79,0
2025-02-27,DS-Amsterdam-01,Snacks,SNA-05,57,36,86,0
2025-02-27,DS-Amsterdam-01,Snacks,SNA-06,46,32,59,0
2025-02-27,DS-Amsterdam-01,Household,HOU-01,22,20,76,0
2025-02-27,DS-Amsterdam-01,Household,HOU-02,27,26,80,0
2025-02-27,DS-Amsterdam-01,Household,HOU-03,21,21,79,0
2025-02-27,DS-Amsterdam-01,Household,HOU-04,40,40,128,1
2025-02-27,DS-Amsterdam-01,Household,HOU-05,24,21,73,0
2025-02-27,DS-Amsterdam-01,Household,HOU-06,19,24,70,0
2025-02-27,DS-Amsterdam-02,Fresh Produce,FRE-01,68,86,436,0
2025-02-27,DS-Amsterdam-02,Fresh Produce,FRE-02,47,72,299,0
2025-02-27,DS-Amsterdam-02,Fresh Produce,FRE-03,63,62,401,0
2025-02-27,DS-Amsterdam-02,Fresh Produce,FRE-04,54,69,301,0
2025-02-27,DS-Amsterdam-02,Fresh Produce,FRE-05,55,67,312,0
2025-02-27,DS-Amsterdam-02,Fresh Produce,FRE-06,101,146,602,1
2025-02-27,DS-Amsterdam-02,Dairy,DAI-01,48,53,194,0
2025-02-27,DS-Amsterdam-02,Dairy,DAI-02,86,76,312,1
2025-02-27,DS-Amsterdam-02,Dairy,DAI-03,51,50,197,0
2025-02-27,DS-Amsterdam-02,Dairy,DAI-04,49,45,151,0
2025-02-27,DS-Amsterdam-02,Dairy,DAI-05,42,45,141,0
2025-02-27,DS-Amsterdam-02,Dairy,DAI-06,45,47,182,0
2025-02-27,DS-Amsterdam-02,Beverages,BEV-01,86,84,283,0
2025-02-27,DS-Amsterdam-02,Beverages,BEV-02,79,69,291,0
2025-02-27,DS-Amsterdam-02,Beverages,BEV-03,83,84,340,0
2025-02-27,DS-Amsterdam-02,Beverages,BEV-04,68,89,264,0
2025-02-27,DS-Amsterdam-02,Beverages,BEV-05,78,70,300,0
2025-02-27,DS-Amsterdam-02,Beverages,BEV-06,80,64,264,0
2025-02-27,DS-Amsterdam-02,Snacks,SNA-01,59,58,78,0
2025-02-27,DS-Amsterdam-02,Snacks,SNA-02,74,56,89,0
2025-02-27,DS-Amsterdam-02,Snacks,SNA-03,63,43,98,0
2025-02-27,DS-Amsterdam-02,Snacks,SNA-04,65,57,110,0
2025-02-27,DS-Amsterdam-02,Snacks,SNA-05,79,61,111,0
2025-02-27,DS-Amsterdam-02,Snacks,SNA-06,69,55,93,0
2025-02-27,DS-Amsterdam-02,Household,HOU-01,27,30,91,0
2025-02-27,DS-Amsterdam-02,Household,HOU-02,35,35,130,0
2025-02-27,DS-Amsterdam-02,Household,HOU-03,34,19,133,0
2025-02-27,DS-Amsterdam-02,Household,HOU-04,31,30,106,0
2025-02-27,DS-Amsterdam-02,Household,HOU-05,31,29,128,0
2025-02-27,DS-Amsterdam-02,Household,HOU-06,19,30,53,0
2025-02-27,DS-Rotterdam-01,Fresh Produce,FRE-01,50,68,297,0
2025-02-27,DS-Rotterdam-01,Fresh Produce,FRE-02,48,60,318,0
2025-02-27,DS-Rotterdam-01,Fresh Produce,FRE-03,48,50,284,0
2025-02-27,DS-Rotterdam-01,Fresh Produce,FRE-04,56,50,320,0
2025-02-27,DS-Rotterdam-01,Fresh Produce,FRE-05,47,49,310,0
2025-02-27,DS-Rotterdam-01,Fresh Produce,FRE-06,34,66,227,0
2025-02-27,DS-Rotterdam-01,Dairy,DAI-01,40,43,161,0
2025-02-27,DS-Rotterdam-01,Dairy,DAI-02,50,41,174,0
2025-02-27,DS-Rotterdam-01,Dairy,DAI-03,38,42,156,0
2025-02-27,DS-Rotterdam-01,Dairy,DAI-04,41,41,143,0
2025-02-27,DS-Rotterdam-01,Dairy,DAI-05,39,41,128,0
2025-02-27,DS-Rotterdam-01,Dairy,DAI-06,48,40,166,0
2025-02-27,DS-Rotterdam-01,Beverages,BEV-01,71,74,237,0
2025-02-27,DS-Rotterdam-01,Beverages,BEV-02,132,122,522,1
2025-02-27,DS-Rotterdam-01,Beverages,BEV-03,65,67,252,0
2025-02-27,DS-Rotterdam-01,Beverages,BEV-04,62,73,200,0
2025-02-27,DS-Rotterdam-01,Beverages,BEV-05,59,80,238,0
2025-02-27,DS-Rotterdam-01,Beverages,BEV-06,70,89,261,0
2025-02-27,DS-Rotterdam-01,Snacks,SNA-01,57,50,72,0
2025-02-27,DS-Rotterdam-01,Snacks,SNA-02,59,52,81,0
2025-02-27,DS-Rotterdam-01,Snacks,SNA-03,68,49,120,0
2025-02-27,DS-Rotterdam-01,Snacks,SNA-04,71,51,91,0
2025-02-27,DS-Rotterdam-01,Snacks,SNA-05,58,49,81,0
2025-02-27,DS-Rotterdam-01,Snacks,SNA-06,45,62,61,0
2025-02-27,DS-Rotterdam-01,Household,HOU-01,30,27,105,0
2025-02-27,DS-Rotterdam-01,Household,HOU-02,27,28,85,0
2025-02-27,DS-Rotterdam-01,Household,HOU-03,25,25,88,0
2025-02-27,DS-Rotterdam-01,Household,HOU-04,35,29,111,0
2025-02-27,DS-Rotterdam-01,Household,HOU-05,24,27,96,0
2025-02-27,DS-Rotterdam-01,Household,HOU-06,30,28,85,0
2025-02-27,DS-Utrecht-01,Fresh Produce,FRE-01,57,59,335,0
2025-02-27,DS-Utrecht-01,Fresh Produce,FRE-02,49,51,325,0
2025-02-27,DS-Utrecht-01,Fresh Produce,FRE-03,55,50,391,0
2025-02-27,DS-Utrecht-01,Fresh Produce,FRE-04,51,61,259,0
2025-02-27,DS-Utrecht-01,Fresh Produce,FRE-05,82,117,562,1
2025-02-27,DS-Utrecht-01,Fresh Produce,FRE-06,49,52,301,0
2025-02-27,DS-Utrecht-01,Dairy,DAI-01,69,70,276,1
2025-02-27,DS-Utrecht-01,Dairy,DAI-02,41,44,145,0
2025-02-27,DS-Utrecht-01,Dairy,DAI-03,83,89,313,1
2025-02-27,DS-Utrecht-01,Dairy,DAI-04,44,36,168,0
2025-02-27,DS-Utrecht-01,Dairy,DAI-05,44,38,174,0
2025-02-27,DS-Utrecht-01,Dairy,DAI-06,41,33,131,0
2025-02-27,DS-Utrecht-01,Beverages,BEV-01,55,62,172,0
2025-02-27,DS-Utrecht-01,Beverages,BEV-02,74,75,295,0
2025-02-27,DS-Utrecht-01,Beverages,BEV-03,56,74,190,0
2025-02-27,DS-Utrecht-01,Beverages,BEV-04,72,58,248,0
2025-02-27,DS-Utrecht-01,Beverages,BEV-05,56,66,193,0
2025-02-27,DS-Utrecht-01,Beverages,BEV-06,84,57,248,0
2025-02-27,DS-Utrecht-01,Snacks,SNA-01,67,49,85,0
2025-02-27,DS-Utrecht-01,Snacks,SNA-02,53,44,91,0
2025-02-27,DS-Utrecht-01,Snacks,SNA-03,67,52,110,0
2025-02-27,DS-Utrecht-01,Snacks,SNA-04,54,44,93,0
2025-02-27,DS-Utrecht-01,Snacks,SNA-05,69,57,91,0
2025-02-27,DS-Utrecht-01,Snacks,SNA-06,54,48,73,0
2025-02-27,DS-Utrecht-01,Household,HOU-01,37,30,145,0
2025-02-27,DS-Utrecht-01,Household,HOU-02,29,28,113,0
2025-02-27,DS-Utrecht-01,Household,HOU-03,28,21,94,0
2025-02-27,DS-Utrecht-01,Household,HOU-04,32,30,115,0
2025-02-27,DS-Utrecht-01,Household,HOU-05,37,29,134,0
2025-02-27,DS-Utrecht-01,Household,HOU-06,24,28,87,0
2025-02-27,DS-TheHague-01,Fresh Produce,FRE-01,45,46,218,0
2025-02-27,DS-TheHague-01,Fresh Produce,FRE-02,48,45,308,0
2025-02-27,DS-TheHague-01,Fresh Produce,FRE-03,39,47,275,0
2025-02-27,DS-TheHague-01,Fresh Produce,FRE-04,43,57,282,0
2025-02-27,DS-TheHague-01,Fresh Produce,FRE-05,38,55,231,0
2025-02-27,DS-TheHague-01,Fresh Produce,FRE-06,48,53,321,0
2025-02-27,DS-TheHague-01,Dairy,DAI-01,24,27,79,0
2025-02-27,DS-TheHague-01,Dairy,DAI-02,27,43,91,0
2025-02-27,DS-TheHague-01,Dairy,DAI-03,32,38,111,0
2025-02-27,DS-TheHague-01,Dairy,DAI-04,34,36,117,0
2025-02-27,DS-TheHague-01,Dairy,DAI-05,35,31,100,0
2025-02-27,DS-TheHague-01,Dairy,DAI-06,34,32,142,0
2025-02-27,DS-TheHague-01,Beverages,BEV-01,52,67,199,0
2025-02-27,DS-TheHague-01,Beverages,BEV-02,58,64,210,0
2025-02-27,DS-TheHague-01,Beverages,BEV-03,44,59,126,0
2025-02-27,DS-TheHague-01,Beverages,BEV-04,57,56,168,0
2025-02-27,DS-TheHague-01,Beverages,BEV-05,54,59,198,0
2025-02-27,DS-TheHague-01,Beverages,BEV-06,55,58,190,0
2025-02-27,DS-TheHague-01,Snacks,SNA-01,41,46,63,0
2025-02-27,DS-TheHague-01,Snacks,SNA-02,58,28,82,0
2025-02-27,DS-TheHague-01,Snacks,SNA-03,95,68,116,1
2025-02-27,DS-TheHague-01,Snacks,SNA-04,55,34,96,0
2025-02-27,DS-TheHague-01,Snacks,SNA-05,48,43,66,0
2025-02-27,DS-TheHague-01,Snacks,SNA-06,38,44,67,0
2025-02-27,DS-TheHague-01,Household,HOU-01,24,27,82,0
2025-02-27,DS-TheHague-01,Household,HOU-02,21,21,87,0
2025-02-27,DS-TheHague-01,Household,HOU-03,25,19,78,0
2025-02-27,DS-TheHague-01,Household,HOU-04,22,24,90,0
2025-02-27,DS-TheHague-01,Household,HOU-05,21,23,80,0
2025-02-27,DS-TheHague-01,Household,HOU-06,16,25,65,0
2025-02-28,DS-Amsterdam-01,Fresh Produce,FRE-01,63,79,392,0
2025-02-28,DS-Amsterdam-01,Fresh Produce,FRE-02,86,134,612,1
2025-02-28,DS-Amsterdam-01,Fresh Produce,FRE-03,57,78,329,0
2025-02-28,DS-Amsterdam-01,Fresh Produce,FRE-04,66,65,458,0
2025-02-28,DS-Amsterdam-01,Fresh Produce,FRE-05,70,70,347,0
2025-02-28,DS-Amsterdam-01,Fresh Produce,FRE-06,67,69,352,0
2025-02-28,DS-Amsterdam-01,Dairy,DAI-01,47,43,133,0
2025-02-28,DS-Amsterdam-01,Dairy,DAI-02,47,40,182,0
2025-02-28,DS-Amsterdam-01,Dairy,DAI-03,89,82,345,1
2025-02-28,DS-Amsterdam-01,Dairy,DAI-04,38,52,147,0
2025-02-28,DS-Amsterdam-01,Dairy,DAI-05,47,42,138,0
2025-02-28,DS-Amsterdam-01,Dairy,DAI-06,51,49,210,0
2025-02-28,DS-Amsterdam-01,Beverages,BEV-01,93,71,342,0
2025-02-28,DS-Amsterdam-01,Beverages,BEV-02,84,84,264,0
2025-02-28,DS-Amsterdam-01,Beverages,BEV-03,149,138,579,1
2025-02-28,DS-Amsterdam-01,Beverages,BEV-04,88,86,263,0
2025-02-28,DS-Amsterdam-01,Beverages,BEV-05,90,68,317,0
2025-02-28,DS-Amsterdam-01,Beverages,BEV-06,93,85,276,0
2025-02-28,DS-Amsterdam-01,Snacks,SNA-01,69,56,116,0
2025-02-28,DS-Amsterdam-01,Snacks,SNA-02,59,62,85,0
2025-02-28,DS-Amsterdam-01,Snacks,SNA-03,59,53,104,0
2025-02-28,DS-Amsterdam-01,Snacks,SNA-04,62,65,110,0
2025-02-28,DS-Amsterdam-01,Snacks,SNA-05,78,49,134,0
2025-02-28,DS-Amsterdam-01,Snacks,SNA-06,69,60,115,0
2025-02-28,DS-Amsterdam-01,Household,HOU-01,32,27,95,0
2025-02-28,DS-Amsterdam-01,Household,HOU-02,33,32,103,0
2025-02-28,DS-Amsterdam-01,Household,HOU-03,59,59,239,1
2025-02-28,DS-Amsterdam-01,Household,HOU-04,44,33,156,0
2025-02-28,DS-Amsterdam-01,Household,HOU-05,22,42,74,0
2025-02-28,DS-Amsterdam-01,Household,HOU-06,30,36,101,0
2025-02-28,DS-Amsterdam-02,Fresh Produce,FRE-01,44,51,222,0
2025-02-28,DS-Amsterdam-02,Fresh Produce,FRE-02,66,62,354,0
2025-02-28,DS-Amsterdam-02,Fresh Produce,FRE-03,45,64,252,0
2025-02-28,DS-Amsterdam-02,Fresh Produce,FRE-04,57,54,378,0
2025-02-28,DS-Amsterdam-02,Fresh Produce,FRE-05,54,69,345,0
2025-02-28,DS-Amsterdam-02,Fresh Produce,FRE-06,49,54,266,0
2025-02-28,DS-Amsterdam-02,Dairy,DAI-01,47,48,174,0
2025-02-28,DS-Amsterdam-02,Dairy,DAI-02,56,41,235,0
2025-02-28,DS-Amsterdam-02,Dairy,DAI-03,57,36,220,0
2025-02-28,DS-Amsterdam-02,Dairy,DAI-04,71,88,280,1
2025-02-28,DS-Amsterdam-02,Dairy,DAI-05,36,50,147,0
2025-02-28,DS-Amsterdam-02,Dairy,DAI-06,54,57,185,0
2025-02-28,DS-Amsterdam-02,Beverages,BEV-01,78,54,326,0
2025-02-28,DS-Amsterdam-02,Beverages,BEV-02,82,76,310,0
2025-02-28,DS-Amsterdam-02,Beverages,BEV-03,130,142,529,1
2025-02-28,DS-Amsterdam-02,Beverages,BEV-04,76,74,256,0
2025-02-28,DS-Amsterdam-02,Beverages,BEV-05,92,70,350,0
2025-02-28,DS-Amsterdam-02,Beverages,BEV-06,62,89,229,0
2025-02-28,DS-Amsterdam-02,Snacks,SNA-01,74,53,116,0
2025-02-28,DS-Amsterdam-02,Snacks,SNA-02,79,57,138,0
2025-02-28,DS-Amsterdam-02,Snacks,SNA-03,57,46,99,0
2025-02-28,DS-Amsterdam-02,Snacks,SNA-04,71,52,91,0
2025-02-28,DS-Amsterdam-02,Snacks,SNA-05,82,60,100,0
2025-02-28,DS-Amsterdam-02,Snacks,SNA-06,118,105,178,1
2025-02-28,DS-Amsterdam-02,Household,HOU-01,29,25,97,0
2025-02-28,DS-Amsterdam-02,Household,HOU-02,22,31,84,0
2025-02-28,DS-Amsterdam-02,Household,HOU-03,24,26,83,0
2025-02-28,DS-Amsterdam-02,Household,HOU-04,32,27,130,0
2025-02-28,DS-Amsterdam-02,Household,HOU-05,33,27,120,0
2025-02-28,DS-Amsterdam-02,Household,HOU-06,22,33,89,0
2025-02-28,DS-Rotterdam-01,Fresh Produce,FRE-01,55,56,318,0
2025-02-28,DS-Rotterdam-01,Fresh Produce,FRE-02,49,59,254,0
2025-02-28,DS-Rotterdam-01,Fresh Produce,FRE-03,55,52,343,0
2025-02-28,DS-Rotterdam-01,Fresh Produce,FRE-04,59,57,341,0
2025-02-28,DS-Rotterdam-01,Fresh Produce,FRE-05,88,101,615,1
2025-02-28,DS-Rotterdam-01,Fresh Produce,FRE-06,42,57,260,0
2025-02-28,DS-Rotterdam-01,Dairy,DAI-01,40,35,158,0
2025-02-28,DS-Rotterdam-01,Dairy,DAI-02,43,35,149,0
2025-02-28,DS-Rotterdam-01,Dairy,DAI-03,42,32,136,0
2025-02-28,DS-Rotterdam-01,Dairy,DAI-04,37,35,108,0
2025-02-28,DS-Rotterdam-01,Dairy,DAI-05,38,37,138,0
2025-02-28,DS-Rotterdam-01,Dairy,DAI-06,45,39,151,0
2025-02-28,DS-Rotterdam-01,Beverages,BEV-01,70,79,219,0
2025-02-28,DS-Rotterdam-01,Beverages,BEV-02,76,70,313,0
2025-02-28,DS-Rotterdam-01,Beverages,BEV-03,64,83,228,0
2025-02-28,DS-Rotterdam-01,Beverages,BEV-04,83,72,267,0
2025-02-28,DS-Rotterdam-01,Beverages,BEV-05,60,81,192,0
2025-02-28,DS-Rotterdam-01,Beverages,BEV-06,74,71,269,0
2025-02-28,DS-Rotterdam-01,Snacks,SNA-01,64,54,88,0
2025-02-28,DS-Rotterdam-01,Snacks,SNA-02,61,47,98,0
2025-02-28,DS-Rotterdam-01,Snacks,SNA-03,52,43,71,0
2025-02-28,DS-Rotterdam-01,Snacks,SNA-04,62,40,108,0
2025-02-28,DS-Rotterdam-01,Snacks,SNA-05,72,44,94,0
2025-02-28,DS-Rotterdam-01,Snacks,SNA-06,65,44,102,0
2025-02-28,DS-Rotterdam-01,Household,HOU-01,22,26,67,0
2025-02-28,DS-Rotterdam-01,Household,HOU-02,29,28,91,0
2025-02-28,DS-Rotterdam-01,Household,HOU-03,41,56,145,1
2025-02-28,DS-Rotterdam-01,Household,HOU-04,57,56,194,1
2025-02-28,DS-Rotterdam-01,Household,HOU-05,41,30,166,0
2025-02-28,DS-Rotterdam-01,Household,HOU-06,17,26,68,0
2025-02-28,DS-Utrecht-01,Fresh Produce,FRE-01,53,66,278,0
2025-02-28,DS-Utrecht-01,Fresh Produce,FRE-02,70,67,398,0
2025-02-28,DS-Utrecht-01,Fresh Produce,FRE-03,57,74,321,0
2025-02-28,DS-Utrecht-01,Fresh Produce,FRE-04,60,69,425,0
2025-02-28,DS-Utrecht-01,Fresh Produce,FRE-05,62,47,311,0
2025-02-28,DS-Utrecht-01,Fresh Produce,FRE-06,53,80,342,0
2025-02-28,DS-Utrecht-01,Dairy,DAI-01,42,50,168,0
2025-02-28,DS-Utrecht-01,Dairy,DAI-02,51,54,189,0
2025-02-28,DS-Utrecht-01,Dairy,DAI-03,56,42,225,0
2025-02-28,DS-Utrecht-01,Dairy,DAI-04,58,56,203,0
2025-02-28,DS-Utrecht-01,Dairy,DAI-05,32,51,96,0
2025-02-28,DS-Utrecht-01,Dairy,DAI-06,47,56,159,0
2025-02-28,DS-Utrecht-01,Beverages,BEV-01,74,70,247,0
2025-02-28,DS-Utrecht-01,Beverages,BEV-02,78,75,269,0
2025-02-28,DS-Utrecht-01,Beverages,BEV-03,159,122,591,1
2025-02-28,DS-Utrecht-01,Beverages,BEV-04,90,86,261,0
2025-02-28,DS-Utrecht-01,Beverages,BEV-05,77,90,246,0
2025-02-28,DS-Utrecht-01,Beverages,BEV-06,74,78,298,0
2025-02-28,DS-Utrecht-01,Snacks,SNA-01,58,61,94,0
2025-02-28,DS-Utrecht-01,Snacks,SNA-02,63,64,79,0
2025-02-28,DS-Utrecht-01,Snacks,SNA-03,66,51,101,0
2025-02-28,DS-Utrecht-01,Snacks,SNA-04,61,66,86,0
2025-02-28,DS-Utrecht-01,Snacks,SNA-05,117,112,202,1
2025-02-28,DS-Utrecht-01,Snacks,SNA-06,74,53,126,0
2025-02-28,DS-Utrecht-01,Household,HOU-01,31,26,103,0
2025-02-28,DS-Utrecht-01,Household,HOU-02,34,34,132,0
2025-02-28,DS-Utrecht-01,Household,HOU-03,27,28,88,0
2025-02-28,DS-Utrecht-01,Household,HOU-04,34,26,115,0
2025-02-28,DS-Utrecht-01,Household,HOU-05,35,27,137,0
2025-02-28,DS-Utrecht-01,Household,HOU-06,33,27,92,0
2025-02-28,DS-TheHague-01,Fresh Produce,FRE-01,64,57,336,0
2025-02-28,DS-TheHague-01,Fresh Produce,FRE-02,56,53,269,0
2025-02-28,DS-TheHague-01,Fresh Produce,FRE-03,53,43,272,0
2025-02-28,DS-TheHague-01,Fresh Produce,FRE-04,52,58,293,0
2025-02-28,DS-TheHague-01,Fresh Produce,FRE-05,42,63,281,0
2025-02-28,DS-TheHague-01,Fresh Produce,FRE-06,60,63,393,0
2025-02-28,DS-TheHague-01,Dairy,DAI-01,42,40,154,0
2025-02-28,DS-TheHague-01,Dairy,DAI-02,30,52,101,0
2025-02-28,DS-TheHague-01,Dairy,DAI-03,44,42,167,0
2025-02-28,DS-TheHague-01,Dairy,DAI-04,42,43,168,0
2025-02-28,DS-TheHague-01,Dairy,DAI-05,33,43,134,0
2025-02-28,DS-TheHague-01,Dairy,DAI-06,48,42,140,0
2025-02-28,DS-TheHague-01,Beverages,BEV-01,71,89,254,0
2025-02-28,DS-TheHague-01,Beverages,BEV-02,87,71,313,0
2025-02-28,DS-TheHague-01,Beverages,BEV-03,62,71,223,0
2025-02-28,DS-TheHague-01,Beverages,BEV-04,67,69,241,0
2025-02-28,DS-TheHague-01,Beverages,BEV-05,75,68,250,0
2025-02-28,DS-TheHague-01,Beverages,BEV-06,70,54,224,0
2025-02-28,DS-TheHague-01,Snacks,SNA-01,71,51,102,0
2025-02-28,DS-TheHague-01,Snacks,SNA-02,59,46,73,0
2025-02-28,DS-TheHague-01,Snacks,SNA-03,64,45,80,0
2025-02-28,DS-TheHague-01,Snacks,SNA-04,62,66,111,0
2025-02-28,DS-TheHague-01,Snacks,SNA-05,55,51,69,0
2025-02-28,DS-TheHague-01,Snacks,SNA-06,51,59,87,0
2025-02-28,DS-TheHague-01,Household,HOU-01,23,28,81,0
2025-02-28,DS-TheHague-01,Household,HOU-02,26,26,97,0
2025-02-28,DS-TheHague-01,Household,HOU-03,56,41,177,1
2025-02-28,DS-TheHague-01,Household,HOU-04,38,33,116,0
2025-02-28,DS-TheHague-01,Household,HOU-05,15,22,46,0
2025-02-28,DS-TheHague-01,Household,HOU-06,27,29,97,0
2025-03-01,DS-Amsterdam-01,Fresh Produce,FRE-01,57,78,365,0
2025-03-01,DS-Amsterdam-01,Fresh Produce,FRE-02,53,82,328,0
2025-03-01,DS-Amsterdam-01,Fresh Produce,FRE-03,59,75,389,0
2025-03-01,DS-Amsterdam-01,Fresh Produce,FRE-04,64,74,421,0
2025-03-01,DS-Amsterdam-01,Fresh Produce,FRE-05,57,64,378,0
2025-03-01,DS-Amsterdam-01,Fresh Produce,FRE-06,59,74,357,0
2025-03-01,DS-Amsterdam-01,Dairy,DAI-01,53,46,153,0
2025-03-01,DS-Amsterdam-01,Dairy,DAI-02,45,60,130,0
2025-03-01,DS-Amsterdam-01,Dairy,DAI-03,51,44,162,0
2025-03-01,DS-Amsterdam-01,Dairy,DAI-04,57,52,168,0
2025-03-01,DS-Amsterdam-01,Dairy,DAI-05,54,46,220,0
2025-03-01,DS-Amsterdam-01,Dairy,DAI-06,83,85,289,1
2025-03-01,DS-Amsterdam-01,Beverages,BEV-01,79,96,244,0
2025-03-01,DS-Amsterdam-01,Beverages,BEV-02,72,93,207,0
2025-03-01,DS-Amsterdam-01,Beverages,BEV-03,71,97,298,0
2025-03-01,DS-Amsterdam-01,Beverages,BEV-04,74,94,276,0
2025-03-01,DS-Amsterdam-01,Beverages,BEV-05,85,71,305,0
2025-03-01,DS-Amsterdam-01,Beverages,BEV-06,83,76,294,0
2025-03-01,DS-Amsterdam-01,Snacks,SNA-01,58,72,77,0
2025-03-01,DS-Amsterdam-01,Snacks,SNA-02,66,54,90,0
2025-03-01,DS-Amsterdam-01,Snacks,SNA-03,71,53,95,0
2025-03-01,DS-Amsterdam-01,Snacks,SNA-04,71,51,114,0
2025-03-01,DS-Amsterdam-01,Snacks,SNA-05,151,97,233,1
2025-03-01,DS-Amsterdam-01,Snacks,SNA-06,91,58,123,0
2025-03-01,DS-Amsterdam-01,Household,HOU-01,35,43,119,0
2025-03-01,DS-Amsterdam-01,Household,HOU-02,35,32,110,0
2025-03-01,DS-Amsterdam-01,Household,HOU-03,26,33,104,0
2025-03-01,DS-Amsterdam-01,Household,HOU-04,28,34,106,0
2025-03-01,DS-Amsterdam-01,Household,HOU-05,26,28,85,0
2025-03-01,DS-Amsterdam-01,Household,HOU-06,40,35,127,0
2025-03-01,DS-Amsterdam-02,Fresh Produce,FRE-01,64,59,435,0
2025-03-01,DS-Amsterdam-02,Fresh Produce,FRE-02,46,79,296,0
2025-03-01,DS-Amsterdam-02,Fresh Produce,FRE-03,86,83,455,0
2025-03-01,DS-Amsterdam-02,Fresh Produce,FRE-04,62,73,378,0
2025-03-01,DS-Amsterdam-02,Fresh Produce,FRE-05,55,86,366,0
2025-03-01,DS-Amsterdam-02,Fresh Produce,FRE-06,76,53,465,0
2025-03-01,DS-Amsterdam-02,Dairy,DAI-01,75,103,304,1
2025-03-01,DS-Amsterdam-02,Dairy,DAI-02,46,50,174,0
2025-03-01,DS-Amsterdam-02,Dairy,DAI-03,48,45,190,0
2025-03-01,DS-Amsterdam-02,Dairy,DAI-04,55,54,216,0
2025-03-01,DS-Amsterdam-02,Dairy,DAI-05,49,52,143,0
2025-03-01,DS-Amsterdam-02,Dairy,DAI-06,51,41,201,0
2025-03-01,DS-Amsterdam-02,Beverages,BEV-01,140,182,551,1
2025-03-01,DS-Amsterdam-02,Beverages,BEV-02,98,94,330,0
2025-03-01,DS-Amsterdam-02,Beverages,BEV-03,171,202,696,1
2025-03-01,DS-Amsterdam-02,Beverages,BEV-04,97,93,320,0
2025-03-01,DS-Amsterdam-02,Beverages,BEV-05,76,70,221,0
2025-03-01,DS-Amsterdam-02,Beverages,BEV-06,83,92,272,0
2025-03-01,DS-Amsterdam-02,Snacks,SNA-01,84,58,105,0
2025-03-01,DS-Amsterdam-02,Snacks,SNA-02,74,66,94,0
2025-03-01,DS-Amsterdam-02,Snacks,SNA-03,70,65,102,0
2025-03-01,DS-Amsterdam-02,Snacks,SNA-04,86,71,154,0
2025-03-01,DS-Amsterdam-02,Snacks,SNA-05,65,73,93,0
2025-03-01,DS-Amsterdam-02,Snacks,SNA-06,69,62,98,0
2025-03-01,DS-Amsterdam-02,Household,HOU-01,29,31,119,0
2025-03-01,DS-Amsterdam-02,Household,HOU-02,53,58,166,1
2025-03-01,DS-Amsterdam-02,Household,HOU-03,43,29,122,0
2025-03-01,DS-Amsterdam-02,Household,HOU-04,33,37,105,0
2025-03-01,DS-Amsterdam-02,Household,HOU-05,33,31,96,0
2025-03-01,DS-Amsterdam-02,Household,HOU-06,25,27,83,0
2025-03-01,DS-Rotterdam-01,Fresh Produce,FRE-01,55,50,357,0
2025-03-01,DS-Rotterdam-01,Fresh Produce,FRE-02,64,64,330,0
2025-03-01,DS-Rotterdam-01,Fresh Produce,FRE-03,53,71,352,0
2025-03-01,DS-Rotterdam-01,Fresh Produce,FRE-04,59,72,303,0
2025-03-01,DS-Rotterdam-01,Fresh Produce,FRE-05,60,67,413,0
2025-03-01,DS-Rotterdam-01,Fresh Produce,FRE-06,70,80,392,0
2025-03-01,DS-Rotterdam-01,Dairy,DAI-01,42,39,148,0
2025-03-01,DS-Rotterdam-01,Dairy,DAI-02,44,50,178,0
2025-03-01,DS-Rotterdam-01,Dairy,DAI-03,110,80,369,1
2025-03-01,DS-Rotterdam-01,Dairy,DAI-04,37,51,120,0
2025-03-01,DS-Rotterdam-01,Dairy,DAI-05,36,45,118,0
2025-03-01,DS-Rotterdam-01,Dairy,DAI-06,48,51,181,0
2025-03-01,DS-Rotterdam-01,Beverages,BEV-01,82,71,315,0
2025-03-01,DS-Rotterdam-01,Beverages,BEV-02,74,74,210,0
2025-03-01,DS-Rotterdam-01,Beverages,BEV-03,61,83,233,0
2025-03-01,DS-Rotterdam-01,Beverages,BEV-04,71,79,234,0
2025-03-01,DS-Rotterdam-01,Beverages,BEV-05,94,72,308,0
2025-03-01,DS-Rotterdam-01,Beverages,BEV-06,69,79,287,0
2025-03-01,DS-Rotterdam-01,Snacks,SNA-01,138,109,243,1
2025-03-01,DS-Rotterdam-01,Snacks,SNA-02,54,53,73,0
2025-03-01,DS-Rotterdam-01,Snacks,SNA-03,64,56,82,0
2025-03-01,DS-Rotterdam-01,Snacks,SNA-04,73,64,111,0
2025-03-01,DS-Rotterdam-01,Snacks,SNA-05,72,58,106,0
2025-03-01,DS-Rotterdam-01,Snacks,SNA-06,73,65,118,0
2025-03-01,DS-Rotterdam-01,Household,HOU-01,35,28,120,0
2025-03-01,DS-Rotterdam-01,Household,HOU-02,57,65,213,1
2025-03-01,DS-Rotterdam-01,Household,HOU-03,28,26,98,0
2025-03-01,DS-Rotterdam-01,Household,HOU-04,29,28,84,0
2025-03-01,DS-Rotterdam-01,Household,HOU-05,25,29,75,0
2025-03-01,DS-Rotterdam-01,Household,HOU-06,35,23,121,0
2025-03-01,DS-Utrecht-01,Fresh Produce,FRE-01,65,77,364,0
2025-03-01,DS-Utrecht-01,Fresh Produce,FRE-02,80,82,481,0
2025-03-01,DS-Utrecht-01,Fresh Produce,FRE-03,67,80,451,0
2025-03-01,DS-Utrecht-01,Fresh Produce,FRE-04,124,160,680,1
2025-03-01,DS-Utrecht-01,Fresh Produce,FRE-05,152,161,1062,1
2025-03-01,DS-Utrecht-01,Fresh Produce,FRE-06,67,89,343,0
2025-03-01,DS-Utrecht-01,Dairy,DAI-01,68,54,256,0
2025-03-01,DS-Utrecht-01,Dairy,DAI-02,45,47,130,0
2025-03-01,DS-Utrecht-01,Dairy,DAI-03,63,66,227,0
2025-03-01,DS-Utrecht-01,Dairy,DAI-04,93,92,305,1
2025-03-01,DS-Utrecht-01,Dairy,DAI-05,56,69,206,0
2025-03-01,DS-Utrecht-01,Dairy,DAI-06,62,54,175,0
2025-03-01,DS-Utrecht-01,Beverages,BEV-01,104,74,340,0
2025-03-01,DS-Utrecht-01,Beverages,BEV-02,98,81,389,0
2025-03-01,DS-Utrecht-01,Beverages,BEV-03,106,99,442,0
2025-03-01,DS-Utrecht-01,Beverages,BEV-04,116,107,455,0
2025-03-01,DS-Utrecht-01,Beverages,BEV-05,104,98,309,0
2025-03-01,DS-Utrecht-01,Beverages,BEV-06,107,110,346,0
2025-03-01,DS-Utrecht-01,Snacks,SNA-01,82,87,130,0
2025-03-01,DS-Utrecht-01,Snacks,SNA-02,95,70,154,0
2025-03-01,DS-Utrecht-01,Snacks,SNA-03,179,136,256,1
2025-03-01,DS-Utrecht-01,Snacks,SNA-04,112,76,162,0
2025-03-01,DS-Utrecht-01,Snacks,SNA-05,67,60,120,0
2025-03-01,DS-Utrecht-01,Snacks,SNA-06,92,56,151,0
2025-03-01,DS-Utrecht-01,Household,HOU-01,45,47,150,0
2025-03-01,DS-Utrecht-01,Household,HOU-02,44,51,131,0
2025-03-01,DS-Utrecht-01,Household,HOU-03,36,34,113,0
2025-03-01,DS-Utrecht-01,Household,HOU-04,36,38,115,0
2025-03-01,DS-Utrecht-01,Household,HOU-05,46,33,152,0
2025-03-01,DS-Utrecht-01,Household,HOU-06,43,44,170,0
2025-03-01,DS-TheHague-01,Fresh Produce,FRE-01,68,74,457,0
2025-03-01,DS-TheHague-01,Fresh Produce,FRE-02,72,74,464,0
2025-03-01,DS-TheHague-01,Fresh Produce,FRE-03,59,57,382,0
2025-03-01,DS-TheHague-01,Fresh Produce,FRE-04,63,79,350,0
2025-03-01,DS-TheHague-01,Fresh Produce,FRE-05,72,68,463,0
2025-03-01,DS-TheHague-01,Fresh Produce,FRE-06,53,60,346,0
2025-03-01,DS-TheHague-01,Dairy,DAI-01,50,47,194,0
2025-03-01,DS-TheHague-01,Dairy,DAI-02,44,53,169,0
2025-03-01,DS-TheHague-01,Dairy,DAI-03,50,47,204,0
2025-03-01,DS-TheHague-01,Dairy,DAI-04,42,51,175,0
2025-03-01,DS-TheHague-01,Dairy,DAI-05,47,48,134,0
2025-03-01,DS-TheHague-01,Dairy,DAI-06,30,51,84,0
2025-03-01,DS-TheHague-01,Beverages,BEV-01,93,61,372,0
2025-03-01,DS-TheHague-01,Beverages,BEV-02,84,92,276,0
2025-03-01,DS-TheHague-01,Beverages,BEV-03,86,79,258,0
2025-03-01,DS-TheHague-01,Beverages,BEV-04,87,78,274,0
2025-03-01,DS-TheHague-01,Beverages,BEV-05,66,83,196,0
2025-03-01,DS-TheHague-01,Beverages,BEV-06,95,87,282,0
2025-03-01,DS-TheHague-01,Snacks,SNA-01,67,59,100,0
2025-03-01,DS-TheHague-01,Snacks,SNA-02,76,54,105,0
2025-03-01,DS-TheHague-01,Snacks,SNA-03,69,56,122,0
2025-03-01,DS-TheHague-01,Snacks,SNA-04,81,65,116,0
2025-03-01,DS-TheHague-01,Snacks,SNA-05,81,56,129,0
2025-03-01,DS-TheHague-01,Snacks,SNA-06,73,71,95,0
2025-03-01,DS-TheHague-01,Household,HOU-01,31,40,110,0
2025-03-01,DS-TheHague-01,Household,HOU-02,34,30,121,0
2025-03-01,DS-TheHague-01,Household,HOU-03,19,25,62,0
2025-03-01,DS-TheHague-01,Household,HOU-04,29,29,103,0
2025-03-01,DS-TheHague-01,Household,HOU-05,35,31,124,0
2025-03-01,DS-TheHague-01,Household,HOU-06,30,39,103,0
2025-03-02,DS-Amsterdam-01,Fresh Produce,FRE-01,59,67,360,0
2025-03-02,DS-Amsterdam-01,Fresh Produce,FRE-02,67,86,463,0
2025-03-02,DS-Amsterdam-01,Fresh Produce,FRE-03,44,62,309,0
2025-03-02,DS-Amsterdam-01,Fresh Produce,FRE-04,77,70,507,0
2025-03-02,DS-Amsterdam-01,Fresh Produce,FRE-05,66,72,349,0
2025-03-02,DS-Amsterdam-01,Fresh Produce,FRE-06,98,136,656,1
2025-03-02,DS-Amsterdam-01,Dairy,DAI-01,53,49,157,0
2025-03-02,DS-Amsterdam-01,Dairy,DAI-02,54,53,221,0
2025-03-02,DS-Amsterdam-01,Dairy,DAI-03,47,43,144,0
2025-03-02,DS-Amsterdam-01,Dairy,DAI-04,45,47,128,0
2025-03-02,DS-Amsterdam-01,Dairy,DAI-05,80,77,295,1
2025-03-02,DS-Amsterdam-01,Dairy,DAI-06,92,71,294,1
2025-03-02,DS-Amsterdam-01,Beverages,BEV-01,87,83,286,0
2025-03-02,DS-Amsterdam-01,Beverages,BEV-02,88,82,336,0
2025-03-02,DS-Amsterdam-01,Beverages,BEV-03,64,84,184,0
2025-03-02,DS-Amsterdam-01,Beverages,BEV-04,92,84,331,0
2025-03-02,DS-Amsterdam-01,Beverages,BEV-05,77,68,320,0
2025-03-02,DS-Amsterdam-01,Beverages,BEV-06,87,75,255,0
2025-03-02,DS-Amsterdam-01,Snacks,SNA-01,76,71,93,0
2025-03-02,DS-Amsterdam-01,Snacks,SNA-02,137,110,224,1
2025-03-02,DS-Amsterdam-01,Snacks,SNA-03,76,53,102,0
2025-03-02,DS-Amsterdam-01,Snacks,SNA-04,76,65,123,0
2025-03-02,DS-Amsterdam-01,Snacks,SNA-05,79,55,119,0
2025-03-02,DS-Amsterdam-01,Snacks,SNA-06,74,51,98,0
2025-03-02,DS-Amsterdam-01,Household,HOU-01,30,34,104,0
2025-03-02,DS-Amsterdam-01,Household,HOU-02,28,30,89,0
2025-03-02,DS-Amsterdam-01,Household,HOU-03,32,33,110,0
2025-03-02,DS-Amsterdam-01,Household,HOU-04,37,35,145,0
2025-03-02,DS-Amsterdam-01,Household,HOU-05,40,33,127,0
2025-03-02,DS-Amsterdam-01,Household,HOU-06,30,31,106,0
2025-03-02,DS-Amsterdam-02,Fresh Produce,FRE-01,61,81,298,0
2025-03-02,DS-Amsterdam-02,Fresh Produce,FRE-02,64,71,415,0
2025-03-02,DS-Amsterdam-02,Fresh Produce,FRE-03,62,84,357,0
2025-03-02,DS-Amsterdam-02,Fresh Produce,FRE-04,69,66,387,0
2025-03-02,DS-Amsterdam-02,Fresh Produce,FRE-05,57,81,311,0
2025-03-02,DS-Amsterdam-02,Fresh Produce,FRE-06,83,93,475,0
2025-03-02,DS-Amsterdam-02,Dairy,DAI-01,91,98,373,1
2025-03-02,DS-Amsterdam-02,Dairy,DAI-02,48,49,147,0
2025-03-02,DS-Amsterdam-02,Dairy,DAI-03,44,45,135,0
2025-03-02,DS-Amsterdam-02,Dairy,DAI-04,94,85,341,1
2025-03-02,DS-Amsterdam-02,Dairy,DAI-05,59,54,201,0
2025-03-02,DS-Amsterdam-02,Dairy,DAI-06,43,54,157,0
2025-03-02,DS-Amsterdam-02,Beverages,BEV-01,75,72,237,0
2025-03-02,DS-Amsterdam-02,Beverages,BEV-02,92,105,296,0
2025-03-02,DS-Amsterdam-02,Beverages,BEV-03,80,101,259,0
2025-03-02,DS-Amsterdam-02,Beverages,BEV-04,81,91,282,0
2025-03-02,DS-Amsterdam-02,Beverages,BEV-05,157,180,577,1
2025-03-02,DS-Amsterdam-02,Beverages,BEV-06,87,84,282,0
2025-03-02,DS-Amsterdam-02,Snacks,SNA-01,76,72,107,0
2025-03-02,DS-Amsterdam-02,Snacks,SNA-02,81,76,100,0
2025-03-02,DS-Amsterdam-02,Snacks,SNA-03,78,72,98,0
2025-03-02,DS-Amsterdam-02,Snacks,SNA-04,81,58,119,0
2025-03-02,DS-Amsterdam-02,Snacks,SNA-05,82,64,109,0
2025-03-02,DS-Amsterdam-02,Snacks,SNA-06,70,65,84,0
2025-03-02,DS-Amsterdam-02,Household,HOU-01,28,34,80,0
2025-03-02,DS-Amsterdam-02,Household,HOU-02,32,35,121,0
2025-03-02,DS-Amsterdam-02,Household,HOU-03,42,34,128,0
2025-03-02,DS-Amsterdam-02,Household,HOU-04,26,36,86,0
2025-03-02,DS-Amsterdam-02,Household,HOU-05,28,31,88,0
2025-03-02,DS-Amsterdam-02,Household,HOU-06,32,32,112,0
2025-03-02,DS-Rotterdam-01,Fresh Produce,FRE-01,63,71,356,0
2025-03-02,DS-Rotterdam-01,Fresh Produce,FRE-02,56,46,352,0
2025-03-02,DS-Rotterdam-01,Fresh Produce,FRE-03,63,67,351,0
2025-03-02,DS-Rotterdam-01,Fresh Produce,FRE-04,115,111,655,1
2025-03-02,DS-Rotterdam-01,Fresh Produce,FRE-05,68,60,463,0
2025-03-02,DS-Rotterdam-01,Fresh Produce,FRE-06,51,68,298,0
2025-03-02,DS-Rotterdam-01,Dairy,DAI-01,46,46,162,0
2025-03-02,DS-Rotterdam-01,Dairy,DAI-02,41,44,168,0
2025-03-02,DS-Rotterdam-01,Dairy,DAI-03,62,48,259,0
2025-03-02,DS-Rotterdam-01,Dairy,DAI-04,36,46,134,0
2025-03-02,DS-Rotterdam-01,Dairy,DAI-05,46,53,146,0
2025-03-02,DS-Rotterdam-01,Dairy,DAI-06,46,40,166,0
2025-03-02,DS-Rotterdam-01,Beverages,BEV-01,83,81,284,0
2025-03-02,DS-Rotterdam-01,Beverages,BEV-02,78,64,323,0
2025-03-02,DS-Rotterdam-01,Beverages,BEV-03,78,70,253,0
2025-03-02,DS-Rotterdam-01,Beverages,BEV-04,68,74,198,0
2025-03-02,DS-Rotterdam-01,Beverages,BEV-05,84,86,262,0
2025-03-02,DS-Rotterdam-01,Beverages,BEV-06,74,77,238,0
2025-03-02,DS-Rotterdam-01,Snacks,SNA-01,61,52,79,0
2025-03-02,DS-Rotterdam-01,Snacks,SNA-02,63,55,108,0
2025-03-02,DS-Rotterdam-01,Snacks,SNA-03,71,49,88,0
2025-03-02,DS-Rotterdam-01,Snacks,SNA-04,72,60,110,0
2025-03-02,DS-Rotterdam-01,Snacks,SNA-05,68,48,82,0
2025-03-02,DS-Rotterdam-01,Snacks,SNA-06,65,60,80,0
2025-03-02,DS-Rotterdam-01,Household,HOU-01,19,38,70,0
2025-03-02,DS-Rotterdam-01,Household,HOU-02,60,47,206,1
2025-03-02,DS-Rotterdam-01,Household,HOU-03,33,36,120,0
2025-03-02,DS-Rotterdam-01,Household,HOU-04,26,24,89,0
2025-03-02,DS-Rotterdam-01,Household,HOU-05,28,28,82,0
2025-03-02,DS-Rotterdam-01,Household,HOU-06,26,31,104,0
2025-03-02,DS-Utrecht-01,Fresh Produce,FRE-01,85,94,492,0
2025-03-02,DS-Utrecht-01,Fresh Produce,FRE-02,83,93,442,0
2025-03-02,DS-Utrecht-01,Fresh Produce,FRE-03,70,79,457,0
2025-03-02,DS-Utrecht-01,Fresh Produce,FRE-04,77,95,504,0
2025-03-02,DS-Utrecht-01,Fresh Produce,FRE-05,80,90,531,0
2025-03-02,DS-Utrecht-01,Fresh Produce,FRE-06,93,73,454,0
2025-03-02,DS-Utrecht-01,Dairy,DAI-01,53,62,202,0
2025-03-02,DS-Utrecht-01,Dairy,DAI-02,67,63,204,0
2025-03-02,DS-Utrecht-01,Dairy,DAI-03,74,68,279,0
2025-03-02,DS-Utrecht-01,Dairy,DAI-04,54,74,209,0
2025-03-02,DS-Utrecht-01,Dairy,DAI-05,77,81,277,0
2025-03-02,DS-Utrecht-01,Dairy,DAI-06,59,69,190,0
2025-03-02,DS-Utrecht-01,Beverages,BEV-01,125,94,373,0
2025-03-02,DS-Utrecht-01,Beverages,BEV-02,141,107,580,0
2025-03-02,DS-Utrecht-01,Beverages,BEV-03,110,106,424,0
2025-03-02,DS-Utrecht-01,Beverages,BEV-04,114,120,324,0
2025-03-02,DS-Utrecht-01,Beverages,BEV-05,108,114,353,0
2025-03-02,DS-Utrecht-01,Beverages,BEV-06,111,107,335,0
2025-03-02,DS-Utrecht-01,Snacks,SNA-01,100,97,124,0
2025-03-02,DS-Utrecht-01,Snacks,SNA-02,102,87,175,0
2025-03-02,DS-Utrecht-01,Snacks,SNA-03,93,111,162,0
2025-03-02,DS-Utrecht-01,Snacks,SNA-04,100,93,179,0
2025-03-02,DS-Utrecht-01,Snacks,SNA-05,104,67,125,0
2025-03-02,DS-Utrecht-01,Snacks,SNA-06,86,76,116,0
2025-03-02,DS-Utrecht-01,Household,HOU-01,37,43,106,0
2025-03-02,DS-Utrecht-01,Household,HOU-02,44,46,178,0
2025-03-02,DS-Utrecht-01,Household,HOU-03,49,36,178,0
2025-03-02,DS-Utrecht-01,Household,HOU-04,40,52,166,0
2025-03-02,DS-Utrecht-01,Household,HOU-05,34,40,141,0
2025-03-02,DS-Utrecht-01,Household,HOU-06,78,69,227,1
2025-03-02,DS-TheHague-01,Fresh Produce,FRE-01,82,89,481,0
2025-03-02,DS-TheHague-01,Fresh Produce,FRE-02,80,65,490,0
2025-03-02,DS-TheHague-01,Fresh Produce,FRE-03,71,85,370,0
2025-03-02,DS-TheHague-01,Fresh Produce,FRE-04,79,94,513,0
2025-03-02,DS-TheHague-01,Fresh Produce,FRE-05,89,79,533,0
2025-03-02,DS-TheHague-01,Fresh Produce,FRE-06,64,95,425,0
2025-03-02,DS-TheHague-01,Dairy,DAI-01,56,66,170,0
2025-03-02,DS-TheHague-01,Dairy,DAI-02,56,66,188,0
2025-03-02,DS-TheHague-01,Dairy,DAI-03,67,70,219,0
2025-03-02,DS-TheHague-01,Dairy,DAI-04,66,71,251,0
2025-03-02,DS-TheHague-01,Dairy,DAI-05,59,51,169,0
2025-03-02,DS-TheHague-01,Dairy,DAI-06,53,59,157,0
2025-03-02,DS-TheHague-01,Beverages,BEV-01,212,211,692,1
2025-03-02,DS-TheHague-01,Beverages,BEV-02,96,107,337,0
2025-03-02,DS-TheHague-01,Beverages,BEV-03,163,181,521,1
2025-03-02,DS-TheHague-01,Beverages,BEV-04,89,93,252,0
2025-03-02,DS-TheHague-01,Beverages,BEV-05,115,116,366,0
2025-03-02,DS-TheHague-01,Beverages,BEV-06,102,113,331,0
2025-03-02,DS-TheHague-01,Snacks,SNA-01,180,140,264,1
2025-03-02,DS-TheHague-01,Snacks,SNA-02,94,82,162,0
2025-03-02,DS-TheHague-01,Snacks,SNA-03,106,74,180,0
2025-03-02,DS-TheHague-01,Snacks,SNA-04,85,91,130,0
2025-03-02,DS-TheHague-01,Snacks,SNA-05,98,68,130,0
2025-03-02,DS-TheHague-01,Snacks,SNA-06,92,90,131,0
2025-03-02,DS-TheHague-01,Household,HOU-01,77,82,301,1
2025-03-02,DS-TheHague-01,Household,HOU-02,46,47,186,0
2025-03-02,DS-TheHague-01,Household,HOU-03,46,44,187,0
2025-03-02,DS-TheHague-01,Household,HOU-04,35,43,122,0
2025-03-02,DS-TheHague-01,Household,HOU-05,69,74,193,1
2025-03-02,DS-TheHague-01,Household,HOU-06,40,40,151,0
2025-03-03,DS-Amsterdam-01,Fresh Produce,FRE-01,45,82,258,0
2025-03-03,DS-Amsterdam-01,Fresh Produce,FRE-02,46,70,291,0
2025-03-03,DS-Amsterdam-01,Fresh Produce,FRE-03,61,72,408,0
2025-03-03,DS-Amsterdam-01,Fresh Produce,FRE-04,57,71,316,0
2025-03-03,DS-Amsterdam-01,Fresh Produce,FRE-05,70,69,399,0
2025-03-03,DS-Amsterdam-01,Fresh Produce,FRE-06,69,70,398,0
2025-03-03,DS-Amsterdam-01,Dairy,DAI-01,55,36,179,0
2025-03-03,DS-Amsterdam-01,Dairy,DAI-02,39,48,120,0
2025-03-03,DS-Amsterdam-01,Dairy,DAI-03,41,56,128,0
2025-03-03,DS-Amsterdam-01,Dairy,DAI-04,58,46,179,0
2025-03-03,DS-Amsterdam-01,Dairy,DAI-05,35,51,107,0
2025-03-03,DS-Amsterdam-01,Dairy,DAI-06,52,45,160,0
2025-03-03,DS-Amsterdam-01,Beverages,BEV-01,89,85,358,0
2025-03-03,DS-Amsterdam-01,Beverages,BEV-02,85,79,338,0
2025-03-03,DS-Amsterdam-01,Beverages,BEV-03,89,85,268,0
2025-03-03,DS-Amsterdam-01,Beverages,BEV-04,69,86,284,0
2025-03-03,DS-Amsterdam-01,Beverages,BEV-05,90,76,279,0
2025-03-03,DS-Amsterdam-01,Beverages,BEV-06,70,105,231,0
2025-03-03,DS-Amsterdam-01,Snacks,SNA-01,63,66,88,0
2025-03-03,DS-Amsterdam-01,Snacks,SNA-02,76,62,121,0
2025-03-03,DS-Amsterdam-01,Snacks,SNA-03,78,59,123,0
2025-03-03,DS-Amsterdam-01,Snacks,SNA-04,71,69,112,0
2025-03-03,DS-Amsterdam-01,Snacks,SNA-05,86,60,106,0
2025-03-03,DS-Amsterdam-01,Snacks,SNA-06,77,69,120,0
2025-03-03,DS-Amsterdam-01,Household,HOU-01,31,31,107,0
2025-03-03,DS-Amsterdam-01,Household,HOU-02,42,30,156,0
2025-03-03,DS-Amsterdam-01,Household,HOU-03,40,31,119,0
2025-03-03,DS-Amsterdam-01,Household,HOU-04,31,32,113,0
2025-03-03,DS-Amsterdam-01,Household,HOU-05,43,32,176,0
2025-03-03,DS-Amsterdam-01,Household,HOU-06,29,34,111,0
2025-03-03,DS-Amsterdam-02,Fresh Produce,FRE-01,30,52,190,0
2025-03-03,DS-Amsterdam-02,Fresh Produce,FRE-02,32,53,216,0
2025-03-03,DS-Amsterdam-02,Fresh Produce,FRE-03,49,45,340,0
2025-03-03,DS-Amsterdam-02,Fresh Produce,FRE-04,34,45,197,0
2025-03-03,DS-Amsterdam-02,Fresh Produce,FRE-05,31,56,184,0
2025-03-03,DS-Amsterdam-02,Fresh Produce,FRE-06,43,48,282,0
2025-03-03,DS-Amsterdam-02,Dairy,DAI-01,45,25,185,0
2025-03-03,DS-Amsterdam-02,Dairy,DAI-02,37,29,139,0
2025-03-03,DS-Amsterdam-02,Dairy,DAI-03,36,33,118,0
2025-03-03,DS-Amsterdam-02,Dairy,DAI-04,36,29,125,0
2025-03-03,DS-Amsterdam-02,Dairy,DAI-05,27,33,82,0
2025-03-03,DS-Amsterdam-02,Dairy,DAI-06,34,34,124,0
2025-03-03,DS-Amsterdam-02,Beverages,BEV-01,68,48,237,0
2025-03-03,DS-Amsterdam-02,Beverages,BEV-02,52,56,192,0
2025-03-03,DS-Amsterdam-02,Beverages,BEV-03,53,42,170,0
2025-03-03,DS-Amsterdam-02,Beverages,BEV-04,59,56,246,0
2025-03-03,DS-Amsterdam-02,Beverages,BEV-05,58,47,180,0
2025-03-03,DS-Amsterdam-02,Beverages,BEV-06,62,57,209,0
2025-03-03,DS-Amsterdam-02,Snacks,SNA-01,46,42,70,0
2025-03-03,DS-Amsterdam-02,Snacks,SNA-02,43,41,75,0
2025-03-03,DS-Amsterdam-02,Snacks,SNA-03,45,38,77,0
2025-03-03,DS-Amsterdam-02,Snacks,SNA-04,69,69,112,1
2025-03-03,DS-Amsterdam-02,Snacks,SNA-05,57,36,77,0
2025-03-03,DS-Amsterdam-02,Snacks,SNA-06,40,39,62,0
2025-03-03,DS-Amsterdam-02,Household,HOU-01,25,17,90,0
2025-03-03,DS-Amsterdam-02,Household,HOU-02,23,24,74,0
2025-03-03,DS-Amsterdam-02,Household,HOU-03,30,21,97,0
2025-03-03,DS-Amsterdam-02,Household,HOU-04,19,19,75,0
2025-03-03,DS-Amsterdam-02,Household,HOU-05,48,37,175,1
2025-03-03,DS-Amsterdam-02,Household,HOU-06,29,26,119,0
2025-03-03,DS-Rotterdam-01,Fresh Produce,FRE-01,43,41,280,0
2025-03-03,DS-Rotterdam-01,Fresh Produce,FRE-02,59,49,298,0
2025-03-03,DS-Rotterdam-01,Fresh Produce,FRE-03,35,54,174,0
2025-03-03,DS-Rotterdam-01,Fresh Produce,FRE-04,37,43,211,0
2025-03-03,DS-Rotterdam-01,Fresh Produce,FRE-05,40,55,210,0
2025-03-03,DS-Rotterdam-01,Fresh Produce,FRE-06,88,100,582,1
2025-03-03,DS-Rotterdam-01,Dairy,DAI-01,34,37,108,0
2025-03-03,DS-Rotterdam-01,Dairy,DAI-02,27,33,80,0
2025-03-03,DS-Rotterdam-01,Dairy,DAI-03,29,33,98,0
2025-03-03,DS-Rotterdam-01,Dairy,DAI-04,37,39,112,0
2025-03-03,DS-Rotterdam-01,Dairy,DAI-05,44,39,172,0
2025-03-03,DS-Rotterdam-01,Dairy,DAI-06,34,29,125,0
2025-03-03,DS-Rotterdam-01,Beverages,BEV-01,63,61,228,0
2025-03-03,DS-Rotterdam-01,Beverages,BEV-02,46,56,159,0
2025-03-03,DS-Rotterdam-01,Beverages,BEV-03,88,129,254,1
2025-03-03,DS-Rotterdam-01,Beverages,BEV-04,73,73,257,0
2025-03-03,DS-Rotterdam-01,Beverages,BEV-05,64,64,214,0
2025-03-03,DS-Rotterdam-01,Beverages,BEV-06,58,63,188,0
2025-03-03,DS-Rotterdam-01,Snacks,SNA-01,57,43,92,0
2025-03-03,DS-Rotterdam-01,Snacks,SNA-02,64,45,104,0
2025-03-03,DS-Rotterdam-01,Snacks,SNA-03,55,45,89,0
2025-03-03,DS-Rotterdam-01,Snacks,SNA-04,58,46,88,0
2025-03-03,DS-Rotterdam-01,Snacks,SNA-05,56,49,93,0
2025-03-03,DS-Rotterdam-01,Snacks,SNA-06,48,51,85,0
2025-03-03,DS-Rotterdam-01,Household,HOU-01,21,25,73,0
2025-03-03,DS-Rotterdam-01,Household,HOU-02,25,29,102,0
2025-03-03,DS-Rotterdam-01,Household,HOU-03,25,24,84,0
2025-03-03,DS-Rotterdam-01,Household,HOU-04,36,45,120,1
2025-03-03,DS-Rotterdam-01,Household,HOU-05,21,23,61,0
2025-03-03,DS-Rotterdam-01,Household,HOU-06,22,29,63,0
2025-03-03,DS-Utrecht-01,Fresh Produce,FRE-01,44,68,272,0
2025-03-03,DS-Utrecht-01,Fresh Produce,FRE-02,63,50,317,0
2025-03-03,DS-Utrecht-01,Fresh Produce,FRE-03,54,78,312,0
2025-03-03,DS-Utrecht-01,Fresh Produce,FRE-04,48,75,340,0
2025-03-03,DS-Utrecht-01,Fresh Produce,FRE-05,66,66,321,0
2025-03-03,DS-Utrecht-01,Fresh Produce,FRE-06,88,100,567,1
2025-03-03,DS-Utrecht-01,Dairy,DAI-01,49,39,159,0
2025-03-03,DS-Utrecht-01,Dairy,DAI-02,72,82,224,1
2025-03-03,DS-Utrecht-01,Dairy,DAI-03,38,49,133,0
2025-03-03,DS-Utrecht-01,Dairy,DAI-04,64,89,199,1
2025-03-03,DS-Utrecht-01,Dairy,DAI-05,47,40,170,0
2025-03-03,DS-Utrecht-01,Dairy,DAI-06,63,45,223,0
2025-03-03,DS-Utrecht-01,Beverages,BEV-01,77,72,253,0
2025-03-03,DS-Utrecht-01,Beverages,BEV-02,73,81,298,0
2025-03-03,DS-Utrecht-01,Beverages,BEV-03,80,73,277,0
2025-03-03,DS-Utrecht-01,Beverages,BEV-04,132,119,410,1
2025-03-03,DS-Utrecht-01,Beverages,BEV-05,73,67,277,0
2025-03-03,DS-Utrecht-01,Beverages,BEV-06,152,136,522,1
2025-03-03,DS-Utrecht-01,Snacks,SNA-01,87,43,154,0
2025-03-03,DS-Utrecht-01,Snacks,SNA-02,62,53,109,0
2025-03-03,DS-Utrecht-01,Snacks,SNA-03,55,58,89,0
2025-03-03,DS-Utrecht-01,Snacks,SNA-04,74,55,124,0
2025-03-03,DS-Utrecht-01,Snacks,SNA-05,74,50,93,0
2025-03-03,DS-Utrecht-01,Snacks,SNA-06,57,59,77,0
2025-03-03,DS-Utrecht-01,Household,HOU-01,29,27,114,0
2025-03-03,DS-Utrecht-01,Household,HOU-02,22,24,68,0
2025-03-03,DS-Utrecht-01,Household,HOU-03,29,31,102,0
2025-03-03,DS-Utrecht-01,Household,HOU-04,23,27,87,0
2025-03-03,DS-Utrecht-01,Household,HOU-05,29,27,89,0
2025-03-03,DS-Utrecht-01,Household,HOU-06,30,23,108,0
2025-03-03,DS-TheHague-01,Fresh Produce,FRE-01,59,96,326,0
2025-03-03,DS-TheHague-01,Fresh Produce,FRE-02,63,76,315,0
2025-03-03,DS-TheHague-01,Fresh Produce,FRE-03,102,126,504,1
2025-03-03,DS-TheHague-01,Fresh Produce,FRE-04,47,80,319,0
2025-03-03,DS-TheHague-01,Fresh Produce,FRE-05,62,59,352,0
2025-03-03,DS-TheHague-01,Fresh Produce,FRE-06,59,60,388,0
2025-03-03,DS-TheHague-01,Dairy,DAI-01,64,58,181,0
2025-03-03,DS-TheHague-01,Dairy,DAI-02,50,48,195,0
2025-03-03,DS-TheHague-01,Dairy,DAI-03,44,48,181,0
2025-03-03,DS-TheHague-01,Dairy,DAI-04,51,53,186,0
2025-03-03,DS-TheHague-01,Dairy,DAI-05,45,56,157,0
2025-03-03,DS-TheHague-01,Dairy,DAI-06,40,51,147,0
2025-03-03,DS-TheHague-01,Beverages,BEV-01,91,88,316,0
2025-03-03,DS-TheHague-01,Beverages,BEV-02,91,85,310,0
2025-03-03,DS-TheHague-01,Beverages,BEV-03,78,66,265,0
2025-03-03,DS-TheHague-01,Beverages,BEV-04,95,94,290,0
2025-03-03,DS-TheHague-01,Beverages,BEV-05,95,87,295,0
2025-03-03,DS-TheHague-01,Beverages,BEV-06,85,89,295,0
2025-03-03,DS-TheHague-01,Snacks,SNA-01,81,60,102,0
2025-03-03,DS-TheHague-01,Snacks,SNA-02,57,52,82,0
2025-03-03,DS-TheHague-01,Snacks,SNA-03,71,73,93,0
2025-03-03,DS-TheHague-01,Snacks,SNA-04,91,67,136,0
2025-03-03,DS-TheHague-01,Snacks,SNA-05,80,53,120,0
2025-03-03,DS-TheHague-01,Snacks,SNA-06,80,57,139,0
2025-03-03,DS-TheHague-01,Household,HOU-01,32,29,115,0
2025-03-03,DS-TheHague-01,Household,HOU-02,41,27,134,0
2025-03-03,DS-TheHague-01,Household,HOU-03,34,45,134,0
2025-03-03,DS-TheHague-01,Household,HOU-04,35,26,126,0
2025-03-03,DS-TheHague-01,Household,HOU-05,29,35,94,0
2025-03-03,DS-TheHague-01,Household,HOU-06,42,36,165,0
2025-03-04,DS-Amsterdam-01,Fresh Produce,FRE-01,56,83,298,0
2025-03-04,DS-Amsterdam-01,Fresh Produce,FRE-02,65,58,336,0
2025-03-04,DS-Amsterdam-01,Fresh Produce,FRE-03,58,60,325,0
2025-03-04,DS-Amsterdam-01,Fresh Produce,FRE-04,64,55,401,0
2025-03-04,DS-Amsterdam-01,Fresh Produce,FRE-05,47,65,266,0
2025-03-04,DS-Amsterdam-01,Fresh Produce,FRE-06,49,67,290,0
2025-03-04,DS-Amsterdam-01,Dairy,DAI-01,26,45,78,0
2025-03-04,DS-Amsterdam-01,Dairy,DAI-02,29,43,85,0
2025-03-04,DS-Amsterdam-01,Dairy,DAI-03,31,41,86,0
2025-03-04,DS-Amsterdam-01,Dairy,DAI-04,28,39,86,0
2025-03-04,DS-Amsterdam-01,Dairy,DAI-05,31,51,97,0
2025-03-04,DS-Amsterdam-01,Dairy,DAI-06,37,43,123,0
2025-03-04,DS-Amsterdam-01,Beverages,BEV-01,73,71,304,0
2025-03-04,DS-Amsterdam-01,Beverages,BEV-02,83,56,233,0
2025-03-04,DS-Amsterdam-01,Beverages,BEV-03,71,76,296,0
2025-03-04,DS-Amsterdam-01,Beverages,BEV-04,73,76,241,0
2025-03-04,DS-Amsterdam-01,Beverages,BEV-05,75,74,266,0
2025-03-04,DS-Amsterdam-01,Beverages,BEV-06,91,72,301,0
2025-03-04,DS-Amsterdam-01,Snacks,SNA-01,58,53,72,0
2025-03-04,DS-Amsterdam-01,Snacks,SNA-02,60,57,100,0
2025-03-04,DS-Amsterdam-01,Snacks,SNA-03,60,58,88,0
2025-03-04,DS-Amsterdam-01,Snacks,SNA-04,63,49,82,0
2025-03-04,DS-Amsterdam-01,Snacks,SNA-05,125,101,210,1
2025-03-04,DS-Amsterdam-01,Snacks,SNA-06,69,60,93,0
2025-03-04,DS-Amsterdam-01,Household,HOU-01,22,28,69,0
2025-03-04,DS-Amsterdam-01,Household,HOU-02,52,49,204,1
2025-03-04,DS-Amsterdam-01,Household,HOU-03,26,27,94,0
2025-03-04,DS-Amsterdam-01,Household,HOU-04,29,32,81,0
2025-03-04,DS-Amsterdam-01,Household,HOU-05,32,27,89,0
2025-03-04,DS-Amsterdam-01,Household,HOU-06,35,32,127,0
2025-03-04,DS-Amsterdam-02,Fresh Produce,FRE-01,57,59,301,0
2025-03-04,DS-Amsterdam-02,Fresh Produce,FRE-02,54,73,260,0
2025-03-04,DS-Amsterdam-02,Fresh Produce,FRE-03,53,84,380,0
2025-03-04,DS-Amsterdam-02,Fresh Produce,FRE-04,66,76,436,0
2025-03-04,DS-Amsterdam-02,Fresh Produce,FRE-05,54,62,277,0
2025-03-04,DS-Amsterdam-02,Fresh Produce,FRE-06,67,82,340,0
2025-03-04,DS-Amsterdam-02,Dairy,DAI-01,39,45,163,0
2025-03-04,DS-Amsterdam-02,Dairy,DAI-02,57,38,208,0
2025-03-04,DS-Amsterdam-02,Dairy,DAI-03,32,46,123,0
2025-03-04,DS-Amsterdam-02,Dairy,DAI-04,51,38,191,0
2025-03-04,DS-Amsterdam-02,Dairy,DAI-05,51,51,198,0
2025-03-04,DS-Amsterdam-02,Dairy,DAI-06,39,34,145,0
2025-03-04,DS-Amsterdam-02,Beverages,BEV-01,79,86,248,0
2025-03-04,DS-Amsterdam-02,Beverages,BEV-02,71,70,235,0
2025-03-04,DS-Amsterdam-02,Beverages,BEV-03,79,64,280,0
2025-03-04,DS-Amsterdam-02,Beverages,BEV-04,68,73,254,0
2025-03-04,DS-Amsterdam-02,Beverages,BEV-05,83,71,259,0
2025-03-04,DS-Amsterdam-02,Beverages,BEV-06,65,88,258,0
2025-03-04,DS-Amsterdam-02,Snacks,SNA-01,65,60,113,0
2025-03-04,DS-Amsterdam-02,Snacks,SNA-02,66,47,92,0
2025-03-04,DS-Amsterdam-02,Snacks,SNA-03,121,103,189,1
2025-03-04,DS-Amsterdam-02,Snacks,SNA-04,58,54,88,0
2025-03-04,DS-Amsterdam-02,Snacks,SNA-05,83,48,146,0
2025-03-04,DS-Amsterdam-02,Snacks,SNA-06,66,62,87,0
2025-03-04,DS-Amsterdam-02,Household,HOU-01,28,28,81,0
2025-03-04,DS-Amsterdam-02,Household,HOU-02,50,23,195,0
2025-03-04,DS-Amsterdam-02,Household,HOU-03,34,30,114,0
2025-03-04,DS-Amsterdam-02,Household,HOU-04,34,28,112,0
2025-03-04,DS-Amsterdam-02,Household,HOU-05,27,25,82,0
2025-03-04,DS-Amsterdam-02,Household,HOU-06,28,26,88,0
2025-03-04,DS-Rotterdam-01,Fresh Produce,FRE-01,48,66,247,0
2025-03-04,DS-Rotterdam-01,Fresh Produce,FRE-02,56,60,387,0
2025-03-04,DS-Rotterdam-01,Fresh Produce,FRE-03,59,74,364,0
2025-03-04,DS-Rotterdam-01,Fresh Produce,FRE-04,107,128,669,1
2025-03-04,DS-Rotterdam-01,Fresh Produce,FRE-05,61,73,380,0
2025-03-04,DS-Rotterdam-01,Fresh Produce,FRE-06,47,61,254,0
2025-03-04,DS-Rotterdam-01,Dairy,DAI-01,43,40,164,0
2025-03-04,DS-Rotterdam-01,Dairy,DAI-02,38,48,133,0
2025-03-04,DS-Rotterdam-01,Dairy,DAI-03,44,48,165,0
2025-03-04,DS-Rotterdam-01,Dairy,DAI-04,57,45,209,0
2025-03-04,DS-Rotterdam-01,Dairy,DAI-05,52,52,217,0
2025-03-04,DS-Rotterdam-01,Dairy,DAI-06,56,40,203,0
2025-03-04,DS-Rotterdam-01,Beverages,BEV-01,80,70,246,0
2025-03-04,DS-Rotterdam-01,Beverages,BEV-02,166,118,489,1
2025-03-04,DS-Rotterdam-01,Beverages,BEV-03,84,92,290,0
2025-03-04,DS-Rotterdam-01,Beverages,BEV-04,81,70,254,0
2025-03-04,DS-Rotterdam-01,Beverages,BEV-05,85,70,313,0
2025-03-04,DS-Rotterdam-01,Beverages,BEV-06,124,161,366,1
2025-03-04,DS-Rotterdam-01,Snacks,SNA-01,64,53,109,0
2025-03-04,DS-Rotterdam-01,Snacks,SNA-02,63,53,86,0
2025-03-04,DS-Rotterdam-01,Snacks,SNA-03,64,64,95,0
2025-03-04,DS-Rotterdam-01,Snacks,SNA-04,125,85,166,1
2025-03-04,DS-Rotterdam-01,Snacks,SNA-05,65,47,105,0
2025-03-04,DS-Rotterdam-01,Snacks,SNA-06,63,69,107,0
2025-03-04,DS-Rotterdam-01,Household,HOU-01,29,29,87,0
2025-03-04,DS-Rotterdam-01,Household,HOU-02,17,30,63,0
2025-03-04,DS-Rotterdam-01,Household,HOU-03,24,33,100,0
2025-03-04,DS-Rotterdam-01,Household,HOU-04,38,28,111,0
2025-03-04,DS-Rotterdam-01,Household,HOU-05,27,29,105,0
2025-03-04,DS-Rotterdam-01,Household,HOU-06,28,34,96,0
2025-03-04,DS-Utrecht-01,Fresh Produce,FRE-01,65,64,444,0
2025-03-04,DS-Utrecht-01,Fresh Produce,FRE-02,60,59,346,0
2025-03-04,DS-Utrecht-01,Fresh Produce,FRE-03,73,54,497,0
2025-03-04,DS-Utrecht-01,Fresh Produce,FRE-04,55,66,359,0
2025-03-04,DS-Utrecht-01,Fresh Produce,FRE-05,52,68,306,0
2025-03-04,DS-Utrecht-01,Fresh Produce,FRE-06,47,74,252,0
2025-03-04,DS-Utrecht-01,Dairy,DAI-01,48,46,162,0
2025-03-04,DS-Utrecht-01,Dairy,DAI-02,35,50,102,0
2025-03-04,DS-Utrecht-01,Dairy,DAI-03,46,43,140,0
2025-03-04,DS-Utrecht-01,Dairy,DAI-04,43,50,123,0
2025-03-04,DS-Utrecht-01,Dairy,DAI-05,47,42,180,0
2025-03-04,DS-Utrecht-01,Dairy,DAI-06,51,55,175,0
2025-03-04,DS-Utrecht-01,Beverages,BEV-01,74,63,250,0
2025-03-04,DS-Utrecht-01,Beverages,BEV-02,69,78,198,0
2025-03-04,DS-Utrecht-01,Beverages,BEV-03,78,72,235,0
2025-03-04,DS-Utrecht-01,Beverages,BEV-04,74,78,299,0
2025-03-04,DS-Utrecht-01,Beverages,BEV-05,76,80,294,0
2025-03-04,DS-Utrecht-01,Beverages,BEV-06,69,86,282,0
2025-03-04,DS-Utrecht-01,Snacks,SNA-01,71,52,111,0
2025-03-04,DS-Utrecht-01,Snacks,SNA-02,77,60,129,0
2025-03-04,DS-Utrecht-01,Snacks,SNA-03,65,64,94,0
2025-03-04,DS-Utrecht-01,Snacks,SNA-04,71,58,97,0
2025-03-04,DS-Utrecht-01,Snacks,SNA-05,70,47,108,0
2025-03-04,DS-Utrecht-01,Snacks,SNA-06,56,51,94,0
2025-03-04,DS-Utrecht-01,Household,HOU-01,29,32,106,0
2025-03-04,DS-Utrecht-01,Household,HOU-02,30,30,87,0
2025-03-04,DS-Utrecht-01,Household,HOU-03,30,36,88,0
2025-03-04,DS-Utrecht-01,Household,HOU-04,32,28,101,0
2025-03-04,DS-Utrecht-01,Household,HOU-05,37,30,140,0
2025-03-04,DS-Utrecht-01,Household,HOU-06,25,28,80,0
2025-03-04,DS-TheHague-01,Fresh Produce,FRE-01,45,59,255,0
2025-03-04,DS-TheHague-01,Fresh Produce,FRE-02,54,61,281,0
2025-03-04,DS-TheHague-01,Fresh Produce,FRE-03,45,73,309,0
2025-03-04,DS-TheHague-01,Fresh Produce,FRE-04,43,74,228,0
2025-03-04,DS-TheHague-01,Fresh Produce,FRE-05,49,51,243,0
2025-03-04,DS-TheHague-01,Fresh Produce,FRE-06,104,117,561,1
2025-03-04,DS-TheHague-01,Dairy,DAI-01,41,44,168,0
2025-03-04,DS-TheHague-01,Dairy,DAI-02,48,42,196,0
2025-03-04,DS-TheHague-01,Dairy,DAI-03,41,39,147,0
2025-03-04,DS-TheHague-01,Dairy,DAI-04,55,38,166,0
2025-03-04,DS-TheHague-01,Dairy,DAI-05,46,45,152,0
2025-03-04,DS-TheHague-01,Dairy,DAI-06,37,41,124,0
2025-03-04,DS-TheHague-01,Beverages,BEV-01,64,80,208,0
2025-03-04,DS-TheHague-01,Beverages,BEV-02,81,66,297,0
2025-03-04,DS-TheHague-01,Beverages,BEV-03,79,75,313,0
2025-03-04,DS-TheHague-01,Beverages,BEV-04,72,80,254,0
2025-03-04,DS-TheHague-01,Beverages,BEV-05,73,75,287,0
2025-03-04,DS-TheHague-01,Beverages,BEV-06,70,70,280,0
2025-03-04,DS-TheHague-01,Snacks,SNA-01,69,63,103,0
2025-03-04,DS-TheHague-01,Snacks,SNA-02,63,50,97,0
2025-03-04,DS-TheHague-01,Snacks,SNA-03,70,56,103,0
2025-03-04,DS-TheHague-01,Snacks,SNA-04,62,63,109,0
2025-03-04,DS-TheHague-01,Snacks,SNA-05,71,51,126,0
2025-03-04,DS-TheHague-01,Snacks,SNA-06,63,64,79,0
2025-03-04,DS-TheHague-01,Household,HOU-01,21,25,68,0
2025-03-04,DS-TheHague-01,Household,HOU-02,32,34,104,0
2025-03-04,DS-TheHague-01,Household,HOU-03,32,29,105,0
2025-03-04,DS-TheHague-01,Household,HOU-04,23,25,72,0
2025-03-04,DS-TheHague-01,Household,HOU-05,37,27,127,0
2025-03-04,DS-TheHague-01,Household,HOU-06,62,40,259,1
2025-03-05,DS-Amsterdam-01,Fresh Produce,FRE-01,55,47,326,0
2025-03-05,DS-Amsterdam-01,Fresh Produce,FRE-02,53,76,279,0
2025-03-05,DS-Amsterdam-01,Fresh Produce,FRE-03,100,102,588,1
2025-03-05,DS-Amsterdam-01,Fresh Produce,FRE-04,44,68,238,0
2025-03-05,DS-Amsterdam-01,Fresh Produce,FRE-05,58,70,321,0
2025-03-05,DS-Amsterdam-01,Fresh Produce,FRE-06,72,66,467,0
2025-03-05,DS-Amsterdam-01,Dairy,DAI-01,46,46,164,0
2025-03-05,DS-Amsterdam-01,Dairy,DAI-02,39,54,147,0
2025-03-05,DS-Amsterdam-01,Dairy,DAI-03,46,56,140,0
2025-03-05,DS-Amsterdam-01,Dairy,DAI-04,48,39,147,0
2025-03-05,DS-Amsterdam-01,Dairy,DAI-05,31,38,90,0
2025-03-05,DS-Amsterdam-01,Dairy,DAI-06,47,41,138,0
2025-03-05,DS-Amsterdam-01,Beverages,BEV-01,76,86,283,0
2025-03-05,DS-Amsterdam-01,Beverages,BEV-02,101,86,340,0
2025-03-05,DS-Amsterdam-01,Beverages,BEV-03,95,90,320,0
2025-03-05,DS-Amsterdam-01,Beverages,BEV-04,98,88,292,0
2025-03-05,DS-Amsterdam-01,Beverages,BEV-05,84,84,288,0
2025-03-05,DS-Amsterdam-01,Beverages,BEV-06,98,79,321,0
2025-03-05,DS-Amsterdam-01,Snacks,SNA-01,65,58,87,0
2025-03-05,DS-Amsterdam-01,Snacks,SNA-02,71,66,97,0
2025-03-05,DS-Amsterdam-01,Snacks,SNA-03,119,108,148,1
2025-03-05,DS-Amsterdam-01,Snacks,SNA-04,58,61,96,0
2025-03-05,DS-Amsterdam-01,Snacks,SNA-05,69,54,106,0
2025-03-05,DS-Amsterdam-01,Snacks,SNA-06,69,65,123,0
2025-03-05,DS-Amsterdam-01,Household,HOU-01,34,29,98,0
2025-03-05,DS-Amsterdam-01,Household,HOU-02,20,40,81,0
2025-03-05,DS-Amsterdam-01,Household,HOU-03,32,42,100,0
2025-03-05,DS-Amsterdam-01,Household,HOU-04,32,30,111,0
2025-03-05,DS-Amsterdam-01,Household,HOU-05,32,32,130,0
2025-03-05,DS-Amsterdam-01,Household,HOU-06,39,43,139,0
2025-03-05,DS-Amsterdam-02,Fresh Produce,FRE-01,45,59,269,0
2025-03-05,DS-Amsterdam-02,Fresh Produce,FRE-02,37,55,199,0
2025-03-05,DS-Amsterdam-02,Fresh Produce,FRE-03,53,62,312,0
2025-03-05,DS-Amsterdam-02,Fresh Produce,FRE-04,51,49,346,0
2025-03-05,DS-Amsterdam-02,Fresh Produce,FRE-05,50,51,354,0
2025-03-05,DS-Amsterdam-02,Fresh Produce,FRE-06,44,56,244,0
2025-03-05,DS-Amsterdam-02,Dairy,DAI-01,34,35,116,0
2025-03-05,DS-Amsterdam-02,Dairy,DAI-02,34,44,108,0
2025-03-05,DS-Amsterdam-02,Dairy,DAI-03,41,27,146,0
2025-03-05,DS-Amsterdam-02,Dairy,DAI-04,39,38,110,0
2025-03-05,DS-Amsterdam-02,Dairy,DAI-05,45,41,143,0
2025-03-05,DS-Amsterdam-02,Dairy,DAI-06,29,40,115,0
2025-03-05,DS-Amsterdam-02,Beverages,BEV-01,59,65,223,0
2025-03-05,DS-Amsterdam-02,Beverages,BEV-02,63,64,229,0
2025-03-05,DS-Amsterdam-02,Beverages,BEV-03,58,57,207,0
2025-03-05,DS-Amsterdam-02,Beverages,BEV-04,59,46,181,0
2025-03-05,DS-Amsterdam-02,Beverages,BEV-05,68,64,217,0
2025-03-05,DS-Amsterdam-02,Beverages,BEV-06,58,48,202,0
2025-03-05,DS-Amsterdam-02,Snacks,SNA-01,80,52,143,0
2025-03-05,DS-Amsterdam-02,Snacks,SNA-02,49,44,59,0
2025-03-05,DS-Amsterdam-02,Snacks,SNA-03,58,42,103,0
2025-03-05,DS-Amsterdam-02,Snacks,SNA-04,66,44,111,0
2025-03-05,DS-Amsterdam-02,Snacks,SNA-05,73,40,129,0
2025-03-05,DS-Amsterdam-02,Snacks,SNA-06,60,55,78,0
2025-03-05,DS-Amsterdam-02,Household,HOU-01,25,23,78,0
2025-03-05,DS-Amsterdam-02,Household,HOU-02,30,28,92,0
2025-03-05,DS-Amsterdam-02,Household,HOU-03,20,23,70,0
2025-03-05,DS-Amsterdam-02,Household,HOU-04,23,28,68,0
2025-03-05,DS-Amsterdam-02,Household,HOU-05,26,24,80,0
2025-03-05,DS-Amsterdam-02,Household,HOU-06,27,24,93,0
2025-03-05,DS-Rotterdam-01,Fresh Produce,FRE-01,68,62,393,0
2025-03-05,DS-Rotterdam-01,Fresh Produce,FRE-02,68,62,366,0
2025-03-05,DS-Rotterdam-01,Fresh Produce,FRE-03,55,76,345,0
2025-03-05,DS-Rotterdam-01,Fresh Produce,FRE-04,43,79,240,0
2025-03-05,DS-Rotterdam-01,Fresh Produce,FRE-05,63,67,378,0
2025-03-05,DS-Rotterdam-01,Fresh Produce,FRE-06,55,87,347,0
2025-03-05,DS-Rotterdam-01,Dairy,DAI-01,42,44,143,0
2025-03-05,DS-Rotterdam-01,Dairy,DAI-02,79,87,304,1
2025-03-05,DS-Rotterdam-01,Dairy,DAI-03,38,45,148,0
2025-03-05,DS-Rotterdam-01,Dairy,DAI-04,51,48,201,0
2025-03-05,DS-Rotterdam-01,Dairy,DAI-05,58,48,240,0
2025-03-05,DS-Rotterdam-01,Dairy,DAI-06,54,42,159,0
2025-03-05,DS-Rotterdam-01,Beverages,BEV-01,71,91,270,0
2025-03-05,DS-Rotterdam-01,Beverages,BEV-02,80,73,291,0
2025-03-05,DS-Rotterdam-01,Beverages,BEV-03,85,67,337,0
2025-03-05,DS-Rotterdam-01,Beverages,BEV-04,94,89,278,0
2025-03-05,DS-Rotterdam-01,Beverages,BEV-05,56,88,176,0
2025-03-05,DS-Rotterdam-01,Beverages,BEV-06,71,75,251,0
2025-03-05,DS-Rotterdam-01,Snacks,SNA-01,64,57,82,0
2025-03-05,DS-Rotterdam-01,Snacks,SNA-02,82,51,138,0
2025-03-05,DS-Rotterdam-01,Snacks,SNA-03,56,51,77,0
2025-03-05,DS-Rotterdam-01,Snacks,SNA-04,62,70,109,0
2025-03-05,DS-Rotterdam-01,Snacks,SNA-05,68,61,113,0
2025-03-05,DS-Rotterdam-01,Snacks,SNA-06,67,58,117,0
2025-03-05,DS-Rotterdam-01,Household,HOU-01,24,30,73,0
2025-03-05,DS-Rotterdam-01,Household,HOU-02,27,30,113,0
2025-03-05,DS-Rotterdam-01,Household,HOU-03,37,29,122,0
2025-03-05,DS-Rotterdam-01,Household,HOU-04,27,29,105,0
2025-03-05,DS-Rotterdam-01,Household,HOU-05,33,29,121,0
2025-03-05,DS-Rotterdam-01,Household,HOU-06,24,29,99,0
2025-03-05,DS-Utrecht-01,Fresh Produce,FRE-01,55,63,352,0
2025-03-05,DS-Utrecht-01,Fresh Produce,FRE-02,48,40,237,0
2025-03-05,DS-Utrecht-01,Fresh Produce,FRE-03,58,60,342,0
2025-03-05,DS-Utrecht-01,Fresh Produce,FRE-04,47,50,242,0
2025-03-05,DS-Utrecht-01,Fresh Produce,FRE-05,48,54,241,0
2025-03-05,DS-Utrecht-01,Fresh Produce,FRE-06,49,58,317,0
2025-03-05,DS-Utrecht-01,Dairy,DAI-01,40,36,118,0
2025-03-05,DS-Utrecht-01,Dairy,DAI-02,42,35,124,0
2025-03-05,DS-Utrecht-01,Dairy,DAI-03,37,38,145,0
2025-03-05,DS-Utrecht-01,Dairy,DAI-04,33,41,97,0
2025-03-05,DS-Utrecht-01,Dairy,DAI-05,40,38,165,0
2025-03-05,DS-Utrecht-01,Dairy,DAI-06,40,32,141,0
2025-03-05,DS-Utrecht-01,Beverages,BEV-01,63,71,205,0
2025-03-05,DS-Utrecht-01,Beverages,BEV-02,74,59,254,0
2025-03-05,DS-Utrecht-01,Beverages,BEV-03,59,55,225,0
2025-03-05,DS-Utrecht-01,Beverages,BEV-04,72,60,300,0
2025-03-05,DS-Utrecht-01,Beverages,BEV-05,67,54,238,0
2025-03-05,DS-Utrecht-01,Beverages,BEV-06,59,57,182,0
2025-03-05,DS-Utrecht-01,Snacks,SNA-01,49,52,71,0
2025-03-05,DS-Utrecht-01,Snacks,SNA-02,45,52,77,0
2025-03-05,DS-Utrecht-01,Snacks,SNA-03,56,41,90,0
2025-03-05,DS-Utrecht-01,Snacks,SNA-04,45,49,79,0
2025-03-05,DS-Utrecht-01,Snacks,SNA-05,57,43,95,0
2025-03-05,DS-Utrecht-01,Snacks,SNA-06,61,51,86,0
2025-03-05,DS-Utrecht-01,Household,HOU-01,25,26,101,0
2025-03-05,DS-Utrecht-01,Household,HOU-02,40,49,114,1
2025-03-05,DS-Utrecht-01,Household,HOU-03,26,26,97,0
2025-03-05,DS-Utrecht-01,Household,HOU-04,43,50,133,1
2025-03-05,DS-Utrecht-01,Household,HOU-05,40,42,132,1
2025-03-05,DS-Utrecht-01,Household,HOU-06,20,21,72,0
2025-03-05,DS-TheHague-01,Fresh Produce,FRE-01,45,65,290,0
2025-03-05,DS-TheHague-01,Fresh Produce,FRE-02,53,71,308,0
2025-03-05,DS-TheHague-01,Fresh Produce,FRE-03,61,68,388,0
2025-03-05,DS-TheHague-01,Fresh Produce,FRE-04,50,76,359,0
2025-03-05,DS-TheHague-01,Fresh Produce,FRE-05,65,63,373,0
2025-03-05,DS-TheHague-01,Fresh Produce,FRE-06,68,56,454,0
2025-03-05,DS-TheHague-01,Dairy,DAI-01,52,45,156,0
2025-03-05,DS-TheHague-01,Dairy,DAI-02,43,47,165,0
2025-03-05,DS-TheHague-01,Dairy,DAI-03,43,37,178,0
2025-03-05,DS-TheHague-01,Dairy,DAI-04,39,45,109,0
2025-03-05,DS-TheHague-01,Dairy,DAI-05,49,46,151,0
2025-03-05,DS-TheHague-01,Dairy,DAI-06,65,48,223,0
2025-03-05,DS-TheHague-01,Beverages,BEV-01,86,90,343,0
2025-03-05,DS-TheHague-01,Beverages,BEV-02,79,77,329,0
2025-03-05,DS-TheHague-01,Beverages,BEV-03,75,84,269,0
2025-03-05,DS-TheHague-01,Beverages,BEV-04,72,84,274,0
2025-03-05,DS-TheHague-01,Beverages,BEV-05,80,51,291,0
2025-03-05,DS-TheHague-01,Beverages,BEV-06,80,93,311,0
2025-03-05,DS-TheHague-01,Snacks,SNA-01,71,52,123,0
2025-03-05,DS-TheHague-01,Snacks,SNA-02,72,53,119,0
2025-03-05,DS-TheHague-01,Snacks,SNA-03,124,113,155,1
2025-03-05,DS-TheHague-01,Snacks,SNA-04,55,50,74,0
2025-03-05,DS-TheHague-01,Snacks,SNA-05,70,62,84,0
2025-03-05,DS-TheHague-01,Snacks,SNA-06,70,66,87,0
2025-03-05,DS-TheHague-01,Household,HOU-01,35,37,122,0
2025-03-05,DS-TheHague-01,Household,HOU-02,63,53,255,1
2025-03-05,DS-TheHague-01,Household,HOU-03,28,31,110,0
2025-03-05,DS-TheHague-01,Household,HOU-04,22,21,71,0
2025-03-05,DS-TheHague-01,Household,HOU-05,32,27,101,0
2025-03-05,DS-TheHague-01,Household,HOU-06,34,32,115,0
2025-03-06,DS-Amsterdam-01,Fresh Produce,FRE-01,62,87,388,0
2025-03-06,DS-Amsterdam-01,Fresh Produce,FRE-02,124,115,621,1
2025-03-06,DS-Amsterdam-01,Fresh Produce,FRE-03,58,82,361,0
2025-03-06,DS-Amsterdam-01,Fresh Produce,FRE-04,57,80,355,0
2025-03-06,DS-Amsterdam-01,Fresh Produce,FRE-05,51,79,346,0
2025-03-06,DS-Amsterdam-01,Fresh Produce,FRE-06,58,76,297,0
2025-03-06,DS-Amsterdam-01,Dairy,DAI-01,53,51,163,0
2025-03-06,DS-Amsterdam-01,Dairy,DAI-02,51,53,205,0
2025-03-06,DS-Amsterdam-01,Dairy,DAI-03,39,46,128,0
2025-03-06,DS-Amsterdam-01,Dairy,DAI-04,79,84,315,1
2025-03-06,DS-Amsterdam-01,Dairy,DAI-05,50,57,150,0
2025-03-06,DS-Amsterdam-01,Dairy,DAI-06,52,36,154,0
2025-03-06,DS-Amsterdam-01,Beverages,BEV-01,88,80,322,0
2025-03-06,DS-Amsterdam-01,Beverages,BEV-02,77,88,270,0
2025-03-06,DS-Amsterdam-01,Beverages,BEV-03,78,83,319,0
2025-03-06,DS-Amsterdam-01,Beverages,BEV-04,74,77,261,0
2025-03-06,DS-Amsterdam-01,Beverages,BEV-05,80,76,333,0
2025-03-06,DS-Amsterdam-01,Beverages,BEV-06,81,91,257,0
2025-03-06,DS-Amsterdam-01,Snacks,SNA-01,81,68,97,0
2025-03-06,DS-Amsterdam-01,Snacks,SNA-02,80,49,127,0
2025-03-06,DS-Amsterdam-01,Snacks,SNA-03,68,56,89,0
2025-03-06,DS-Amsterdam-01,Snacks,SNA-04,73,52,96,0
2025-03-06,DS-Amsterdam-01,Snacks,SNA-05,87,56,116,0
2025-03-06,DS-Amsterdam-01,Snacks,SNA-06,71,64,99,0
2025-03-06,DS-Amsterdam-01,Household,HOU-01,29,33,81,0
2025-03-06,DS-Amsterdam-01,Household,HOU-02,32,30,92,0
2025-03-06,DS-Amsterdam-01,Household,HOU-03,35,26,119,0
2025-03-06,DS-Amsterdam-01,Household,HOU-04,69,77,253,1
2025-03-06,DS-Amsterdam-01,Household,HOU-05,39,28,144,0
2025-03-06,DS-Amsterdam-01,Household,HOU-06,29,34,103,0
2025-03-06,DS-Amsterdam-02,Fresh Produce,FRE-01,52,62,338,0
2025-03-06,DS-Amsterdam-02,Fresh Produce,FRE-02,53,56,302,0
2025-03-06,DS-Amsterdam-02,Fresh Produce,FRE-03,52,58,295,0
2025-03-06,DS-Amsterdam-02,Fresh Produce,FRE-04,60,69,326,0
2025-03-06,DS-Amsterdam-02,Fresh Produce,FRE-05,52,73,361,0
2025-03-06,DS-Amsterdam-02,Fresh Produce,FRE-06,52,63,337,0
2025-03-06,DS-Amsterdam-02,Dairy,DAI-01,42,45,121,0
2025-03-06,DS-Amsterdam-02,Dairy,DAI-02,45,40,151,0
2025-03-06,DS-Amsterdam-02,Dairy,DAI-03,40,43,123,0
2025-03-06,DS-Amsterdam-02,Dairy,DAI-04,36,54,119,0
2025-03-06,DS-Amsterdam-02,Dairy,DAI-05,36,42,102,0
2025-03-06,DS-Amsterdam-02,Dairy,DAI-06,33,38,96,0
2025-03-06,DS-Amsterdam-02,Beverages,BEV-01,91,63,337,0
2025-03-06,DS-Amsterdam-02,Beverages,BEV-02,77,83,275,0
2025-03-06,DS-Amsterdam-02,Beverages,BEV-03,73,79,261,0
2025-03-06,DS-Amsterdam-02,Beverages,BEV-04,72,84,267,0
2025-03-06,DS-Amsterdam-02,Beverages,BEV-05,71,87,247,0
2025-03-06,DS-Amsterdam-02,Beverages,BEV-06,83,77,322,0
2025-03-06,DS-Amsterdam-02,Snacks,SNA-01,77,43,124,0
2025-03-06,DS-Amsterdam-02,Snacks,SNA-02,48,53,60,0
2025-03-06,DS-Amsterdam-02,Snacks,SNA-03,72,53,110,0
2025-03-06,DS-Amsterdam-02,Snacks,SNA-04,58,59,94,0
2025-03-06,DS-Amsterdam-02,Snacks,SNA-05,109,94,154,1
2025-03-06,DS-Amsterdam-02,Snacks,SNA-06,125,92,197,1
2025-03-06,DS-Amsterdam-02,Household,HOU-01,32,33,107,0
2025-03-06,DS-Amsterdam-02,Household,HOU-02,29,29,121,0
2025-03-06,DS-Amsterdam-02,Household,HOU-03,27,25,109,0
2025-03-06,DS-Amsterdam-02,Household,HOU-04,17,29,56,0
2025-03-06,DS-Amsterdam-02,Household,HOU-05,54,43,172,1
2025-03-06,DS-Amsterdam-02,Household,HOU-06,33,33,107,0
2025-03-06,DS-Rotterdam-01,Fresh Produce,FRE-01,36,46,193,0
2025-03-06,DS-Rotterdam-01,Fresh Produce,FRE-02,44,46,249,0
2025-03-06,DS-Rotterdam-01,Fresh Produce,FRE-03,43,39,292,0
2025-03-06,DS-Rotterdam-01,Fresh Produce,FRE-04,45,55,246,0
2025-03-06,DS-Rotterdam-01,Fresh Produce,FRE-05,44,46,298,0
2025-03-06,DS-Rotterdam-01,Fresh Produce,FRE-06,42,49,298,0
2025-03-06,DS-Rotterdam-01,Dairy,DAI-01,34,29,116,0
2025-03-06,DS-Rotterdam-01,Dairy,DAI-02,31,43,96,0
2025-03-06,DS-Rotterdam-01,Dairy,DAI-03,31,32,126,0
2025-03-06,DS-Rotterdam-01,Dairy,DAI-04,29,39,106,0
2025-03-06,DS-Rotterdam-01,Dairy,DAI-05,36,28,122,0
2025-03-06,DS-Rotterdam-01,Dairy,DAI-06,31,37,110,0
2025-03-06,DS-Rotterdam-01,Beverages,BEV-01,61,62,172,0
2025-03-06,DS-Rotterdam-01,Beverages,BEV-02,69,54,278,0
2025-03-06,DS-Rotterdam-01,Beverages,BEV-03,72,50,210,0
2025-03-06,DS-Rotterdam-01,Beverages,BEV-04,57,59,208,0
2025-03-06,DS-Rotterdam-01,Beverages,BEV-05,58,80,207,0
2025-03-06,DS-Rotterdam-01,Beverages,BEV-06,67,55,227,0
2025-03-06,DS-Rotterdam-01,Snacks,SNA-01,52,50,74,0
2025-03-06,DS-Rotterdam-01,Snacks,SNA-02,50,37,82,0
2025-03-06,DS-Rotterdam-01,Snacks,SNA-03,42,51,64,0
2025-03-06,DS-Rotterdam-01,Snacks,SNA-04,41,47,69,0
2025-03-06,DS-Rotterdam-01,Snacks,SNA-05,68,47,99,0
2025-03-06,DS-Rotterdam-01,Snacks,SNA-06,112,80,168,1
2025-03-06,DS-Rotterdam-01,Household,HOU-01,23,24,89,0
2025-03-06,DS-Rotterdam-01,Household,HOU-02,27,23,79,0
2025-03-06,DS-Rotterdam-01,Household,HOU-03,23,23,70,0
2025-03-06,DS-Rotterdam-01,Household,HOU-04,29,24,98,0
2025-03-06,DS-Rotterdam-01,Household,HOU-05,18,24,68,0
2025-03-06,DS-Rotterdam-01,Household,HOU-06,30,23,99,0
2025-03-06,DS-Utrecht-01,Fresh Produce,FRE-01,43,77,217,0
2025-03-06,DS-Utrecht-01,Fresh Produce,FRE-02,58,72,342,0
2025-03-06,DS-Utrecht-01,Fresh Produce,FRE-03,57,58,369,0
2025-03-06,DS-Utrecht-01,Fresh Produce,FRE-04,49,60,251,0
2025-03-06,DS-Utrecht-01,Fresh Produce,FRE-05,54,62,338,0
2025-03-06,DS-Utrecht-01,Fresh Produce,FRE-06,57,74,303,0
2025-03-06,DS-Utrecht-01,Dairy,DAI-01,37,53,129,0
2025-03-06,DS-Utrecht-01,Dairy,DAI-02,38,34,121,0
2025-03-06,DS-Utrecht-01,Dairy,DAI-03,47,44,183,0
2025-03-06,DS-Utrecht-01,Dairy,DAI-04,52,46,176,0
2025-03-06,DS-Utrecht-01,Dairy,DAI-05,45,43,150,0
2025-03-06,DS-Utrecht-01,Dairy,DAI-06,71,77,248,1
2025-03-06,DS-Utrecht-01,Beverages,BEV-01,49,80,166,0
2025-03-06,DS-Utrecht-01,Beverages,BEV-02,58,66,226,0
2025-03-06,DS-Utrecht-01,Beverages,BEV-03,76,79,298,0
2025-03-06,DS-Utrecht-01,Beverages,BEV-04,84,81,271,0
2025-03-06,DS-Utrecht-01,Beverages,BEV-05,72,54,203,0
2025-03-06,DS-Utrecht-01,Beverages,BEV-06,80,82,273,0
2025-03-06,DS-Utrecht-01,Snacks,SNA-01,65,54,85,0
2025-03-06,DS-Utrecht-01,Snacks,SNA-02,62,61,100,0
2025-03-06,DS-Utrecht-01,Snacks,SNA-03,81,49,144,0
2025-03-06,DS-Utrecht-01,Snacks,SNA-04,77,64,131,0
2025-03-06,DS-Utrecht-01,Snacks,SNA-05,70,60,88,0
2025-03-06,DS-Utrecht-01,Snacks,SNA-06,60,51,103,0
2025-03-06,DS-Utrecht-01,Household,HOU-01,30,26,90,0
2025-03-06,DS-Utrecht-01,Household,HOU-02,36,23,119,0
2025-03-06,DS-Utrecht-01,Household,HOU-03,33,27,138,0
2025-03-06,DS-Utrecht-01,Household,HOU-04,22,27,64,0
2025-03-06,DS-Utrecht-01,Household,HOU-05,24,26,72,0
2025-03-06,DS-Utrecht-01,Household,HOU-06,34,32,134,0
2025-03-06,DS-TheHague-01,Fresh Produce,FRE-01,85,106,431,1
2025-03-06,DS-TheHague-01,Fresh Produce,FRE-02,58,65,348,0
2025-03-06,DS-TheHague-01,Fresh Produce,FRE-03,46,67,279,0
2025-03-06,DS-TheHague-01,Fresh Produce,FRE-04,54,69,343,0
2025-03-06,DS-TheHague-01,Fresh Produce,FRE-05,46,61,321,0
2025-03-06,DS-TheHague-01,Fresh Produce,FRE-06,67,62,371,0
2025-03-06,DS-TheHague-01,Dairy,DAI-01,32,52,108,0
2025-03-06,DS-TheHague-01,Dairy,DAI-02,47,40,179,0
2025-03-06,DS-TheHague-01,Dairy,DAI-03,54,50,199,0
2025-03-06,DS-TheHague-01,Dairy,DAI-04,75,93,216,1
2025-03-06,DS-TheHague-01,Dairy,DAI-05,48,41,191,0
2025-03-06,DS-TheHague-01,Dairy,DAI-06,35,47,141,0
2025-03-06,DS-TheHague-01,Beverages,BEV-01,63,80,239,0
2025-03-06,DS-TheHague-01,Beverages,BEV-02,85,76,325,0
2025-03-06,DS-TheHague-01,Beverages,BEV-03,75,67,234,0
2025-03-06,DS-TheHague-01,Beverages,BEV-04,77,80,320,0
2025-03-06,DS-TheHague-01,Beverages,BEV-05,73,65,252,0
2025-03-06,DS-TheHague-01,Beverages,BEV-06,66,68,189,0
2025-03-06,DS-TheHague-01,Snacks,SNA-01,72,51,128,0
2025-03-06,DS-TheHague-01,Snacks,SNA-02,59,42,87,0
2025-03-06,DS-TheHague-01,Snacks,SNA-03,58,50,97,0
2025-03-06,DS-TheHague-01,Snacks,SNA-04,60,46,80,0
2025-03-06,DS-TheHague-01,Snacks,SNA-05,123,114,221,1
2025-03-06,DS-TheHague-01,Snacks,SNA-06,54,50,69,0
2025-03-06,DS-TheHague-01,Household,HOU-01,43,52,164,1
2025-03-06,DS-TheHague-01,Household,HOU-02,19,33,57,0
2025-03-06,DS-TheHague-01,Household,HOU-03,32,32,128,0
2025-03-06,DS-TheHague-01,Household,HOU-04,31,26,123,0
2025-03-06,DS-TheHague-01,Household,HOU-05,34,34,127,0
2025-03-06,DS-TheHague-01,Household,HOU-06,34,32,141,0
2025-03-07,DS-Amsterdam-01,Fresh Produce,FRE-01,68,73,456,0
2025-03-07,DS-Amsterdam-01,Fresh Produce,FRE-02,57,61,293,0
2025-03-07,DS-Amsterdam-01,Fresh Produce,FRE-03,62,70,438,0
2025-03-07,DS-Amsterdam-01,Fresh Produce,FRE-04,49,79,287,0
2025-03-07,DS-Amsterdam-01,Fresh Produce,FRE-05,64,69,421,0
2025-03-07,DS-Amsterdam-01,Fresh Produce,FRE-06,53,56,348,0
2025-03-07,DS-Amsterdam-01,Dairy,DAI-01,58,51,219,0
2025-03-07,DS-Amsterdam-01,Dairy,DAI-02,51,52,183,0
2025-03-07,DS-Amsterdam-01,Dairy,DAI-03,52,52,212,0
2025-03-07,DS-Amsterdam-01,Dairy,DAI-04,46,49,150,0
2025-03-07,DS-Amsterdam-01,Dairy,DAI-05,87,95,362,1
2025-03-07,DS-Amsterdam-01,Dairy,DAI-06,49,47,181,0
2025-03-07,DS-Amsterdam-01,Beverages,BEV-01,89,68,292,0
2025-03-07,DS-Amsterdam-01,Beverages,BEV-02,78,80,299,0
2025-03-07,DS-Amsterdam-01,Beverages,BEV-03,108,83,397,0
2025-03-07,DS-Amsterdam-01,Beverages,BEV-04,93,94,293,0
2025-03-07,DS-Amsterdam-01,Beverages,BEV-05,80,91,281,0
2025-03-07,DS-Amsterdam-01,Beverages,BEV-06,100,102,414,0
2025-03-07,DS-Amsterdam-01,Snacks,SNA-01,62,55,77,0
2025-03-07,DS-Amsterdam-01,Snacks,SNA-02,70,66,108,0
2025-03-07,DS-Amsterdam-01,Snacks,SNA-03,85,66,118,0
2025-03-07,DS-Amsterdam-01,Snacks,SNA-04,69,59,86,0
2025-03-07,DS-Amsterdam-01,Snacks,SNA-05,84,47,138,0
2025-03-07,DS-Amsterdam-01,Snacks,SNA-06,68,58,117,0
2025-03-07,DS-Amsterdam-01,Household,HOU-01,67,69,244,1
2025-03-07,DS-Amsterdam-01,Household,HOU-02,25,40,77,0
2025-03-07,DS-Amsterdam-01,Household,HOU-03,38,33,133,0
2025-03-07,DS-Amsterdam-01,Household,HOU-04,30,32,119,0
2025-03-07,DS-Amsterdam-01,Household,HOU-05,30,27,113,0
2025-03-07,DS-Amsterdam-01,Household,HOU-06,31,32,88,0
2025-03-07,DS-Amsterdam-02,Fresh Produce,FRE-01,51,55,286,0
2025-03-07,DS-Amsterdam-02,Fresh Produce,FRE-02,49,67,295,0
2025-03-07,DS-Amsterdam-02,Fresh Produce,FRE-03,51,61,355,0
2025-03-07,DS-Amsterdam-02,Fresh Produce,FRE-04,50,66,248,0
2025-03-07,DS-Amsterdam-02,Fresh Produce,FRE-05,56,63,374,0
2025-03-07,DS-Amsterdam-02,Fresh Produce,FRE-06,54,60,294,0
2025-03-07,DS-Amsterdam-02,Dairy,DAI-01,50,49,141,0
2025-03-07,DS-Amsterdam-02,Dairy,DAI-02,45,47,144,0
2025-03-07,DS-Amsterdam-02,Dairy,DAI-03,47,40,147,0
2025-03-07,DS-Amsterdam-02,Dairy,DAI-04,43,36,124,0
2025-03-07,DS-Amsterdam-02,Dairy,DAI-05,35,44,100,0
2025-03-07,DS-Amsterdam-02,Dairy,DAI-06,47,53,182,0
2025-03-07,DS-Amsterdam-02,Beverages,BEV-01,62,81,247,0
2025-03-07,DS-Amsterdam-02,Beverages,BEV-02,87,82,274,0
2025-03-07,DS-Amsterdam-02,Beverages,BEV-03,64,82,260,0
2025-03-07,DS-Amsterdam-02,Beverages,BEV-04,133,172,446,1
2025-03-07,DS-Amsterdam-02,Beverages,BEV-05,73,86,282,0
2025-03-07,DS-Amsterdam-02,Beverages,BEV-06,66,85,258,0
2025-03-07,DS-Amsterdam-02,Snacks,SNA-01,73,57,99,0
2025-03-07,DS-Amsterdam-02,Snacks,SNA-02,49,54,63,0
2025-03-07,DS-Amsterdam-02,Snacks,SNA-03,71,59,86,0
2025-03-07,DS-Amsterdam-02,Snacks,SNA-04,71,54,95,0
2025-03-07,DS-Amsterdam-02,Snacks,SNA-05,65,58,105,0
2025-03-07,DS-Amsterdam-02,Snacks,SNA-06,125,78,192,1
2025-03-07,DS-Amsterdam-02,Household,HOU-01,21,34,61,0
2025-03-07,DS-Amsterdam-02,Household,HOU-02,30,25,98,0
2025-03-07,DS-Amsterdam-02,Household,HOU-03,35,34,106,0
2025-03-07,DS-Amsterdam-02,Household,HOU-04,32,28,101,0
2025-03-07,DS-Amsterdam-02,Household,HOU-05,33,29,131,0
2025-03-07,DS-Amsterdam-02,Household,HOU-06,34,24,97,0
2025-03-07,DS-Rotterdam-01,Fresh Produce,FRE-01,47,62,228,0
2025-03-07,DS-Rotterdam-01,Fresh Produce,FRE-02,40,49,234,0
2025-03-07,DS-Rotterdam-01,Fresh Produce,FRE-03,53,65,314,0
2025-03-07,DS-Rotterdam-01,Fresh Produce,FRE-04,50,55,317,0
2025-03-07,DS-Rotterdam-01,Fresh Produce,FRE-05,48,71,329,0
2025-03-07,DS-Rotterdam-01,Fresh Produce,FRE-06,52,62,267,0
2025-03-07,DS-Rotterdam-01,Dairy,DAI-01,58,63,206,1
2025-03-07,DS-Rotterdam-01,Dairy,DAI-02,55,38,164,0
2025-03-07,DS-Rotterdam-01,Dairy,DAI-03,43,33,166,0
2025-03-07,DS-Rotterdam-01,Dairy,DAI-04,36,47,150,0
2025-03-07,DS-Rotterdam-01,Dairy,DAI-05,39,39,130,0
2025-03-07,DS-Rotterdam-01,Dairy,DAI-06,59,35,215,0
2025-03-07,DS-Rotterdam-01,Beverages,BEV-01,61,81,227,0
2025-03-07,DS-Rotterdam-01,Beverages,BEV-02,66,59,235,0
2025-03-07,DS-Rotterdam-01,Beverages,BEV-03,76,62,216,0
2025-03-07,DS-Rotterdam-01,Beverages,BEV-04,53,57,200,0
2025-03-07,DS-Rotterdam-01,Beverages,BEV-05,70,78,205,0
2025-03-07,DS-Rotterdam-01,Beverages,BEV-06,69,82,200,0
2025-03-07,DS-Rotterdam-01,Snacks,SNA-01,110,85,188,1
2025-03-07,DS-Rotterdam-01,Snacks,SNA-02,61,49,108,0
2025-03-07,DS-Rotterdam-01,Snacks,SNA-03,58,46,87,0
2025-03-07,DS-Rotterdam-01,Snacks,SNA-04,61,49,84,0
2025-03-07,DS-Rotterdam-01,Snacks,SNA-05,60,57,98,0
2025-03-07,DS-Rotterdam-01,Snacks,SNA-06,57,61,85,0
2025-03-07,DS-Rotterdam-01,Household,HOU-01,35,23,107,0
2025-03-07,DS-Rotterdam-01,Household,HOU-02,29,28,114,0
2025-03-07,DS-Rotterdam-01,Household,HOU-03,39,28,163,0
2025-03-07,DS-Rotterdam-01,Household,HOU-04,30,33,98,0
2025-03-07,DS-Rotterdam-01,Household,HOU-05,31,28,113,0
2025-03-07,DS-Rotterdam-01,Household,HOU-06,26,33,77,0
2025-03-07,DS-Utrecht-01,Fresh Produce,FRE-01,47,60,230,0
2025-03-07,DS-Utrecht-01,Fresh Produce,FRE-02,46,64,268,0
2025-03-07,DS-Utrecht-01,Fresh Produce,FRE-03,52,55,311,0
2025-03-07,DS-Utrecht-01,Fresh Produce,FRE-04,37,74,249,0
2025-03-07,DS-Utrecht-01,Fresh Produce,FRE-05,53,51,317,0
2025-03-07,DS-Utrecht-01,Fresh Produce,FRE-06,52,57,260,0
2025-03-07,DS-Utrecht-01,Dairy,DAI-01,44,42,150,0
2025-03-07,DS-Utrecht-01,Dairy,DAI-02,43,40,136,0
2025-03-07,DS-Utrecht-01,Dairy,DAI-03,36,40,120,0
2025-03-07,DS-Utrecht-01,Dairy,DAI-04,39,36,110,0
2025-03-07,DS-Utrecht-01,Dairy,DAI-05,42,31,163,0
2025-03-07,DS-Utrecht-01,Dairy,DAI-06,44,34,150,0
2025-03-07,DS-Utrecht-01,Beverages,BEV-01,66,55,223,0
2025-03-07,DS-Utrecht-01,Beverages,BEV-02,61,77,190,0
2025-03-07,DS-Utrecht-01,Beverages,BEV-03,64,68,240,0
2025-03-07,DS-Utrecht-01,Beverages,BEV-04,71,65,256,0
2025-03-07,DS-Utrecht-01,Beverages,BEV-05,79,71,322,0
2025-03-07,DS-Utrecht-01,Beverages,BEV-06,66,58,241,0
2025-03-07,DS-Utrecht-01,Snacks,SNA-01,56,54,97,0
2025-03-07,DS-Utrecht-01,Snacks,SNA-02,61,48,105,0
2025-03-07,DS-Utrecht-01,Snacks,SNA-03,67,52,89,0
2025-03-07,DS-Utrecht-01,Snacks,SNA-04,44,46,68,0
2025-03-07,DS-Utrecht-01,Snacks,SNA-05,54,54,92,0
2025-03-07,DS-Utrecht-01,Snacks,SNA-06,63,58,102,0
2025-03-07,DS-Utrecht-01,Household,HOU-01,24,27,93,0
2025-03-07,DS-Utrecht-01,Household,HOU-02,18,29,56,0
2025-03-07,DS-Utrecht-01,Household,HOU-03,45,54,160,1
2025-03-07,DS-Utrecht-01,Household,HOU-04,21,29,70,0
2025-03-07,DS-Utrecht-01,Household,HOU-05,27,26,109,0
2025-03-07,DS-Utrecht-01,Household,HOU-06,45,57,134,1
2025-03-07,DS-TheHague-01,Fresh Produce,FRE-01,46,52,237,0
2025-03-07,DS-TheHague-01,Fresh Produce,FRE-02,55,46,333,0
2025-03-07,DS-TheHague-01,Fresh Produce,FRE-03,43,60,291,0
2025-03-07,DS-TheHague-01,Fresh Produce,FRE-04,55,63,284,0
2025-03-07,DS-TheHague-01,Fresh Produce,FRE-05,42,60,203,0
2025-03-07,DS-TheHague-01,Fresh Produce,FRE-06,86,79,493,1
2025-03-07,DS-TheHague-01,Dairy,DAI-01,35,40,102,0
2025-03-07,DS-TheHague-01,Dairy,DAI-02,43,44,158,0
2025-03-07,DS-TheHague-01,Dairy,DAI-03,48,40,180,0
2025-03-07,DS-TheHague-01,Dairy,DAI-04,33,46,100,0
2025-03-07,DS-TheHague-01,Dairy,DAI-05,32,37,100,0
2025-03-07,DS-TheHague-01,Dairy,DAI-06,36,43,127,0
2025-03-07,DS-TheHague-01,Beverages,BEV-01,73,61,206,0
2025-03-07,DS-TheHague-01,Beverages,BEV-02,126,133,362,1
2025-03-07,DS-TheHague-01,Beverages,BEV-03,61,73,249,0
2025-03-07,DS-TheHague-01,Beverages,BEV-04,77,69,297,0
2025-03-07,DS-TheHague-01,Beverages,BEV-05,70,70,244,0
2025-03-07,DS-TheHague-01,Beverages,BEV-06,73,76,269,0
2025-03-07,DS-TheHague-01,Snacks,SNA-01,58,57,81,0
2025-03-07,DS-TheHague-01,Snacks,SNA-02,62,58,105,0
2025-03-07,DS-TheHague-01,Snacks,SNA-03,120,91,185,1
2025-03-07,DS-TheHague-01,Snacks,SNA-04,54,45,93,0
2025-03-07,DS-TheHague-01,Snacks,SNA-05,57,55,85,0
2025-03-07,DS-TheHague-01,Snacks,SNA-06,57,59,94,0
2025-03-07,DS-TheHague-01,Household,HOU-01,24,24,88,0
2025-03-07,DS-TheHague-01,Household,HOU-02,29,27,92,0
2025-03-07,DS-TheHague-01,Household,HOU-03,33,24,102,0
2025-03-07,DS-TheHague-01,Household,HOU-04,22,28,84,0
2025-03-07,DS-TheHague-01,Household,HOU-05,21,19,66,0
2025-03-07,DS-TheHague-01,Household,HOU-06,17,27,54,0
2025-03-08,DS-Amsterdam-01,Fresh Produce,FRE-01,81,97,437,0
2025-03-08,DS-Amsterdam-01,Fresh Produce,FRE-02,88,78,585,0
2025-03-08,DS-Amsterdam-01,Fresh Produce,FRE-03,143,145,842,1
2025-03-08,DS-Amsterdam-01,Fresh Produce,FRE-04,88,95,429,0
2025-03-08,DS-Amsterdam-01,Fresh Produce,FRE-05,93,91,617,0
2025-03-08,DS-Amsterdam-01,Fresh Produce,FRE-06,84,89,440,0
2025-03-08,DS-Amsterdam-01,Dairy,DAI-01,51,59,202,0
2025-03-08,DS-Amsterdam-01,Dairy,DAI-02,113,137,325,1
2025-03-08,DS-Amsterdam-01,Dairy,DAI-03,136,116,500,1
2025-03-08,DS-Amsterdam-01,Dairy,DAI-04,126,101,458,1
2025-03-08,DS-Amsterdam-01,Dairy,DAI-05,59,61,225,0
2025-03-08,DS-Amsterdam-01,Dairy,DAI-06,68,66,257,0
2025-03-08,DS-Amsterdam-01,Beverages,BEV-01,115,122,480,0
2025-03-08,DS-Amsterdam-01,Beverages,BEV-02,111,137,371,0
2025-03-08,DS-Amsterdam-01,Beverages,BEV-03,133,111,400,0
2025-03-08,DS-Amsterdam-01,Beverages,BEV-04,106,130,331,0
2025-03-08,DS-Amsterdam-01,Beverages,BEV-05,106,99,437,0
2025-03-08,DS-Amsterdam-01,Beverages,BEV-06,136,114,471,0
2025-03-08,DS-Amsterdam-01,Snacks,SNA-01,97,82,166,0
2025-03-08,DS-Amsterdam-01,Snacks,SNA-02,101,79,141,0
2025-03-08,DS-Amsterdam-01,Snacks,SNA-03,81,100,135,0
2025-03-08,DS-Amsterdam-01,Snacks,SNA-04,103,65,181,0
2025-03-08,DS-Amsterdam-01,Snacks,SNA-05,103,71,126,0
2025-03-08,DS-Amsterdam-01,Snacks,SNA-06,111,87,180,0
2025-03-08,DS-Amsterdam-01,Household,HOU-01,34,49,131,0
2025-03-08,DS-Amsterdam-01,Household,HOU-02,61,53,178,0
2025-03-08,DS-Amsterdam-01,Household,HOU-03,52,50,200,0
2025-03-08,DS-Amsterdam-01,Household,HOU-04,47,36,175,0
2025-03-08,DS-Amsterdam-01,Household,HOU-05,55,49,162,0
2025-03-08,DS-Amsterdam-01,Household,HOU-06,45,34,143,0
2025-03-08,DS-Amsterdam-02,Fresh Produce,FRE-01,75,81,437,0
2025-03-08,DS-Amsterdam-02,Fresh Produce,FRE-02,60,80,290,0
2025-03-08,DS-Amsterdam-02,Fresh Produce,FRE-03,61,75,293,0
2025-03-08,DS-Amsterdam-02,Fresh Produce,FRE-04,126,122,791,1
2025-03-08,DS-Amsterdam-02,Fresh Produce,FRE-05,67,77,333,0
2025-03-08,DS-Amsterdam-02,Fresh Produce,FRE-06,61,85,329,0
2025-03-08,DS-Amsterdam-02,Dairy,DAI-01,63,58,257,0
2025-03-08,DS-Amsterdam-02,Dairy,DAI-02,47,53,152,0
2025-03-08,DS-Amsterdam-02,Dairy,DAI-03,47,64,163,0
2025-03-08,DS-Amsterdam-02,Dairy,DAI-04,40,43,140,0
2025-03-08,DS-Amsterdam-02,Dairy,DAI-05,44,59,177,0
2025-03-08,DS-Amsterdam-02,Dairy,DAI-06,49,47,137,0
2025-03-08,DS-Amsterdam-02,Beverages,BEV-01,75,83,281,0
2025-03-08,DS-Amsterdam-02,Beverages,BEV-02,78,81,297,0
2025-03-08,DS-Amsterdam-02,Beverages,BEV-03,86,91,325,0
2025-03-08,DS-Amsterdam-02,Beverages,BEV-04,70,90,252,0
2025-03-08,DS-Amsterdam-02,Beverages,BEV-05,90,91,303,0
2025-03-08,DS-Amsterdam-02,Beverages,BEV-06,80,90,283,0
2025-03-08,DS-Amsterdam-02,Snacks,SNA-01,72,63,105,0
2025-03-08,DS-Amsterdam-02,Snacks,SNA-02,68,85,82,0
2025-03-08,DS-Amsterdam-02,Snacks,SNA-03,103,58,126,0
2025-03-08,DS-Amsterdam-02,Snacks,SNA-04,94,70,113,0
2025-03-08,DS-Amsterdam-02,Snacks,SNA-05,139,118,199,1
2025-03-08,DS-Amsterdam-02,Snacks,SNA-06,60,77,87,0
2025-03-08,DS-Amsterdam-02,Household,HOU-01,36,36,111,0
2025-03-08,DS-Amsterdam-02,Household,HOU-02,29,34,86,0
2025-03-08,DS-Amsterdam-02,Household,HOU-03,45,32,172,0
2025-03-08,DS-Amsterdam-02,Household,HOU-04,39,29,125,0
2025-03-08,DS-Amsterdam-02,Household,HOU-05,42,35,162,0
2025-03-08,DS-Amsterdam-02,Household,HOU-06,34,21,97,0
2025-03-08,DS-Rotterdam-01,Fresh Produce,FRE-01,78,87,545,0
2025-03-08,DS-Rotterdam-01,Fresh Produce,FRE-02,88,89,476,0
2025-03-08,DS-Rotterdam-01,Fresh Produce,FRE-03,80,91,433,0
2025-03-08,DS-Rotterdam-01,Fresh Produce,FRE-04,75,83,363,0
2025-03-08,DS-Rotterdam-01,Fresh Produce,FRE-05,86,105,518,0
2025-03-08,DS-Rotterdam-01,Fresh Produce,FRE-06,77,98,522,0
2025-03-08,DS-Rotterdam-01,Dairy,DAI-01,63,65,222,0
2025-03-08,DS-Rotterdam-01,Dairy,DAI-02,61,51,176,0
2025-03-08,DS-Rotterdam-01,Dairy,DAI-03,65,71,245,0
2025-03-08,DS-Rotterdam-01,Dairy,DAI-04,62,57,241,0
2025-03-08,DS-Rotterdam-01,Dairy,DAI-05,100,109,365,1
2025-03-08,DS-Rotterdam-01,Dairy,DAI-06,74,52,238,0
2025-03-08,DS-Rotterdam-01,Beverages,BEV-01,111,109,320,0
2025-03-08,DS-Rotterdam-01,Beverages,BEV-02,76,95,316,0
2025-03-08,DS-Rotterdam-01,Beverages,BEV-03,207,189,609,1
2025-03-08,DS-Rotterdam-01,Beverages,BEV-04,115,120,395,0
2025-03-08,DS-Rotterdam-01,Beverages,BEV-05,111,129,335,0
2025-03-08,DS-Rotterdam-01,Beverages,BEV-06,132,121,461,0
2025-03-08,DS-Rotterdam-01,Snacks,SNA-01,76,77,99,0
2025-03-08,DS-Rotterdam-01,Snacks,SNA-02,95,79,128,0
2025-03-08,DS-Rotterdam-01,Snacks,SNA-03,181,176,228,1
2025-03-08,DS-Rotterdam-01,Snacks,SNA-04,80,60,130,0
2025-03-08,DS-Rotterdam-01,Snacks,SNA-05,85,96,148,0
2025-03-08,DS-Rotterdam-01,Snacks,SNA-06,98,89,139,0
2025-03-08,DS-Rotterdam-01,Household,HOU-01,44,53,143,0
2025-03-08,DS-Rotterdam-01,Household,HOU-02,76,94,249,1
2025-03-08,DS-Rotterdam-01,Household,HOU-03,39,42,144,0
2025-03-08,DS-Rotterdam-01,Household,HOU-04,38,27,144,0
2025-03-08,DS-Rotterdam-01,Household,HOU-05,43,49,129,0
2025-03-08,DS-Rotterdam-01,Household,HOU-06,31,45,117,0
2025-03-08,DS-Utrecht-01,Fresh Produce,FRE-01,75,79,501,0
2025-03-08,DS-Utrecht-01,Fresh Produce,FRE-02,78,79,559,0
2025-03-08,DS-Utrecht-01,Fresh Produce,FRE-03,71,79,361,0
2025-03-08,DS-Utrecht-01,Fresh Produce,FRE-04,62,99,427,0
2025-03-08,DS-Utrecht-01,Fresh Produce,FRE-05,48,81,233,0
2025-03-08,DS-Utrecht-01,Fresh Produce,FRE-06,132,178,947,1
2025-03-08,DS-Utrecht-01,Dairy,DAI-01,70,59,289,0
2025-03-08,DS-Utrecht-01,Dairy,DAI-02,46,43,184,0
2025-03-08,DS-Utrecht-01,Dairy,DAI-03,111,118,342,1
2025-03-08,DS-Utrecht-01,Dairy,DAI-04,50,58,209,0
2025-03-08,DS-Utrecht-01,Dairy,DAI-05,56,57,200,0
2025-03-08,DS-Utrecht-01,Dairy,DAI-06,55,56,191,0
2025-03-08,DS-Utrecht-01,Beverages,BEV-01,102,86,382,0
2025-03-08,DS-Utrecht-01,Beverages,BEV-02,111,93,398,0
2025-03-08,DS-Utrecht-01,Beverages,BEV-03,82,111,247,0
2025-03-08,DS-Utrecht-01,Beverages,BEV-04,181,180,611,1
2025-03-08,DS-Utrecht-01,Beverages,BEV-05,83,111,299,0
2025-03-08,DS-Utrecht-01,Beverages,BEV-06,95,116,375,0
2025-03-08,DS-Utrecht-01,Snacks,SNA-01,100,83,120,0
2025-03-08,DS-Utrecht-01,Snacks,SNA-02,99,72,136,0
2025-03-08,DS-Utrecht-01,Snacks,SNA-03,85,74,107,0
2025-03-08,DS-Utrecht-01,Snacks,SNA-04,98,77,140,0
2025-03-08,DS-Utrecht-01,Snacks,SNA-05,115,82,177,0
2025-03-08,DS-Utrecht-01,Snacks,SNA-06,87,73,149,0
2025-03-08,DS-Utrecht-01,Household,HOU-01,64,66,213,1
2025-03-08,DS-Utrecht-01,Household,HOU-02,54,43,159,0
2025-03-08,DS-Utrecht-01,Household,HOU-03,39,42,128,0
2025-03-08,DS-Utrecht-01,Household,HOU-04,35,44,130,0
2025-03-08,DS-Utrecht-01,Household,HOU-05,49,36,142,0
2025-03-08,DS-Utrecht-01,Household,HOU-06,48,46,135,0
2025-03-08,DS-TheHague-01,Fresh Produce,FRE-01,69,81,443,0
2025-03-08,DS-TheHague-01,Fresh Produce,FRE-02,63,76,357,0
2025-03-08,DS-TheHague-01,Fresh Produce,FRE-03,57,93,299,0
2025-03-08,DS-TheHague-01,Fresh Produce,FRE-04,68,63,382,0
2025-03-08,DS-TheHague-01,Fresh Produce,FRE-05,58,56,286,0
2025-03-08,DS-TheHague-01,Fresh Produce,FRE-06,58,76,291,0
2025-03-08,DS-TheHague-01,Dairy,DAI-01,42,47,151,0
2025-03-08,DS-TheHague-01,Dairy,DAI-02,36,37,122,0
2025-03-08,DS-TheHague-01,Dairy,DAI-03,36,48,151,0
2025-03-08,DS-TheHague-01,Dairy,DAI-04,55,44,214,0
2025-03-08,DS-TheHague-01,Dairy,DAI-05,51,42,198,0
2025-03-08,DS-TheHague-01,Dairy,DAI-06,48,43,189,0
2025-03-08,DS-TheHague-01,Beverages,BEV-01,61,72,220,0
2025-03-08,DS-TheHague-01,Beverages,BEV-02,88,73,316,0
2025-03-08,DS-TheHague-01,Beverages,BEV-03,82,88,268,0
2025-03-08,DS-TheHague-01,Beverages,BEV-04,96,77,322,0
2025-03-08,DS-TheHague-01,Beverages,BEV-05,79,91,283,0
2025-03-08,DS-TheHague-01,Beverages,BEV-06,68,91,192,0
2025-03-08,DS-TheHague-01,Snacks,SNA-01,78,60,109,0
2025-03-08,DS-TheHague-01,Snacks,SNA-02,74,65,110,0
2025-03-08,DS-TheHague-01,Snacks,SNA-03,68,57,98,0
2025-03-08,DS-TheHague-01,Snacks,SNA-04,67,62,102,0
2025-03-08,DS-TheHague-01,Snacks,SNA-05,64,60,114,0
2025-03-08,DS-TheHague-01,Snacks,SNA-06,69,57,100,0
2025-03-08,DS-TheHague-01,Household,HOU-01,27,28,82,0
2025-03-08,DS-TheHague-01,Household,HOU-02,27,32,110,0
2025-03-08,DS-TheHague-01,Household,HOU-03,32,31,109,0
2025-03-08,DS-TheHague-01,Household,HOU-04,37,33,137,0
2025-03-08,DS-TheHague-01,Household,HOU-05,32,29,117,0
2025-03-08,DS-TheHague-01,Household,HOU-06,34,33,129,0
2025-03-09,DS-Amsterdam-01,Fresh Produce,FRE-01,86,81,597,0
2025-03-09,DS-Amsterdam-01,Fresh Produce,FRE-02,78,68,439,0
2025-03-09,DS-Amsterdam-01,Fresh Produce,FRE-03,74,60,424,0
2025-03-09,DS-Amsterdam-01,Fresh Produce,FRE-04,90,82,443,0
2025-03-09,DS-Amsterdam-01,Fresh Produce,FRE-05,85,95,491,0
2025-03-09,DS-Amsterdam-01,Fresh Produce,FRE-06,69,82,406,0
2025-03-09,DS-Amsterdam-01,Dairy,DAI-01,68,60,244,0
2025-03-09,DS-Amsterdam-01,Dairy,DAI-02,66,48,230,0
2025-03-09,DS-Amsterdam-01,Dairy,DAI-03,59,52,214,0
2025-03-09,DS-Amsterdam-01,Dairy,DAI-04,66,48,269,0
2025-03-09,DS-Amsterdam-01,Dairy,DAI-05,54,48,218,0
2025-03-09,DS-Amsterdam-01,Dairy,DAI-06,58,38,196,0
2025-03-09,DS-Amsterdam-01,Beverages,BEV-01,88,102,295,0
2025-03-09,DS-Amsterdam-01,Beverages,BEV-02,98,121,381,0
2025-03-09,DS-Amsterdam-01,Beverages,BEV-03,175,156,588,1
2025-03-09,DS-Amsterdam-01,Beverages,BEV-04,114,86,405,0
2025-03-09,DS-Amsterdam-01,Beverages,BEV-05,89,115,368,0
2025-03-09,DS-Amsterdam-01,Beverages,BEV-06,85,99,238,0
2025-03-09,DS-Amsterdam-01,Snacks,SNA-01,86,54,140,0
2025-03-09,DS-Amsterdam-01,Snacks,SNA-02,89,72,151,0
2025-03-09,DS-Amsterdam-01,Snacks,SNA-03,89,86,128,0
2025-03-09,DS-Amsterdam-01,Snacks,SNA-04,87,71,107,0
2025-03-09,DS-Amsterdam-01,Snacks,SNA-05,173,126,260,1
2025-03-09,DS-Amsterdam-01,Snacks,SNA-06,91,58,149,0
2025-03-09,DS-Amsterdam-01,Household,HOU-01,29,39,119,0
2025-03-09,DS-Amsterdam-01,Household,HOU-02,35,44,117,0
2025-03-09,DS-Amsterdam-01,Household,HOU-03,68,74,239,1
2025-03-09,DS-Amsterdam-01,Household,HOU-04,42,32,147,0
2025-03-09,DS-Amsterdam-01,Household,HOU-05,47,45,155,0
2025-03-09,DS-Amsterdam-01,Household,HOU-06,37,41,123,0
2025-03-09,DS-Amsterdam-02,Fresh Produce,FRE-01,71,91,485,0
2025-03-09,DS-Amsterdam-02,Fresh Produce,FRE-02,52,73,256,0
2025-03-09,DS-Amsterdam-02,Fresh Produce,FRE-03,54,80,353,0
2025-03-09,DS-Amsterdam-02,Fresh Produce,FRE-04,60,72,339,0
2025-03-09,DS-Amsterdam-02,Fresh Produce,FRE-05,56,74,391,0
2025-03-09,DS-Amsterdam-02,Fresh Produce,FRE-06,58,67,322,0
2025-03-09,DS-Amsterdam-02,Dairy,DAI-01,99,99,286,1
2025-03-09,DS-Amsterdam-02,Dairy,DAI-02,57,44,192,0
2025-03-09,DS-Amsterdam-02,Dairy,DAI-03,53,54,159,0
2025-03-09,DS-Amsterdam-02,Dairy,DAI-04,88,79,347,1
2025-03-09,DS-Amsterdam-02,Dairy,DAI-05,44,46,131,0
2025-03-09,DS-Amsterdam-02,Dairy,DAI-06,39,61,116,0
2025-03-09,DS-Amsterdam-02,Beverages,BEV-01,88,74,306,0
2025-03-09,DS-Amsterdam-02,Beverages,BEV-02,101,85,369,0
2025-03-09,DS-Amsterdam-02,Beverages,BEV-03,177,142,557,1
2025-03-09,DS-Amsterdam-02,Beverages,BEV-04,77,85,313,0
2025-03-09,DS-Amsterdam-02,Beverages,BEV-05,76,82,216,0
2025-03-09,DS-Amsterdam-02,Beverages,BEV-06,122,194,381,1
2025-03-09,DS-Amsterdam-02,Snacks,SNA-01,65,63,108,0
2025-03-09,DS-Amsterdam-02,Snacks,SNA-02,67,64,100,0
2025-03-09,DS-Amsterdam-02,Snacks,SNA-03,70,45,110,0
2025-03-09,DS-Amsterdam-02,Snacks,SNA-04,116,116,147,1
2025-03-09,DS-Amsterdam-02,Snacks,SNA-05,89,63,124,0
2025-03-09,DS-Amsterdam-02,Snacks,SNA-06,68,67,93,0
2025-03-09,DS-Amsterdam-02,Household,HOU-01,38,28,141,0
2025-03-09,DS-Amsterdam-02,Household,HOU-02,27,28,104,0
2025-03-09,DS-Amsterdam-02,Household,HOU-03,41,34,152,0
2025-03-09,DS-Amsterdam-02,Household,HOU-04,36,29,143,0
2025-03-09,DS-Amsterdam-02,Household,HOU-05,39,31,147,0
2025-03-09,DS-Amsterdam-02,Household,HOU-06,32,36,105,0
2025-03-09,DS-Rotterdam-01,Fresh Produce,FRE-01,53,92,373,0
2025-03-09,DS-Rotterdam-01,Fresh Produce,FRE-02,104,127,694,1
2025-03-09,DS-Rotterdam-01,Fresh Produce,FRE-03,63,70,347,0
2025-03-09,DS-Rotterdam-01,Fresh Produce,FRE-04,59,84,297,0
2025-03-09,DS-Rotterdam-01,Fresh Produce,FRE-05,52,76,343,0
2025-03-09,DS-Rotterdam-01,Fresh Produce,FRE-06,57,67,297,0
2025-03-09,DS-Rotterdam-01,Dairy,DAI-01,85,103,300,1
2025-03-09,DS-Rotterdam-01,Dairy,DAI-02,70,77,233,1
2025-03-09,DS-Rotterdam-01,Dairy,DAI-03,57,62,213,0
2025-03-09,DS-Rotterdam-01,Dairy,DAI-04,88,100,294,1
2025-03-09,DS-Rotterdam-01,Dairy,DAI-05,57,47,166,0
2025-03-09,DS-Rotterdam-01,Dairy,DAI-06,48,36,195,0
2025-03-09,DS-Rotterdam-01,Beverages,BEV-01,82,75,242,0
2025-03-09,DS-Rotterdam-01,Beverages,BEV-02,73,78,259,0
2025-03-09,DS-Rotterdam-01,Beverages,BEV-03,79,77,250,0
2025-03-09,DS-Rotterdam-01,Beverages,BEV-04,77,104,239,0
2025-03-09,DS-Rotterdam-01,Beverages,BEV-05,74,82,231,0
2025-03-09,DS-Rotterdam-01,Beverages,BEV-06,83,90,278,0
2025-03-09,DS-Rotterdam-01,Snacks,SNA-01,66,65,82,0
2025-03-09,DS-Rotterdam-01,Snacks,SNA-02,94,70,161,0
2025-03-09,DS-Rotterdam-01,Snacks,SNA-03,64,60,81,0
2025-03-09,DS-Rotterdam-01,Snacks,SNA-04,48,68,57,0
2025-03-09,DS-Rotterdam-01,Snacks,SNA-05,75,72,99,0
2025-03-09,DS-Rotterdam-01,Snacks,SNA-06,84,60,136,0
2025-03-09,DS-Rotterdam-01,Household,HOU-01,43,36,134,0
2025-03-09,DS-Rotterdam-01,Household,HOU-02,30,36,106,0
2025-03-09,DS-Rotterdam-01,Household,HOU-03,32,27,111,0
2025-03-09,DS-Rotterdam-01,Household,HOU-04,25,34,70,0
2025-03-09,DS-Rotterdam-01,Household,HOU-05,37,40,144,0
2025-03-09,DS-Rotterdam-01,Household,HOU-06,45,34,134,0
2025-03-09,DS-Utrecht-01,Fresh Produce,FRE-01,57,96,356,0
2025-03-09,DS-Utrecht-01,Fresh Produce,FRE-02,67,77,481,0
2025-03-09,DS-Utrecht-01,Fresh Produce,FRE-03,67,91,425,0
2025-03-09,DS-Utrecht-01,Fresh Produce,FRE-04,59,68,406,0
2025-03-09,DS-Utrecht-01,Fresh Produce,FRE-05,72,63,493,0
2025-03-09,DS-Utrecht-01,Fresh Produce,FRE-06,66,81,425,0
2025-03-09,DS-Utrecht-01,Dairy,DAI-01,49,58,147,0
2025-03-09,DS-Utrecht-01,Dairy,DAI-02,51,49,152,0
2025-03-09,DS-Utrecht-01,Dairy,DAI-03,105,85,295,1
2025-03-09,DS-Utrecht-01,Dairy,DAI-04,46,56,142,0
2025-03-09,DS-Utrecht-01,Dairy,DAI-05,53,48,157,0
2025-03-09,DS-Utrecht-01,Dairy,DAI-06,48,50,169,0
2025-03-09,DS-Utrecht-01,Beverages,BEV-01,92,90,260,0
2025-03-09,DS-Utrecht-01,Beverages,BEV-02,96,113,315,0
2025-03-09,DS-Utrecht-01,Beverages,BEV-03,73,90,299,0
2025-03-09,DS-Utrecht-01,Beverages,BEV-04,87,96,258,0
2025-03-09,DS-Utrecht-01,Beverages,BEV-05,77,104,231,0
2025-03-09,DS-Utrecht-01,Beverages,BEV-06,81,88,248,0
2025-03-09,DS-Utrecht-01,Snacks,SNA-01,72,75,107,0
2025-03-09,DS-Utrecht-01,Snacks,SNA-02,71,77,86,0
2025-03-09,DS-Utrecht-01,Snacks,SNA-03,140,113,168,1
2025-03-09,DS-Utrecht-01,Snacks,SNA-04,70,75,96,0
2025-03-09,DS-Utrecht-01,Snacks,SNA-05,78,74,121,0
2025-03-09,DS-Utrecht-01,Snacks,SNA-06,62,71,98,0
2025-03-09,DS-Utrecht-01,Household,HOU-01,32,33,131,0
2025-03-09,DS-Utrecht-01,Household,HOU-02,34,32,115,0
2025-03-09,DS-Utrecht-01,Household,HOU-03,37,35,148,0
2025-03-09,DS-Utrecht-01,Household,HOU-04,27,42,99,0
2025-03-09,DS-Utrecht-01,Household,HOU-05,28,28,90,0
2025-03-09,DS-Utrecht-01,Household,HOU-06,34,34,132,0
2025-03-09,DS-TheHague-01,Fresh Produce,FRE-01,65,88,319,0
2025-03-09,DS-TheHague-01,Fresh Produce,FRE-02,61,83,430,0
2025-03-09,DS-TheHague-01,Fresh Produce,FRE-03,82,74,457,0
2025-03-09,DS-TheHague-01,Fresh Produce,FRE-04,72,87,433,0
2025-03-09,DS-TheHague-01,Fresh Produce,FRE-05,69,89,485,0
2025-03-09,DS-TheHague-01,Fresh Produce,FRE-06,86,85,539,0
2025-03-09,DS-TheHague-01,Dairy,DAI-01,71,55,270,0
2025-03-09,DS-TheHague-01,Dairy,DAI-02,53,54,217,0
2025-03-09,DS-TheHague-01,Dairy,DAI-03,59,48,185,0
2025-03-09,DS-TheHague-01,Dairy,DAI-04,53,54,190,0
2025-03-09,DS-TheHague-01,Dairy,DAI-05,52,47,158,0
2025-03-09,DS-TheHague-01,Dairy,DAI-06,68,54,211,0
2025-03-09,DS-TheHague-01,Beverages,BEV-01,97,116,303,0
2025-03-09,DS-TheHague-01,Beverages,BEV-02,83,107,333,0
2025-03-09,DS-TheHague-01,Beverages,BEV-03,93,100,380,0
2025-03-09,DS-TheHague-01,Beverages,BEV-04,105,112,333,0
2025-03-09,DS-TheHague-01,Beverages,BEV-05,105,100,344,0
2025-03-09,DS-TheHague-01,Beverages,BEV-06,98,84,325,0
2025-03-09,DS-TheHague-01,Snacks,SNA-01,99,79,131,0
2025-03-09,DS-TheHague-01,Snacks,SNA-02,103,71,139,0
2025-03-09,DS-TheHague-01,Snacks,SNA-03,76,72,125,0
2025-03-09,DS-TheHague-01,Snacks,SNA-04,103,63,183,0
2025-03-09,DS-TheHague-01,Snacks,SNA-05,93,72,117,0
2025-03-09,DS-TheHague-01,Snacks,SNA-06,168,127,258,1
2025-03-09,DS-TheHague-01,Household,HOU-01,39,28,158,0
2025-03-09,DS-TheHague-01,Household,HOU-02,38,37,119,0
2025-03-09,DS-TheHague-01,Household,HOU-03,46,47,141,0
2025-03-09,DS-TheHague-01,Household,HOU-04,26,38,94,0
2025-03-09,DS-TheHague-01,Household,HOU-05,46,32,185,0
2025-03-09,DS-TheHague-01,Household,HOU-06,45,50,129,0
2025-03-10,DS-Amsterdam-01,Fresh Produce,FRE-01,77,79,420,1
2025-03-10,DS-Amsterdam-01,Fresh Produce,FRE-02,65,45,421,0
2025-03-10,DS-Amsterdam-01,Fresh Produce,FRE-03,40,52,205,0
2025-03-10,DS-Amsterdam-01,Fresh Produce,FRE-04,35,53,217,0
2025-03-10,DS-Amsterdam-01,Fresh Produce,FRE-05,24,44,115,0
2025-03-10,DS-Amsterdam-01,Fresh Produce,FRE-06,37,50,187,0
2025-03-10,DS-Amsterdam-01,Dairy,DAI-01,39,30,109,0
2025-03-10,DS-Amsterdam-01,Dairy,DAI-02,30,29,94,0
2025-03-10,DS-Amsterdam-01,Dairy,DAI-03,29,31,106,0
2025-03-10,DS-Amsterdam-01,Dairy,DAI-04,41,29,169,0
2025-03-10,DS-Amsterdam-01,Dairy,DAI-05,38,33,141,0
2025-03-10,DS-Amsterdam-01,Dairy,DAI-06,70,54,210,1
2025-03-10,DS-Amsterdam-01,Beverages,BEV-01,44,65,173,0
2025-03-10,DS-Amsterdam-01,Beverages,BEV-02,59,57,174,0
2025-03-10,DS-Amsterdam-01,Beverages,BEV-03,92,104,286,1
2025-03-10,DS-Amsterdam-01,Beverages,BEV-04,54,66,155,0
2025-03-10,DS-Amsterdam-01,Beverages,BEV-05,50,55,188,0
2025-03-10,DS-Amsterdam-01,Beverages,BEV-06,94,117,374,1
2025-03-10,DS-Amsterdam-01,Snacks,SNA-01,44,47,64,0
2025-03-10,DS-Amsterdam-01,Snacks,SNA-02,54,47,79,0
2025-03-10,DS-Amsterdam-01,Snacks,SNA-03,45,44,57,0
2025-03-10,DS-Amsterdam-01,Snacks,SNA-04,47,43,61,0
2025-03-10,DS-Amsterdam-01,Snacks,SNA-05,53,39,69,0
2025-03-10,DS-Amsterdam-01,Snacks,SNA-06,56,32,77,0
2025-03-10,DS-Amsterdam-01,Household,HOU-01,26,21,88,0
2025-03-10,DS-Amsterdam-01,Household,HOU-02,20,23,57,0
2025-03-10,DS-Amsterdam-01,Household,HOU-03,25,23,102,0
2025-03-10,DS-Amsterdam-01,Household,HOU-04,26,26,101,0
2025-03-10,DS-Amsterdam-01,Household,HOU-05,19,20,66,0
2025-03-10,DS-Amsterdam-01,Household,HOU-06,23,23,79,0
2025-03-10,DS-Amsterdam-02,Fresh Produce,FRE-01,56,74,332,0
2025-03-10,DS-Amsterdam-02,Fresh Produce,FRE-02,48,63,267,0
2025-03-10,DS-Amsterdam-02,Fresh Produce,FRE-03,92,118,608,1
2025-03-10,DS-Amsterdam-02,Fresh Produce,FRE-04,58,68,370,0
2025-03-10,DS-Amsterdam-02,Fresh Produce,FRE-05,59,61,382,0
2025-03-10,DS-Amsterdam-02,Fresh Produce,FRE-06,57,53,308,0
2025-03-10,DS-Amsterdam-02,Dairy,DAI-01,42,47,134,0
2025-03-10,DS-Amsterdam-02,Dairy,DAI-02,83,89,253,1
2025-03-10,DS-Amsterdam-02,Dairy,DAI-03,50,45,193,0
2025-03-10,DS-Amsterdam-02,Dairy,DAI-04,50,43,151,0
2025-03-10,DS-Amsterdam-02,Dairy,DAI-05,41,38,129,0
2025-03-10,DS-Amsterdam-02,Dairy,DAI-06,48,41,193,0
2025-03-10,DS-Amsterdam-02,Beverages,BEV-01,68,86,232,0
2025-03-10,DS-Amsterdam-02,Beverages,BEV-02,87,72,363,0
2025-03-10,DS-Amsterdam-02,Beverages,BEV-03,85,80,335,0
2025-03-10,DS-Amsterdam-02,Beverages,BEV-04,86,79,251,0
2025-03-10,DS-Amsterdam-02,Beverages,BEV-05,69,62,197,0
2025-03-10,DS-Amsterdam-02,Beverages,BEV-06,82,69,301,0
2025-03-10,DS-Amsterdam-02,Snacks,SNA-01,77,54,123,0
2025-03-10,DS-Amsterdam-02,Snacks,SNA-02,80,68,134,0
2025-03-10,DS-Amsterdam-02,Snacks,SNA-03,72,54,111,0
2025-03-10,DS-Amsterdam-02,Snacks,SNA-04,72,69,110,0
2025-03-10,DS-Amsterdam-02,Snacks,SNA-05,67,54,94,0
2025-03-10,DS-Amsterdam-02,Snacks,SNA-06,58,65,98,0
2025-03-10,DS-Amsterdam-02,Household,HOU-01,15,18,56,0
2025-03-10,DS-Amsterdam-02,Household,HOU-02,32,26,133,0
2025-03-10,DS-Amsterdam-02,Household,HOU-03,22,31,67,0
2025-03-10,DS-Amsterdam-02,Household,HOU-04,36,36,136,0
2025-03-10,DS-Amsterdam-02,Household,HOU-05,33,36,120,0
2025-03-10,DS-Amsterdam-02,Household,HOU-06,31,31,97,0
2025-03-10,DS-Rotterdam-01,Fresh Produce,FRE-01,49,53,282,0
2025-03-10,DS-Rotterdam-01,Fresh Produce,FRE-02,33,60,207,0
2025-03-10,DS-Rotterdam-01,Fresh Produce,FRE-03,64,67,408,0
2025-03-10,DS-Rotterdam-01,Fresh Produce,FRE-04,63,59,425,0
2025-03-10,DS-Rotterdam-01,Fresh Produce,FRE-05,59,47,368,0
2025-03-10,DS-Rotterdam-01,Fresh Produce,FRE-06,55,54,389,0
2025-03-10,DS-Rotterdam-01,Dairy,DAI-01,73,71,305,1
2025-03-10,DS-Rotterdam-01,Dairy,DAI-02,46,40,178,0
2025-03-10,DS-Rotterdam-01,Dairy,DAI-03,53,38,194,0
2025-03-10,DS-Rotterdam-01,Dairy,DAI-04,30,39,90,0
2025-03-10,DS-Rotterdam-01,Dairy,DAI-05,33,39,119,0
2025-03-10,DS-Rotterdam-01,Dairy,DAI-06,41,39,118,0
2025-03-10,DS-Rotterdam-01,Beverages,BEV-01,71,66,276,0
2025-03-10,DS-Rotterdam-01,Beverages,BEV-02,77,65,318,0
2025-03-10,DS-Rotterdam-01,Beverages,BEV-03,162,113,647,1
2025-03-10,DS-Rotterdam-01,Beverages,BEV-04,70,62,273,0
2025-03-10,DS-Rotterdam-01,Beverages,BEV-05,76,69,249,0
2025-03-10,DS-Rotterdam-01,Beverages,BEV-06,83,75,281,0
2025-03-10,DS-Rotterdam-01,Snacks,SNA-01,62,41,94,0
2025-03-10,DS-Rotterdam-01,Snacks,SNA-02,61,53,78,0
2025-03-10,DS-Rotterdam-01,Snacks,SNA-03,109,111,154,1
2025-03-10,DS-Rotterdam-01,Snacks,SNA-04,71,52,108,0
2025-03-10,DS-Rotterdam-01,Snacks,SNA-05,69,53,91,0
2025-03-10,DS-Rotterdam-01,Snacks,SNA-06,90,71,117,1
2025-03-10,DS-Rotterdam-01,Household,HOU-01,19,27,54,0
2025-03-10,DS-Rotterdam-01,Household,HOU-02,29,30,97,0
2025-03-10,DS-Rotterdam-01,Household,HOU-03,32,27,100,0
2025-03-10,DS-Rotterdam-01,Household,HOU-04,19,28,74,0
2025-03-10,DS-Rotterdam-01,Household,HOU-05,17,34,52,0
2025-03-10,DS-Rotterdam-01,Household,HOU-06,27,23,94,0
2025-03-10,DS-Utrecht-01,Fresh Produce,FRE-01,70,66,461,0
2025-03-10,DS-Utrecht-01,Fresh Produce,FRE-02,56,81,318,0
2025-03-10,DS-Utrecht-01,Fresh Produce,FRE-03,72,60,411,0
2025-03-10,DS-Utrecht-01,Fresh Produce,FRE-04,56,73,329,0
2025-03-10,DS-Utrecht-01,Fresh Produce,FRE-05,58,77,318,0
2025-03-10,DS-Utrecht-01,Fresh Produce,FRE-06,45,70,279,0
2025-03-10,DS-Utrecht-01,Dairy,DAI-01,60,53,209,0
2025-03-10,DS-Utrecht-01,Dairy,DAI-02,44,43,152,0
2025-03-10,DS-Utrecht-01,Dairy,DAI-03,78,92,274,1
2025-03-10,DS-Utrecht-01,Dairy,DAI-04,61,57,240,0
2025-03-10,DS-Utrecht-01,Dairy,DAI-05,54,47,217,0
2025-03-10,DS-Utrecht-01,Dairy,DAI-06,47,46,163,0
2025-03-10,DS-Utrecht-01,Beverages,BEV-01,142,137,443,1
2025-03-10,DS-Utrecht-01,Beverages,BEV-02,100,80,359,0
2025-03-10,DS-Utrecht-01,Beverages,BEV-03,87,90,340,0
2025-03-10,DS-Utrecht-01,Beverages,BEV-04,104,89,314,0
2025-03-10,DS-Utrecht-01,Beverages,BEV-05,93,77,347,0
2025-03-10,DS-Utrecht-01,Beverages,BEV-06,79,85,277,0
2025-03-10,DS-Utrecht-01,Snacks,SNA-01,66,66,100,0
2025-03-10,DS-Utrecht-01,Snacks,SNA-02,67,55,88,0
2025-03-10,DS-Utrecht-01,Snacks,SNA-03,74,63,90,0
2025-03-10,DS-Utrecht-01,Snacks,SNA-04,84,60,109,0
2025-03-10,DS-Utrecht-01,Snacks,SNA-05,72,70,128,0
2025-03-10,DS-Utrecht-01,Snacks,SNA-06,76,56,120,0
2025-03-10,DS-Utrecht-01,Household,HOU-01,42,28,128,0
2025-03-10,DS-Utrecht-01,Household,HOU-02,39,32,125,0
2025-03-10,DS-Utrecht-01,Household,HOU-03,36,32,128,0
2025-03-10,DS-Utrecht-01,Household,HOU-04,28,34,115,0
2025-03-10,DS-Utrecht-01,Household,HOU-05,31,34,125,0
2025-03-10,DS-Utrecht-01,Household,HOU-06,33,35,122,0
2025-03-10,DS-TheHague-01,Fresh Produce,FRE-01,53,54,341,0
2025-03-10,DS-TheHague-01,Fresh Produce,FRE-02,53,61,366,0
2025-03-10,DS-TheHague-01,Fresh Produce,FRE-03,54,65,312,0
2025-03-10,DS-TheHague-01,Fresh Produce,FRE-04,55,70,337,0
2025-03-10,DS-TheHague-01,Fresh Produce,FRE-05,105,117,567,1
2025-03-10,DS-TheHague-01,Fresh Produce,FRE-06,55,70,337,0
2025-03-10,DS-TheHague-01,Dairy,DAI-01,42,47,164,0
2025-03-10,DS-TheHague-01,Dairy,DAI-02,45,43,179,0
2025-03-10,DS-TheHague-01,Dairy,DAI-03,45,47,186,0
2025-03-10,DS-TheHague-01,Dairy,DAI-04,40,52,162,0
2025-03-10,DS-TheHague-01,Dairy,DAI-05,36,50,108,0
2025-03-10,DS-TheHague-01,Dairy,DAI-06,58,45,220,0
2025-03-10,DS-TheHague-01,Beverages,BEV-01,76,48,264,0
2025-03-10,DS-TheHague-01,Beverages,BEV-02,84,68,287,0
2025-03-10,DS-TheHague-01,Beverages,BEV-03,68,78,221,0
2025-03-10,DS-TheHague-01,Beverages,BEV-04,134,141,429,1
2025-03-10,DS-TheHague-01,Beverages,BEV-05,68,82,282,0
2025-03-10,DS-TheHague-01,Beverages,BEV-06,115,138,417,1
2025-03-10,DS-TheHague-01,Snacks,SNA-01,96,111,157,1
2025-03-10,DS-TheHague-01,Snacks,SNA-02,56,51,92,0
2025-03-10,DS-TheHague-01,Snacks,SNA-03,46,43,70,0
2025-03-10,DS-TheHague-01,Snacks,SNA-04,64,52,114,0
2025-03-10,DS-TheHague-01,Snacks,SNA-05,67,50,87,0
2025-03-10,DS-TheHague-01,Snacks,SNA-06,68,58,101,0
2025-03-10,DS-TheHague-01,Household,HOU-01,30,22,110,0
2025-03-10,DS-TheHague-01,Household,HOU-02,31,24,109,0
2025-03-10,DS-TheHague-01,Household,HOU-03,28,28,80,0
2025-03-10,DS-TheHague-01,Household,HOU-04,30,30,102,0
2025-03-10,DS-TheHague-01,Household,HOU-05,33,32,105,0
2025-03-10,DS-TheHague-01,Household,HOU-06,34,31,124,0
2025-03-11,DS-Amsterdam-01,Fresh Produce,FRE-01,42,53,202,0
2025-03-11,DS-Amsterdam-01,Fresh Produce,FRE-02,47,44,311,0
2025-03-11,DS-Amsterdam-01,Fresh Produce,FRE-03,43,48,278,0
2025-03-11,DS-Amsterdam-01,Fresh Produce,FRE-04,35,55,180,0
2025-03-11,DS-Amsterdam-01,Fresh Produce,FRE-05,42,54,265,0
2025-03-11,DS-Amsterdam-01,Fresh Produce,FRE-06,43,31,240,0
2025-03-11,DS-Amsterdam-01,Dairy,DAI-01,34,35,108,0
2025-03-11,DS-Amsterdam-01,Dairy,DAI-02,32,41,120,0
2025-03-11,DS-Amsterdam-01,Dairy,DAI-03,43,37,133,0
2025-03-11,DS-Amsterdam-01,Dairy,DAI-04,35,30,100,0
2025-03-11,DS-Amsterdam-01,Dairy,DAI-05,38,41,138,0
2025-03-11,DS-Amsterdam-01,Dairy,DAI-06,38,35,106,0
2025-03-11,DS-Amsterdam-01,Beverages,BEV-01,74,69,307,0
2025-03-11,DS-Amsterdam-01,Beverages,BEV-02,64,63,197,0
2025-03-11,DS-Amsterdam-01,Beverages,BEV-03,53,56,183,0
2025-03-11,DS-Amsterdam-01,Beverages,BEV-04,115,116,405,1
2025-03-11,DS-Amsterdam-01,Beverages,BEV-05,51,64,170,0
2025-03-11,DS-Amsterdam-01,Beverages,BEV-06,66,49,255,0
2025-03-11,DS-Amsterdam-01,Snacks,SNA-01,44,46,62,0
2025-03-11,DS-Amsterdam-01,Snacks,SNA-02,49,36,65,0
2025-03-11,DS-Amsterdam-01,Snacks,SNA-03,53,50,73,0
2025-03-11,DS-Amsterdam-01,Snacks,SNA-04,66,42,96,0
2025-03-11,DS-Amsterdam-01,Snacks,SNA-05,58,37,72,0
2025-03-11,DS-Amsterdam-01,Snacks,SNA-06,45,42,75,0
2025-03-11,DS-Amsterdam-01,Household,HOU-01,27,22,105,0
2025-03-11,DS-Amsterdam-01,Household,HOU-02,17,24,67,0
2025-03-11,DS-Amsterdam-01,Household,HOU-03,30,22,120,0
2025-03-11,DS-Amsterdam-01,Household,HOU-04,28,23,80,0
2025-03-11,DS-Amsterdam-01,Household,HOU-05,24,25,75,0
2025-03-11,DS-Amsterdam-01,Household,HOU-06,29,29,121,0
2025-03-11,DS-Amsterdam-02,Fresh Produce,FRE-01,44,67,214,0
2025-03-11,DS-Amsterdam-02,Fresh Produce,FRE-02,55,56,370,0
2025-03-11,DS-Amsterdam-02,Fresh Produce,FRE-03,46,58,279,0
2025-03-11,DS-Amsterdam-02,Fresh Produce,FRE-04,45,47,247,0
2025-03-11,DS-Amsterdam-02,Fresh Produce,FRE-05,55,47,289,0
2025-03-11,DS-Amsterdam-02,Fresh Produce,FRE-06,49,61,324,0
2025-03-11,DS-Amsterdam-02,Dairy,DAI-01,28,34,112,0
2025-03-11,DS-Amsterdam-02,Dairy,DAI-02,35,41,123,0
2025-03-11,DS-Amsterdam-02,Dairy,DAI-03,41,32,137,0
2025-03-11,DS-Amsterdam-02,Dairy,DAI-04,53,37,173,0
2025-03-11,DS-Amsterdam-02,Dairy,DAI-05,25,41,73,0
2025-03-11,DS-Amsterdam-02,Dairy,DAI-06,42,36,169,0
2025-03-11,DS-Amsterdam-02,Beverages,BEV-01,62,60,229,0
2025-03-11,DS-Amsterdam-02,Beverages,BEV-02,57,71,221,0
2025-03-11,DS-Amsterdam-02,Beverages,BEV-03,77,59,300,0
2025-03-11,DS-Amsterdam-02,Beverages,BEV-04,68,63,236,0
2025-03-11,DS-Amsterdam-02,Beverages,BEV-05,68,56,261,0
2025-03-11,DS-Amsterdam-02,Beverages,BEV-06,75,41,242,0
2025-03-11,DS-Amsterdam-02,Snacks,SNA-01,47,39,79,0
2025-03-11,DS-Amsterdam-02,Snacks,SNA-02,54,43,77,0
2025-03-11,DS-Amsterdam-02,Snacks,SNA-03,52,50,88,0
2025-03-11,DS-Amsterdam-02,Snacks,SNA-04,48,35,64,0
2025-03-11,DS-Amsterdam-02,Snacks,SNA-05,90,89,114,1
2025-03-11,DS-Amsterdam-02,Snacks,SNA-06,67,53,105,0
2025-03-11,DS-Amsterdam-02,Household,HOU-01,27,26,102,0
2025-03-11,DS-Amsterdam-02,Household,HOU-02,28,28,93,0
2025-03-11,DS-Amsterdam-02,Household,HOU-03,27,29,82,0
2025-03-11,DS-Amsterdam-02,Household,HOU-04,17,24,64,0
2025-03-11,DS-Amsterdam-02,Household,HOU-05,27,27,89,0
2025-03-11,DS-Amsterdam-02,Household,HOU-06,25,22,91,0
2025-03-11,DS-Rotterdam-01,Fresh Produce,FRE-01,56,88,350,0
2025-03-11,DS-Rotterdam-01,Fresh Produce,FRE-02,61,78,408,0
2025-03-11,DS-Rotterdam-01,Fresh Produce,FRE-03,73,68,493,0
2025-03-11,DS-Rotterdam-01,Fresh Produce,FRE-04,53,71,265,0
2025-03-11,DS-Rotterdam-01,Fresh Produce,FRE-05,62,80,371,0
2025-03-11,DS-Rotterdam-01,Fresh Produce,FRE-06,55,82,392,0
2025-03-11,DS-Rotterdam-01,Dairy,DAI-01,93,98,383,1
2025-03-11,DS-Rotterdam-01,Dairy,DAI-02,54,40,188,0
2025-03-11,DS-Rotterdam-01,Dairy,DAI-03,57,40,236,0
2025-03-11,DS-Rotterdam-01,Dairy,DAI-04,47,46,147,0
2025-03-11,DS-Rotterdam-01,Dairy,DAI-05,103,106,348,1
2025-03-11,DS-Rotterdam-01,Dairy,DAI-06,54,57,197,0
2025-03-11,DS-Rotterdam-01,Beverages,BEV-01,80,64,282,0
2025-03-11,DS-Rotterdam-01,Beverages,BEV-02,150,161,567,1
2025-03-11,DS-Rotterdam-01,Beverages,BEV-03,73,68,262,0
2025-03-11,DS-Rotterdam-01,Beverages,BEV-04,78,68,243,0
2025-03-11,DS-Rotterdam-01,Beverages,BEV-05,91,89,333,0
2025-03-11,DS-Rotterdam-01,Beverages,BEV-06,91,79,334,0
2025-03-11,DS-Rotterdam-01,Snacks,SNA-01,66,60,83,0
2025-03-11,DS-Rotterdam-01,Snacks,SNA-02,87,65,127,0
2025-03-11,DS-Rotterdam-01,Snacks,SNA-03,87,61,136,0
2025-03-11,DS-Rotterdam-01,Snacks,SNA-04,81,55,100,0
2025-03-11,DS-Rotterdam-01,Snacks,SNA-05,70,54,101,0
2025-03-11,DS-Rotterdam-01,Snacks,SNA-06,77,62,120,0
2025-03-11,DS-Rotterdam-01,Household,HOU-01,26,28,85,0
2025-03-11,DS-Rotterdam-01,Household,HOU-02,47,32,187,0
2025-03-11,DS-Rotterdam-01,Household,HOU-03,29,32,112,0
2025-03-11,DS-Rotterdam-01,Household,HOU-04,31,25,107,0
2025-03-11,DS-Rotterdam-01,Household,HOU-05,33,34,131,0
2025-03-11,DS-Rotterdam-01,Household,HOU-06,26,38,97,0
2025-03-11,DS-Utrecht-01,Fresh Produce,FRE-01,56,65,376,0
2025-03-11,DS-Utrecht-01,Fresh Produce,FRE-02,41,64,270,0
2025-03-11,DS-Utrecht-01,Fresh Produce,FRE-03,56,53,309,0
2025-03-11,DS-Utrecht-01,Fresh Produce,FRE-04,60,62,389,0
2025-03-11,DS-Utrecht-01,Fresh Produce,FRE-05,48,60,234,0
2025-03-11,DS-Utrecht-01,Fresh Produce,FRE-06,54,54,267,0
2025-03-11,DS-Utrecht-01,Dairy,DAI-01,38,37,140,0
2025-03-11,DS-Utrecht-01,Dairy,DAI-02,52,46,168,0
2025-03-11,DS-Utrecht-01,Dairy,DAI-03,48,39,195,0
2025-03-11,DS-Utrecht-01,Dairy,DAI-04,44,42,160,0
2025-03-11,DS-Utrecht-01,Dairy,DAI-05,46,38,189,0
2025-03-11,DS-Utrecht-01,Dairy,DAI-06,37,43,125,0
2025-03-11,DS-Utrecht-01,Beverages,BEV-01,73,69,230,0
2025-03-11,DS-Utrecht-01,Beverages,BEV-02,61,75,215,0
2025-03-11,DS-Utrecht-01,Beverages,BEV-03,74,88,261,0
2025-03-11,DS-Utrecht-01,Beverages,BEV-04,72,75,254,0
2025-03-11,DS-Utrecht-01,Beverages,BEV-05,79,91,276,0
2025-03-11,DS-Utrecht-01,Beverages,BEV-06,88,74,363,0
2025-03-11,DS-Utrecht-01,Snacks,SNA-01,47,46,65,0
2025-03-11,DS-Utrecht-01,Snacks,SNA-02,63,45,102,0
2025-03-11,DS-Utrecht-01,Snacks,SNA-03,121,91,182,1
2025-03-11,DS-Utrecht-01,Snacks,SNA-04,71,40,111,0
2025-03-11,DS-Utrecht-01,Snacks,SNA-05,57,43,88,0
2025-03-11,DS-Utrecht-01,Snacks,SNA-06,54,54,74,0
2025-03-11,DS-Utrecht-01,Household,HOU-01,22,29,81,0
2025-03-11,DS-Utrecht-01,Household,HOU-02,26,28,83,0
2025-03-11,DS-Utrecht-01,Household,HOU-03,29,31,93,0
2025-03-11,DS-Utrecht-01,Household,HOU-04,38,20,106,0
2025-03-11,DS-Utrecht-01,Household,HOU-05,32,25,105,0
2025-03-11,DS-Utrecht-01,Household,HOU-06,36,28,138,0
2025-03-11,DS-TheHague-01,Fresh Produce,FRE-01,64,64,336,0
2025-03-11,DS-TheHague-01,Fresh Produce,FRE-02,61,69,341,0
2025-03-11,DS-TheHague-01,Fresh Produce,FRE-03,50,70,267,0
2025-03-11,DS-TheHague-01,Fresh Produce,FRE-04,64,76,452,0
2025-03-11,DS-TheHague-01,Fresh Produce,FRE-05,55,77,337,0
2025-03-11,DS-TheHague-01,Fresh Produce,FRE-06,64,74,423,0
2025-03-11,DS-TheHague-01,Dairy,DAI-01,41,48,129,0
2025-03-11,DS-TheHague-01,Dairy,DAI-02,62,48,200,0
2025-03-11,DS-TheHague-01,Dairy,DAI-03,55,49,185,0
2025-03-11,DS-TheHague-01,Dairy,DAI-04,55,54,206,0
2025-03-11,DS-TheHague-01,Dairy,DAI-05,50,39,194,0
2025-03-11,DS-TheHague-01,Dairy,DAI-06,49,44,148,0
2025-03-11,DS-TheHague-01,Beverages,BEV-01,89,97,372,0
2025-03-11,DS-TheHague-01,Beverages,BEV-02,93,108,308,0
2025-03-11,DS-TheHague-01,Beverages,BEV-03,84,92,287,0
2025-03-11,DS-TheHague-01,Beverages,BEV-04,114,70,464,0
2025-03-11,DS-TheHague-01,Beverages,BEV-05,83,86,271,0
2025-03-11,DS-TheHague-01,Beverages,BEV-06,177,146,603,1
2025-03-11,DS-TheHague-01,Snacks,SNA-01,72,61,90,0
2025-03-11,DS-TheHague-01,Snacks,SNA-02,69,56,100,0
2025-03-11,DS-TheHague-01,Snacks,SNA-03,70,66,106,0
2025-03-11,DS-TheHague-01,Snacks,SNA-04,122,127,176,1
2025-03-11,DS-TheHague-01,Snacks,SNA-05,77,50,122,0
2025-03-11,DS-TheHague-01,Snacks,SNA-06,78,66,125,0
2025-03-11,DS-TheHague-01,Household,HOU-01,37,34,154,0
2025-03-11,DS-TheHague-01,Household,HOU-02,33,33,96,0
2025-03-11,DS-TheHague-01,Household,HOU-03,40,29,145,0
2025-03-11,DS-TheHague-01,Household,HOU-04,29,35,90,0
2025-03-11,DS-TheHague-01,Household,HOU-05,31,30,128,0
2025-03-11,DS-TheHague-01,Household,HOU-06,25,38,104,0
2025-03-12,DS-Amsterdam-01,Fresh Produce,FRE-01,54,61,302,0
2025-03-12,DS-Amsterdam-01,Fresh Produce,FRE-02,39,52,252,0
2025-03-12,DS-Amsterdam-01,Fresh Produce,FRE-03,55,49,314,0
2025-03-12,DS-Amsterdam-01,Fresh Produce,FRE-04,42,56,228,0
2025-03-12,DS-Amsterdam-01,Fresh Produce,FRE-05,39,59,222,0
2025-03-12,DS-Amsterdam-01,Fresh Produce,FRE-06,51,55,326,0
2025-03-12,DS-Amsterdam-01,Dairy,DAI-01,40,34,133,0
2025-03-12,DS-Amsterdam-01,Dairy,DAI-02,56,42,195,0
2025-03-12,DS-Amsterdam-01,Dairy,DAI-03,42,43,160,0
2025-03-12,DS-Amsterdam-01,Dairy,DAI-04,37,40,127,0
2025-03-12,DS-Amsterdam-01,Dairy,DAI-05,32,39,91,0
2025-03-12,DS-Amsterdam-01,Dairy,DAI-06,43,41,145,0
2025-03-12,DS-Amsterdam-01,Beverages,BEV-01,135,97,435,1
2025-03-12,DS-Amsterdam-01,Beverages,BEV-02,72,72,223,0
2025-03-12,DS-Amsterdam-01,Beverages,BEV-03,60,71,210,0
2025-03-12,DS-Amsterdam-01,Beverages,BEV-04,115,155,332,1
2025-03-12,DS-Amsterdam-01,Beverages,BEV-05,66,62,213,0
2025-03-12,DS-Amsterdam-01,Beverages,BEV-06,73,80,232,0
2025-03-12,DS-Amsterdam-01,Snacks,SNA-01,57,53,71,0
2025-03-12,DS-Amsterdam-01,Snacks,SNA-02,58,51,85,0
2025-03-12,DS-Amsterdam-01,Snacks,SNA-03,66,52,117,0
2025-03-12,DS-Amsterdam-01,Snacks,SNA-04,55,55,68,0
2025-03-12,DS-Amsterdam-01,Snacks,SNA-05,69,51,115,0
2025-03-12,DS-Amsterdam-01,Snacks,SNA-06,57,49,83,0
2025-03-12,DS-Amsterdam-01,Household,HOU-01,38,21,147,0
2025-03-12,DS-Amsterdam-01,Household,HOU-02,32,27,116,0
2025-03-12,DS-Amsterdam-01,Household,HOU-03,41,53,136,1
2025-03-12,DS-Amsterdam-01,Household,HOU-04,26,27,87,0
2025-03-12,DS-Amsterdam-01,Household,HOU-05,21,30,70,0
2025-03-12,DS-Amsterdam-01,Household,HOU-06,27,30,85,0
2025-03-12,DS-Amsterdam-02,Fresh Produce,FRE-01,37,50,201,0
2025-03-12,DS-Amsterdam-02,Fresh Produce,FRE-02,54,48,331,0
2025-03-12,DS-Amsterdam-02,Fresh Produce,FRE-03,46,52,271,0
2025-03-12,DS-Amsterdam-02,Fresh Produce,FRE-04,42,67,297,0
2025-03-12,DS-Amsterdam-02,Fresh Produce,FRE-05,57,48,407,0
2025-03-12,DS-Amsterdam-02,Fresh Produce,FRE-06,38,48,205,0
2025-03-12,DS-Amsterdam-02,Dairy,DAI-01,27,27,84,0
2025-03-12,DS-Amsterdam-02,Dairy,DAI-02,29,35,105,0
2025-03-12,DS-Amsterdam-02,Dairy,DAI-03,23,36,65,0
2025-03-12,DS-Amsterdam-02,Dairy,DAI-04,22,39,65,0
2025-03-12,DS-Amsterdam-02,Dairy,DAI-05,45,37,182,0
2025-03-12,DS-Amsterdam-02,Dairy,DAI-06,38,28,139,0
2025-03-12,DS-Amsterdam-02,Beverages,BEV-01,72,62,286,0
2025-03-12,DS-Amsterdam-02,Beverages,BEV-02,66,57,261,0
2025-03-12,DS-Amsterdam-02,Beverages,BEV-03,58,64,192,0
2025-03-12,DS-Amsterdam-02,Beverages,BEV-04,112,112,442,1
2025-03-12,DS-Amsterdam-02,Beverages,BEV-05,60,63,172,0
2025-03-12,DS-Amsterdam-02,Beverages,BEV-06,71,58,274,0
2025-03-12,DS-Amsterdam-02,Snacks,SNA-01,54,48,86,0
2025-03-12,DS-Amsterdam-02,Snacks,SNA-02,58,43,103,0
2025-03-12,DS-Amsterdam-02,Snacks,SNA-03,45,39,79,0
2025-03-12,DS-Amsterdam-02,Snacks,SNA-04,55,39,67,0
2025-03-12,DS-Amsterdam-02,Snacks,SNA-05,44,50,74,0
2025-03-12,DS-Amsterdam-02,Snacks,SNA-06,45,41,80,0
2025-03-12,DS-Amsterdam-02,Household,HOU-01,26,25,85,0
2025-03-12,DS-Amsterdam-02,Household,HOU-02,25,20,90,0
2025-03-12,DS-Amsterdam-02,Household,HOU-03,33,31,97,1
2025-03-12,DS-Amsterdam-02,Household,HOU-04,25,23,78,0
2025-03-12,DS-Amsterdam-02,Household,HOU-05,19,25,77,0
2025-03-12,DS-Amsterdam-02,Household,HOU-06,26,25,95,0
2025-03-12,DS-Rotterdam-01,Fresh Produce,FRE-01,37,65,206,0
2025-03-12,DS-Rotterdam-01,Fresh Produce,FRE-02,59,59,352,0
2025-03-12,DS-Rotterdam-01,Fresh Produce,FRE-03,45,57,240,0
2025-03-12,DS-Rotterdam-01,Fresh Produce,FRE-04,51,67,360,0
2025-03-12,DS-Rotterdam-01,Fresh Produce,FRE-05,65,69,442,0
2025-03-12,DS-Rotterdam-01,Fresh Produce,FRE-06,46,67,268,0
2025-03-12,DS-Rotterdam-01,Dairy,DAI-01,40,44,121,0
2025-03-12,DS-Rotterdam-01,Dairy,DAI-02,40,40,135,0
2025-03-12,DS-Rotterdam-01,Dairy,DAI-03,47,50,165,0
2025-03-12,DS-Rotterdam-01,Dairy,DAI-04,27,38,83,0
2025-03-12,DS-Rotterdam-01,Dairy,DAI-05,42,45,156,0
2025-03-12,DS-Rotterdam-01,Dairy,DAI-06,50,43,151,0
2025-03-12,DS-Rotterdam-01,Beverages,BEV-01,72,70,287,0
2025-03-12,DS-Rotterdam-01,Beverages,BEV-02,64,87,192,0
2025-03-12,DS-Rotterdam-01,Beverages,BEV-03,80,68,246,0
2025-03-12,DS-Rotterdam-01,Beverages,BEV-04,88,73,277,0
2025-03-12,DS-Rotterdam-01,Beverages,BEV-05,74,71,301,0
2025-03-12,DS-Rotterdam-01,Beverages,BEV-06,69,81,232,0
2025-03-12,DS-Rotterdam-01,Snacks,SNA-01,67,55,119,0
2025-03-12,DS-Rotterdam-01,Snacks,SNA-02,114,81,154,1
2025-03-12,DS-Rotterdam-01,Snacks,SNA-03,54,66,74,0
2025-03-12,DS-Rotterdam-01,Snacks,SNA-04,62,61,75,0
2025-03-12,DS-Rotterdam-01,Snacks,SNA-05,60,55,86,0
2025-03-12,DS-Rotterdam-01,Snacks,SNA-06,58,51,74,0
2025-03-12,DS-Rotterdam-01,Household,HOU-01,27,27,110,0
2025-03-12,DS-Rotterdam-01,Household,HOU-02,32,33,111,0
2025-03-12,DS-Rotterdam-01,Household,HOU-03,29,24,117,0
2025-03-12,DS-Rotterdam-01,Household,HOU-04,23,26,68,0
2025-03-12,DS-Rotterdam-01,Household,HOU-05,38,29,155,0
2025-03-12,DS-Rotterdam-01,Household,HOU-06,32,35,127,0
2025-03-12,DS-Utrecht-01,Fresh Produce,FRE-01,62,80,433,0
2025-03-12,DS-Utrecht-01,Fresh Produce,FRE-02,56,63,276,0
2025-03-12,DS-Utrecht-01,Fresh Produce,FRE-03,68,74,343,0
2025-03-12,DS-Utrecht-01,Fresh Produce,FRE-04,64,80,327,0
2025-03-12,DS-Utrecht-01,Fresh Produce,FRE-05,63,75,326,0
2025-03-12,DS-Utrecht-01,Fresh Produce,FRE-06,53,75,293,0
2025-03-12,DS-Utrecht-01,Dairy,DAI-01,97,79,352,1
2025-03-12,DS-Utrecht-01,Dairy,DAI-02,37,43,127,0
2025-03-12,DS-Utrecht-01,Dairy,DAI-03,85,98,305,1
2025-03-12,DS-Utrecht-01,Dairy,DAI-04,48,51,146,0
2025-03-12,DS-Utrecht-01,Dairy,DAI-05,56,43,172,0
2025-03-12,DS-Utrecht-01,Dairy,DAI-06,44,51,158,0
2025-03-12,DS-Utrecht-01,Beverages,BEV-01,75,78,240,0
2025-03-12,DS-Utrecht-01,Beverages,BEV-02,108,93,397,0
2025-03-12,DS-Utrecht-01,Beverages,BEV-03,73,81,205,0
2025-03-12,DS-Utrecht-01,Beverages,BEV-04,97,90,298,0
2025-03-12,DS-Utrecht-01,Beverages,BEV-05,175,150,519,1
2025-03-12,DS-Utrecht-01,Beverages,BEV-06,140,174,519,1
2025-03-12,DS-Utrecht-01,Snacks,SNA-01,74,56,124,0
2025-03-12,DS-Utrecht-01,Snacks,SNA-02,70,60,115,0
2025-03-12,DS-Utrecht-01,Snacks,SNA-03,54,65,80,0
2025-03-12,DS-Utrecht-01,Snacks,SNA-04,65,66,99,0
2025-03-12,DS-Utrecht-01,Snacks,SNA-05,83,59,130,0
2025-03-12,DS-Utrecht-01,Snacks,SNA-06,138,108,192,1
2025-03-12,DS-Utrecht-01,Household,HOU-01,24,30,67,0
2025-03-12,DS-Utrecht-01,Household,HOU-02,34,30,96,0
2025-03-12,DS-Utrecht-01,Household,HOU-03,28,36,80,0
2025-03-12,DS-Utrecht-01,Household,HOU-04,44,37,124,0
2025-03-12,DS-Utrecht-01,Household,HOU-05,32,33,125,0
2025-03-12,DS-Utrecht-01,Household,HOU-06,40,36,125,0
2025-03-12,DS-TheHague-01,Fresh Produce,FRE-01,45,66,272,0
2025-03-12,DS-TheHague-01,Fresh Produce,FRE-02,67,62,326,0
2025-03-12,DS-TheHague-01,Fresh Produce,FRE-03,64,63,363,0
2025-03-12,DS-TheHague-01,Fresh Produce,FRE-04,66,58,344,0
2025-03-12,DS-TheHague-01,Fresh Produce,FRE-05,64,58,379,0
2025-03-12,DS-TheHague-01,Fresh Produce,FRE-06,69,75,386,0
2025-03-12,DS-TheHague-01,Dairy,DAI-01,46,40,191,0
2025-03-12,DS-TheHague-01,Dairy,DAI-02,54,44,198,0
2025-03-12,DS-TheHague-01,Dairy,DAI-03,57,42,192,0
2025-03-12,DS-TheHague-01,Dairy,DAI-04,51,44,190,0
2025-03-12,DS-TheHague-01,Dairy,DAI-05,49,49,182,0
2025-03-12,DS-TheHague-01,Dairy,DAI-06,51,45,149,0
2025-03-12,DS-TheHague-01,Beverages,BEV-01,95,81,275,0
2025-03-12,DS-TheHague-01,Beverages,BEV-02,65,57,251,0
2025-03-12,DS-TheHague-01,Beverages,BEV-03,100,84,317,0
2025-03-12,DS-TheHague-01,Beverages,BEV-04,71,103,276,0
2025-03-12,DS-TheHague-01,Beverages,BEV-05,146,116,535,1
2025-03-12,DS-TheHague-01,Beverages,BEV-06,87,83,322,0
2025-03-12,DS-TheHague-01,Snacks,SNA-01,78,68,123,0
2025-03-12,DS-TheHague-01,Snacks,SNA-02,70,59,105,0
2025-03-12,DS-TheHague-01,Snacks,SNA-03,50,65,71,0
2025-03-12,DS-TheHague-01,Snacks,SNA-04,70,56,114,0
2025-03-12,DS-TheHague-01,Snacks,SNA-05,131,115,183,1
2025-03-12,DS-TheHague-01,Snacks,SNA-06,61,61,94,0
2025-03-12,DS-TheHague-01,Household,HOU-01,27,37,76,0
2025-03-12,DS-TheHague-01,Household,HOU-02,42,34,146,0
2025-03-12,DS-TheHague-01,Household,HOU-03,52,59,204,1
2025-03-12,DS-TheHague-01,Household,HOU-04,25,33,94,0
2025-03-12,DS-TheHague-01,Household,HOU-05,39,38,145,0
2025-03-12,DS-TheHague-01,Household,HOU-06,24,36,74,0
2025-03-13,DS-Amsterdam-01,Fresh Produce,FRE-01,48,54,283,0
2025-03-13,DS-Amsterdam-01,Fresh Produce,FRE-02,54,54,357,0
2025-03-13,DS-Amsterdam-01,Fresh Produce,FRE-03,39,53,213,0
2025-03-13,DS-Amsterdam-01,Fresh Produce,FRE-04,55,60,281,0
2025-03-13,DS-Amsterdam-01,Fresh Produce,FRE-05,47,50,231,0
2025-03-13,DS-Amsterdam-01,Fresh Produce,FRE-06,51,48,245,0
2025-03-13,DS-Amsterdam-01,Dairy,DAI-01,62,92,215,1
2025-03-13,DS-Amsterdam-01,Dairy,DAI-02,42,36,148,0
2025-03-13,DS-Amsterdam-01,Dairy,DAI-03,51,48,181,0
2025-03-13,DS-Amsterdam-01,Dairy,DAI-04,36,32,134,0
2025-03-13,DS-Amsterdam-01,Dairy,DAI-05,33,50,96,0
2025-03-13,DS-Amsterdam-01,Dairy,DAI-06,40,32,112,0
2025-03-13,DS-Amsterdam-01,Beverages,BEV-01,73,70,247,0
2025-03-13,DS-Amsterdam-01,Beverages,BEV-02,64,56,232,0
2025-03-13,DS-Amsterdam-01,Beverages,BEV-03,67,68,206,0
2025-03-13,DS-Amsterdam-01,Beverages,BEV-04,65,61,262,0
2025-03-13,DS-Amsterdam-01,Beverages,BEV-05,83,73,240,0
2025-03-13,DS-Amsterdam-01,Beverages,BEV-06,65,64,238,0
2025-03-13,DS-Amsterdam-01,Snacks,SNA-01,111,75,198,1
2025-03-13,DS-Amsterdam-01,Snacks,SNA-02,72,53,110,0
2025-03-13,DS-Amsterdam-01,Snacks,SNA-03,43,51,60,0
2025-03-13,DS-Amsterdam-01,Snacks,SNA-04,56,57,79,0
2025-03-13,DS-Amsterdam-01,Snacks,SNA-05,56,48,89,0
2025-03-13,DS-Amsterdam-01,Snacks,SNA-06,69,55,85,0
2025-03-13,DS-Amsterdam-01,Household,HOU-01,32,28,133,0
2025-03-13,DS-Amsterdam-01,Household,HOU-02,30,31,99,0
2025-03-13,DS-Amsterdam-01,Household,HOU-03,19,27,55,0
2025-03-13,DS-Amsterdam-01,Household,HOU-04,24,25,72,0
2025-03-13,DS-Amsterdam-01,Household,HOU-05,48,43,179,1
2025-03-13,DS-Amsterdam-01,Household,HOU-06,32,31,133,0
2025-03-13,DS-Amsterdam-02,Fresh Produce,FRE-01,39,37,235,0
2025-03-13,DS-Amsterdam-02,Fresh Produce,FRE-02,44,46,266,0
2025-03-13,DS-Amsterdam-02,Fresh Produce,FRE-03,35,42,207,0
2025-03-13,DS-Amsterdam-02,Fresh Produce,FRE-04,35,49,240,0
2025-03-13,DS-Amsterdam-02,Fresh Produce,FRE-05,36,52,191,0
2025-03-13,DS-Amsterdam-02,Fresh Produce,FRE-06,40,49,218,0
2025-03-13,DS-Amsterdam-02,Dairy,DAI-01,36,29,136,0
2025-03-13,DS-Amsterdam-02,Dairy,DAI-02,36,36,148,0
2025-03-13,DS-Amsterdam-02,Dairy,DAI-03,28,28,104,0
2025-03-13,DS-Amsterdam-02,Dairy,DAI-04,32,24,133,0
2025-03-13,DS-Amsterdam-02,Dairy,DAI-05,26,33,90,0
2025-03-13,DS-Amsterdam-02,Dairy,DAI-06,37,27,125,0
2025-03-13,DS-Amsterdam-02,Beverages,BEV-01,44,69,175,0
2025-03-13,DS-Amsterdam-02,Beverages,BEV-02,46,57,163,0
2025-03-13,DS-Amsterdam-02,Beverages,BEV-03,61,57,183,0
2025-03-13,DS-Amsterdam-02,Beverages,BEV-04,47,47,157,0
2025-03-13,DS-Amsterdam-02,Beverages,BEV-05,52,66,188,0
2025-03-13,DS-Amsterdam-02,Beverages,BEV-06,67,58,276,0
2025-03-13,DS-Amsterdam-02,Snacks,SNA-01,52,36,67,0
2025-03-13,DS-Amsterdam-02,Snacks,SNA-02,40,40,53,0
2025-03-13,DS-Amsterdam-02,Snacks,SNA-03,46,35,82,0
2025-03-13,DS-Amsterdam-02,Snacks,SNA-04,51,38,76,0
2025-03-13,DS-Amsterdam-02,Snacks,SNA-05,86,74,146,1
2025-03-13,DS-Amsterdam-02,Snacks,SNA-06,47,48,81,0
2025-03-13,DS-Amsterdam-02,Household,HOU-01,15,23,46,0
2025-03-13,DS-Amsterdam-02,Household,HOU-02,29,24,119,0
2025-03-13,DS-Amsterdam-02,Household,HOU-03,22,19,74,0
2025-03-13,DS-Amsterdam-02,Household,HOU-04,55,34,214,1
2025-03-13,DS-Amsterdam-02,Household,HOU-05,20,19,72,0
2025-03-13,DS-Amsterdam-02,Household,HOU-06,19,24,72,0
2025-03-13,DS-Rotterdam-01,Fresh Produce,FRE-01,52,64,320,0
2025-03-13,DS-Rotterdam-01,Fresh Produce,FRE-02,130,118,868,1
2025-03-13,DS-Rotterdam-01,Fresh Produce,FRE-03,54,71,333,0
2025-03-13,DS-Rotterdam-01,Fresh Produce,FRE-04,62,60,316,0
2025-03-13,DS-Rotterdam-01,Fresh Produce,FRE-05,64,80,451,0
2025-03-13,DS-Rotterdam-01,Fresh Produce,FRE-06,67,71,397,0
2025-03-13,DS-Rotterdam-01,Dairy,DAI-01,31,48,92,0
2025-03-13,DS-Rotterdam-01,Dairy,DAI-02,53,58,164,0
2025-03-13,DS-Rotterdam-01,Dairy,DAI-03,46,43,132,0
2025-03-13,DS-Rotterdam-01,Dairy,DAI-04,59,49,173,0
2025-03-13,DS-Rotterdam-01,Dairy,DAI-05,49,45,157,0
2025-03-13,DS-Rotterdam-01,Dairy,DAI-06,59,46,187,0
2025-03-13,DS-Rotterdam-01,Beverages,BEV-01,153,168,610,1
2025-03-13,DS-Rotterdam-01,Beverages,BEV-02,80,81,235,0
2025-03-13,DS-Rotterdam-01,Beverages,BEV-03,82,86,239,0
2025-03-13,DS-Rotterdam-01,Beverages,BEV-04,95,100,290,0
2025-03-13,DS-Rotterdam-01,Beverages,BEV-05,89,84,303,0
2025-03-13,DS-Rotterdam-01,Beverages,BEV-06,85,76,326,0
2025-03-13,DS-Rotterdam-01,Snacks,SNA-01,57,67,73,0
2025-03-13,DS-Rotterdam-01,Snacks,SNA-02,69,60,90,0
2025-03-13,DS-Rotterdam-01,Snacks,SNA-03,73,75,90,0
2025-03-13,DS-Rotterdam-01,Snacks,SNA-04,64,60,100,0
2025-03-13,DS-Rotterdam-01,Snacks,SNA-05,74,64,92,0
2025-03-13,DS-Rotterdam-01,Snacks,SNA-06,66,47,117,0
2025-03-13,DS-Rotterdam-01,Household,HOU-01,30,33,114,0
2025-03-13,DS-Rotterdam-01,Household,HOU-02,36,42,127,0
2025-03-13,DS-Rotterdam-01,Household,HOU-03,25,38,96,0
2025-03-13,DS-Rotterdam-01,Household,HOU-04,39,30,148,0
2025-03-13,DS-Rotterdam-01,Household,HOU-05,35,31,127,0
2025-03-13,DS-Rotterdam-01,Household,HOU-06,40,27,161,0
2025-03-13,DS-Utrecht-01,Fresh Produce,FRE-01,56,50,299,0
2025-03-13,DS-Utrecht-01,Fresh Produce,FRE-02,37,50,200,0
2025-03-13,DS-Utrecht-01,Fresh Produce,FRE-03,53,51,368,0
2025-03-13,DS-Utrecht-01,Fresh Produce,FRE-04,37,46,236,0
2025-03-13,DS-Utrecht-01,Fresh Produce,FRE-05,53,50,298,0
2025-03-13,DS-Utrecht-01,Fresh Produce,FRE-06,37,53,226,0
2025-03-13,DS-Utrecht-01,Dairy,DAI-01,26,25,101,0
2025-03-13,DS-Utrecht-01,Dairy,DAI-02,42,37,160,0
2025-03-13,DS-Utrecht-01,Dairy,DAI-03,37,29,143,0
2025-03-13,DS-Utrecht-01,Dairy,DAI-04,35,27,121,0
2025-03-13,DS-Utrecht-01,Dairy,DAI-05,35,36,130,0
2025-03-13,DS-Utrecht-01,Dairy,DAI-06,43,40,133,0
2025-03-13,DS-Utrecht-01,Beverages,BEV-01,64,51,202,0
2025-03-13,DS-Utrecht-01,Beverages,BEV-02,57,61,220,0
2025-03-13,DS-Utrecht-01,Beverages,BEV-03,60,56,195,0
2025-03-13,DS-Utrecht-01,Beverages,BEV-04,60,46,210,0
2025-03-13,DS-Utrecht-01,Beverages,BEV-05,60,70,247,0
2025-03-13,DS-Utrecht-01,Beverages,BEV-06,63,64,176,0
2025-03-13,DS-Utrecht-01,Snacks,SNA-01,61,40,107,0
2025-03-13,DS-Utrecht-01,Snacks,SNA-02,48,49,70,0
2025-03-13,DS-Utrecht-01,Snacks,SNA-03,48,46,69,0
2025-03-13,DS-Utrecht-01,Snacks,SNA-04,46,41,58,0
2025-03-13,DS-Utrecht-01,Snacks,SNA-05,48,44,62,0
2025-03-13,DS-Utrecht-01,Snacks,SNA-06,41,44,67,0
2025-03-13,DS-Utrecht-01,Household,HOU-01,37,19,147,0
2025-03-13,DS-Utrecht-01,Household,HOU-02,22,26,78,0
2025-03-13,DS-Utrecht-01,Household,HOU-03,14,23,42,0
2025-03-13,DS-Utrecht-01,Household,HOU-04,20,24,68,0
2025-03-13,DS-Utrecht-01,Household,HOU-05,31,35,98,1
2025-03-13,DS-Utrecht-01,Household,HOU-06,25,26,83,0
2025-03-13,DS-TheHague-01,Fresh Produce,FRE-01,55,46,372,0
2025-03-13,DS-TheHague-01,Fresh Produce,FRE-02,45,65,280,0
2025-03-13,DS-TheHague-01,Fresh Produce,FRE-03,81,99,497,1
2025-03-13,DS-TheHague-01,Fresh Produce,FRE-04,40,66,211,0
2025-03-13,DS-TheHague-01,Fresh Produce,FRE-05,47,52,284,0
2025-03-13,DS-TheHague-01,Fresh Produce,FRE-06,48,57,243,0
2025-03-13,DS-TheHague-01,Dairy,DAI-01,40,37,142,0
2025-03-13,DS-TheHague-01,Dairy,DAI-02,45,32,164,0
2025-03-13,DS-TheHague-01,Dairy,DAI-03,91,72,374,1
2025-03-13,DS-TheHague-01,Dairy,DAI-04,35,26,99,0
2025-03-13,DS-TheHague-01,Dairy,DAI-05,62,54,217,1
2025-03-13,DS-TheHague-01,Dairy,DAI-06,32,45,93,0
2025-03-13,DS-TheHague-01,Beverages,BEV-01,80,70,255,0
2025-03-13,DS-TheHague-01,Beverages,BEV-02,72,64,253,0
2025-03-13,DS-TheHague-01,Beverages,BEV-03,59,70,241,0
2025-03-13,DS-TheHague-01,Beverages,BEV-04,72,66,264,0
2025-03-13,DS-TheHague-01,Beverages,BEV-05,51,67,206,0
2025-03-13,DS-TheHague-01,Beverages,BEV-06,64,52,230,0
2025-03-13,DS-TheHague-01,Snacks,SNA-01,53,57,92,0
2025-03-13,DS-TheHague-01,Snacks,SNA-02,63,57,85,0
2025-03-13,DS-TheHague-01,Snacks,SNA-03,118,94,154,1
2025-03-13,DS-TheHague-01,Snacks,SNA-04,65,52,81,0
2025-03-13,DS-TheHague-01,Snacks,SNA-05,59,50,83,0
2025-03-13,DS-TheHague-01,Snacks,SNA-06,59,51,72,0
2025-03-13,DS-TheHague-01,Household,HOU-01,32,25,120,0
2025-03-13,DS-TheHague-01,Household,HOU-02,38,27,128,0
2025-03-13,DS-TheHague-01,Household,HOU-03,29,21,90,0
2025-03-13,DS-TheHague-01,Household,HOU-04,25,24,71,0
2025-03-13,DS-TheHague-01,Household,HOU-05,41,49,158,1
2025-03-13,DS-TheHague-01,Household,HOU-06,31,24,91,0
2025-03-14,DS-Amsterdam-01,Fresh Produce,FRE-01,74,62,366,0
2025-03-14,DS-Amsterdam-01,Fresh Produce,FRE-02,66,73,470,0
2025-03-14,DS-Amsterdam-01,Fresh Produce,FRE-03,60,74,362,0
2025-03-14,DS-Amsterdam-01,Fresh Produce,FRE-04,126,114,671,1
2025-03-14,DS-Amsterdam-01,Fresh Produce,FRE-05,67,89,465,0
2025-03-14,DS-Amsterdam-01,Fresh Produce,FRE-06,57,67,378,0
2025-03-14,DS-Amsterdam-01,Dairy,DAI-01,49,59,166,0
2025-03-14,DS-Amsterdam-01,Dairy,DAI-02,57,55,220,0
2025-03-14,DS-Amsterdam-01,Dairy,DAI-03,100,89,321,1
2025-03-14,DS-Amsterdam-01,Dairy,DAI-04,53,60,208,0
2025-03-14,DS-Amsterdam-01,Dairy,DAI-05,62,62,195,0
2025-03-14,DS-Amsterdam-01,Dairy,DAI-06,50,44,158,0
2025-03-14,DS-Amsterdam-01,Beverages,BEV-01,90,100,353,0
2025-03-14,DS-Amsterdam-01,Beverages,BEV-02,81,94,265,0
2025-03-14,DS-Amsterdam-01,Beverages,BEV-03,93,87,387,0
2025-03-14,DS-Amsterdam-01,Beverages,BEV-04,92,98,327,0
2025-03-14,DS-Amsterdam-01,Beverages,BEV-05,89,80,262,0
2025-03-14,DS-Amsterdam-01,Beverages,BEV-06,91,73,279,0
2025-03-14,DS-Amsterdam-01,Snacks,SNA-01,77,72,94,0
2025-03-14,DS-Amsterdam-01,Snacks,SNA-02,74,54,98,0
2025-03-14,DS-Amsterdam-01,Snacks,SNA-03,83,60,138,0
2025-03-14,DS-Amsterdam-01,Snacks,SNA-04,60,70,85,0
2025-03-14,DS-Amsterdam-01,Snacks,SNA-05,78,61,97,0
2025-03-14,DS-Amsterdam-01,Snacks,SNA-06,71,59,105,0
2025-03-14,DS-Amsterdam-01,Household,HOU-01,75,47,284,1
2025-03-14,DS-Amsterdam-01,Household,HOU-02,29,29,88,0
2025-03-14,DS-Amsterdam-01,Household,HOU-03,24,31,95,0
2025-03-14,DS-Amsterdam-01,Household,HOU-04,40,39,133,0
2025-03-14,DS-Amsterdam-01,Household,HOU-05,37,32,149,0
2025-03-14,DS-Amsterdam-01,Household,HOU-06,47,31,185,0
2025-03-14,DS-Amsterdam-02,Fresh Produce,FRE-01,54,65,338,0
2025-03-14,DS-Amsterdam-02,Fresh Produce,FRE-02,64,60,419,0
2025-03-14,DS-Amsterdam-02,Fresh Produce,FRE-03,48,61,241,0
2025-03-14,DS-Amsterdam-02,Fresh Produce,FRE-04,57,61,275,0
2025-03-14,DS-Amsterdam-02,Fresh Produce,FRE-05,100,129,598,1
2025-03-14,DS-Amsterdam-02,Fresh Produce,FRE-06,53,76,288,0
2025-03-14,DS-Amsterdam-02,Dairy,DAI-01,39,41,130,0
2025-03-14,DS-Amsterdam-02,Dairy,DAI-02,48,38,175,0
2025-03-14,DS-Amsterdam-02,Dairy,DAI-03,44,53,143,0
2025-03-14,DS-Amsterdam-02,Dairy,DAI-04,47,52,186,0
2025-03-14,DS-Amsterdam-02,Dairy,DAI-05,50,49,182,0
2025-03-14,DS-Amsterdam-02,Dairy,DAI-06,51,45,176,0
2025-03-14,DS-Amsterdam-02,Beverages,BEV-01,76,83,252,0
2025-03-14,DS-Amsterdam-02,Beverages,BEV-02,67,61,219,0
2025-03-14,DS-Amsterdam-02,Beverages,BEV-03,134,160,532,1
2025-03-14,DS-Amsterdam-02,Beverages,BEV-04,90,96,366,0
2025-03-14,DS-Amsterdam-02,Beverages,BEV-05,75,68,298,0
2025-03-14,DS-Amsterdam-02,Beverages,BEV-06,68,57,257,0
2025-03-14,DS-Amsterdam-02,Snacks,SNA-01,65,54,105,0
2025-03-14,DS-Amsterdam-02,Snacks,SNA-02,69,64,90,0
2025-03-14,DS-Amsterdam-02,Snacks,SNA-03,73,63,90,0
2025-03-14,DS-Amsterdam-02,Snacks,SNA-04,64,57,106,0
2025-03-14,DS-Amsterdam-02,Snacks,SNA-05,76,54,99,0
2025-03-14,DS-Amsterdam-02,Snacks,SNA-06,77,52,103,0
2025-03-14,DS-Amsterdam-02,Household,HOU-01,29,32,81,0
2025-03-14,DS-Amsterdam-02,Household,HOU-02,24,29,80,0
2025-03-14,DS-Amsterdam-02,Household,HOU-03,32,30,122,0
2025-03-14,DS-Amsterdam-02,Household,HOU-04,33,27,110,0
2025-03-14,DS-Amsterdam-02,Household,HOU-05,37,37,122,0
2025-03-14,DS-Amsterdam-02,Household,HOU-06,37,34,111,0
2025-03-14,DS-Rotterdam-01,Fresh Produce,FRE-01,43,66,303,0
2025-03-14,DS-Rotterdam-01,Fresh Produce,FRE-02,94,120,642,1
2025-03-14,DS-Rotterdam-01,Fresh Produce,FRE-03,100,121,691,1
2025-03-14,DS-Rotterdam-01,Fresh Produce,FRE-04,50,62,337,0
2025-03-14,DS-Rotterdam-01,Fresh Produce,FRE-05,54,68,384,0
2025-03-14,DS-Rotterdam-01,Fresh Produce,FRE-06,66,60,460,0
2025-03-14,DS-Rotterdam-01,Dairy,DAI-01,41,48,130,0
2025-03-14,DS-Rotterdam-01,Dairy,DAI-02,47,28,133,0
2025-03-14,DS-Rotterdam-01,Dairy,DAI-03,41,44,158,0
2025-03-14,DS-Rotterdam-01,Dairy,DAI-04,43,40,131,0
2025-03-14,DS-Rotterdam-01,Dairy,DAI-05,47,47,196,0
2025-03-14,DS-Rotterdam-01,Dairy,DAI-06,45,43,181,0
2025-03-14,DS-Rotterdam-01,Beverages,BEV-01,60,82,173,0
2025-03-14,DS-Rotterdam-01,Beverages,BEV-02,83,74,281,0
2025-03-14,DS-Rotterdam-01,Beverages,BEV-03,75,65,305,0
2025-03-14,DS-Rotterdam-01,Beverages,BEV-04,80,76,264,0
2025-03-14,DS-Rotterdam-01,Beverages,BEV-05,79,79,300,0
2025-03-14,DS-Rotterdam-01,Beverages,BEV-06,65,74,211,0
2025-03-14,DS-Rotterdam-01,Snacks,SNA-01,57,54,95,0
2025-03-14,DS-Rotterdam-01,Snacks,SNA-02,66,57,97,0
2025-03-14,DS-Rotterdam-01,Snacks,SNA-03,59,52,103,0
2025-03-14,DS-Rotterdam-01,Snacks,SNA-04,119,100,153,1
2025-03-14,DS-Rotterdam-01,Snacks,SNA-05,55,48,67,0
2025-03-14,DS-Rotterdam-01,Snacks,SNA-06,123,104,171,1
2025-03-14,DS-Rotterdam-01,Household,HOU-01,22,34,73,0
2025-03-14,DS-Rotterdam-01,Household,HOU-02,30,26,94,0
2025-03-14,DS-Rotterdam-01,Household,HOU-03,25,26,71,0
2025-03-14,DS-Rotterdam-01,Household,HOU-04,30,29,110,0
2025-03-14,DS-Rotterdam-01,Household,HOU-05,31,34,94,0
2025-03-14,DS-Rotterdam-01,Household,HOU-06,30,24,111,0
2025-03-14,DS-Utrecht-01,Fresh Produce,FRE-01,48,83,265,0
2025-03-14,DS-Utrecht-01,Fresh Produce,FRE-02,94,90,506,1
2025-03-14,DS-Utrecht-01,Fresh Produce,FRE-03,44,46,299,0
2025-03-14,DS-Utrecht-01,Fresh Produce,FRE-04,39,59,212,0
2025-03-14,DS-Utrecht-01,Fresh Produce,FRE-05,78,84,538,1
2025-03-14,DS-Utrecht-01,Fresh Produce,FRE-06,46,60,221,0
2025-03-14,DS-Utrecht-01,Dairy,DAI-01,52,44,172,0
2025-03-14,DS-Utrecht-01,Dairy,DAI-02,69,85,274,1
2025-03-14,DS-Utrecht-01,Dairy,DAI-03,37,39,118,0
2025-03-14,DS-Utrecht-01,Dairy,DAI-04,45,36,186,0
2025-03-14,DS-Utrecht-01,Dairy,DAI-05,36,40,103,0
2025-03-14,DS-Utrecht-01,Dairy,DAI-06,44,42,175,0
2025-03-14,DS-Utrecht-01,Beverages,BEV-01,72,75,266,0
2025-03-14,DS-Utrecht-01,Beverages,BEV-02,75,89,257,0
2025-03-14,DS-Utrecht-01,Beverages,BEV-03,67,70,222,0
2025-03-14,DS-Utrecht-01,Beverages,BEV-04,58,82,189,0
2025-03-14,DS-Utrecht-01,Beverages,BEV-05,68,57,258,0
2025-03-14,DS-Utrecht-01,Beverages,BEV-06,59,54,205,0
2025-03-14,DS-Utrecht-01,Snacks,SNA-01,64,60,97,0
2025-03-14,DS-Utrecht-01,Snacks,SNA-02,60,50,101,0
2025-03-14,DS-Utrecht-01,Snacks,SNA-03,61,48,88,0
2025-03-14,DS-Utrecht-01,Snacks,SNA-04,58,51,103,0
2025-03-14,DS-Utrecht-01,Snacks,SNA-05,53,60,84,0
2025-03-14,DS-Utrecht-01,Snacks,SNA-06,64,60,113,0
2025-03-14,DS-Utrecht-01,Household,HOU-01,34,26,113,0
2025-03-14,DS-Utrecht-01,Household,HOU-02,25,26,98,0
2025-03-14,DS-Utrecht-01,Household,HOU-03,29,37,87,0
2025-03-14,DS-Utrecht-01,Household,HOU-04,26,31,94,0
2025-03-14,DS-Utrecht-01,Household,HOU-05,38,29,125,0
2025-03-14,DS-Utrecht-01,Household,HOU-06,25,28,79,0
2025-03-14,DS-TheHague-01,Fresh Produce,FRE-01,55,68,291,0
2025-03-14,DS-TheHague-01,Fresh Produce,FRE-02,69,63,363,0
2025-03-14,DS-TheHague-01,Fresh Produce,FRE-03,61,72,355,0
2025-03-14,DS-TheHague-01,Fresh Produce,FRE-04,53,71,267,0
2025-03-14,DS-TheHague-01,Fresh Produce,FRE-05,56,63,309,0
2025-03-14,DS-TheHague-01,Fresh Produce,FRE-06,56,68,358,0
2025-03-14,DS-TheHague-01,Dairy,DAI-01,43,51,137,0
2025-03-14,DS-TheHague-01,Dairy,DAI-02,37,42,135,0
2025-03-14,DS-TheHague-01,Dairy,DAI-03,39,50,134,0
2025-03-14,DS-TheHague-01,Dairy,DAI-04,46,45,158,0
2025-03-14,DS-TheHague-01,Dairy,DAI-05,44,42,153,0
2025-03-14,DS-TheHague-01,Dairy,DAI-06,41,41,144,0
2025-03-14,DS-TheHague-01,Beverages,BEV-01,80,81,229,0
2025-03-14,DS-TheHague-01,Beverages,BEV-02,73,81,302,0
2025-03-14,DS-TheHague-01,Beverages,BEV-03,73,82,234,0
2025-03-14,DS-TheHague-01,Beverages,BEV-04,70,76,259,0
2025-03-14,DS-TheHague-01,Beverages,BEV-05,86,82,334,0
2025-03-14,DS-TheHague-01,Beverages,BEV-06,79,78,297,0
2025-03-14,DS-TheHague-01,Snacks,SNA-01,53,53,75,0
2025-03-14,DS-TheHague-01,Snacks,SNA-02,67,48,86,0
2025-03-14,DS-TheHague-01,Snacks,SNA-03,53,63,84,0
2025-03-14,DS-TheHague-01,Snacks,SNA-04,69,48,115,0
2025-03-14,DS-TheHague-01,Snacks,SNA-05,69,53,112,0
2025-03-14,DS-TheHague-01,Snacks,SNA-06,52,59,83,0
2025-03-14,DS-TheHague-01,Household,HOU-01,28,26,96,0
2025-03-14,DS-TheHague-01,Household,HOU-02,31,31,120,0
2025-03-14,DS-TheHague-01,Household,HOU-03,33,31,116,0
2025-03-14,DS-TheHague-01,Household,HOU-04,34,34,115,0
2025-03-14,DS-TheHague-01,Household,HOU-05,39,30,128,0
2025-03-14,DS-TheHague-01,Household,HOU-06,41,29,147,0
2025-03-15,DS-Amsterdam-01,Fresh Produce,FRE-01,76,89,498,0
2025-03-15,DS-Amsterdam-01,Fresh Produce,FRE-02,76,94,504,0
2025-03-15,DS-Amsterdam-01,Fresh Produce,FRE-03,77,92,413,0
2025-03-15,DS-Amsterdam-01,Fresh Produce,FRE-04,74,93,480,0
2025-03-15,DS-Amsterdam-01,Fresh Produce,FRE-05,90,107,514,0
2025-03-15,DS-Amsterdam-01,Fresh Produce,FRE-06,83,93,481,0
2025-03-15,DS-Amsterdam-01,Dairy,DAI-01,57,69,234,0
2025-03-15,DS-Amsterdam-01,Dairy,DAI-02,53,68,155,0
2025-03-15,DS-Amsterdam-01,Dairy,DAI-03,83,63,311,0
2025-03-15,DS-Amsterdam-01,Dairy,DAI-04,75,67,286,0
2025-03-15,DS-Amsterdam-01,Dairy,DAI-05,50,73,167,0
2025-03-15,DS-Amsterdam-01,Dairy,DAI-06,65,49,193,0
2025-03-15,DS-Amsterdam-01,Beverages,BEV-01,101,104,307,0
2025-03-15,DS-Amsterdam-01,Beverages,BEV-02,100,98,415,0
2025-03-15,DS-Amsterdam-01,Beverages,BEV-03,89,99,363,0
2025-03-15,DS-Amsterdam-01,Beverages,BEV-04,121,90,456,0
2025-03-15,DS-Amsterdam-01,Beverages,BEV-05,110,109,353,0
2025-03-15,DS-Amsterdam-01,Beverages,BEV-06,123,107,491,0
2025-03-15,DS-Amsterdam-01,Snacks,SNA-01,98,69,143,0
2025-03-15,DS-Amsterdam-01,Snacks,SNA-02,98,84,164,0
2025-03-15,DS-Amsterdam-01,Snacks,SNA-03,92,92,116,0
2025-03-15,DS-Amsterdam-01,Snacks,SNA-04,81,91,115,0
2025-03-15,DS-Amsterdam-01,Snacks,SNA-05,88,68,113,0
2025-03-15,DS-Amsterdam-01,Snacks,SNA-06,90,94,158,0
2025-03-15,DS-Amsterdam-01,Household,HOU-01,43,42,126,0
2025-03-15,DS-Amsterdam-01,Household,HOU-02,37,42,141,0
2025-03-15,DS-Amsterdam-01,Household,HOU-03,45,46,181,0
2025-03-15,DS-Amsterdam-01,Household,HOU-04,71,73,202,1
2025-03-15,DS-Amsterdam-01,Household,HOU-05,37,41,106,0
2025-03-15,DS-Amsterdam-01,Household,HOU-06,35,41,129,0
2025-03-15,DS-Amsterdam-02,Fresh Produce,FRE-01,54,73,363,0
2025-03-15,DS-Amsterdam-02,Fresh Produce,FRE-02,49,78,329,0
2025-03-15,DS-Amsterdam-02,Fresh Produce,FRE-03,58,87,290,0
2025-03-15,DS-Amsterdam-02,Fresh Produce,FRE-04,65,67,377,0
2025-03-15,DS-Amsterdam-02,Fresh Produce,FRE-05,57,76,410,0
2025-03-15,DS-Amsterdam-02,Fresh Produce,FRE-06,64,49,365,0
2025-03-15,DS-Amsterdam-02,Dairy,DAI-01,39,42,145,0
2025-03-15,DS-Amsterdam-02,Dairy,DAI-02,56,54,227,0
2025-03-15,DS-Amsterdam-02,Dairy,DAI-03,50,51,191,0
2025-03-15,DS-Amsterdam-02,Dairy,DAI-04,34,47,128,0
2025-03-15,DS-Amsterdam-02,Dairy,DAI-05,46,50,184,0
2025-03-15,DS-Amsterdam-02,Dairy,DAI-06,56,35,209,0
2025-03-15,DS-Amsterdam-02,Beverages,BEV-01,78,70,275,0
2025-03-15,DS-Amsterdam-02,Beverages,BEV-02,107,79,341,0
2025-03-15,DS-Amsterdam-02,Beverages,BEV-03,99,66,316,0
2025-03-15,DS-Amsterdam-02,Beverages,BEV-04,70,103,206,0
2025-03-15,DS-Amsterdam-02,Beverages,BEV-05,81,84,309,0
2025-03-15,DS-Amsterdam-02,Beverages,BEV-06,76,77,276,0
2025-03-15,DS-Amsterdam-02,Snacks,SNA-01,71,61,112,0
2025-03-15,DS-Amsterdam-02,Snacks,SNA-02,76,66,99,0
2025-03-15,DS-Amsterdam-02,Snacks,SNA-03,79,71,109,0
2025-03-15,DS-Amsterdam-02,Snacks,SNA-04,67,70,117,0
2025-03-15,DS-Amsterdam-02,Snacks,SNA-05,78,61,132,0
2025-03-15,DS-Amsterdam-02,Snacks,SNA-06,79,68,114,0
2025-03-15,DS-Amsterdam-02,Household,HOU-01,26,37,103,0
2025-03-15,DS-Amsterdam-02,Household,HOU-02,23,41,90,0
2025-03-15,DS-Amsterdam-02,Household,HOU-03,35,30,103,0
2025-03-15,DS-Amsterdam-02,Household,HOU-04,41,24,133,0
2025-03-15,DS-Amsterdam-02,Household,HOU-05,27,35,99,0
2025-03-15,DS-Amsterdam-02,Household,HOU-06,35,40,143,0
2025-03-15,DS-Rotterdam-01,Fresh Produce,FRE-01,75,94,458,0
2025-03-15,DS-Rotterdam-01,Fresh Produce,FRE-02,72,76,400,0
2025-03-15,DS-Rotterdam-01,Fresh Produce,FRE-03,67,86,332,0
2025-03-15,DS-Rotterdam-01,Fresh Produce,FRE-04,82,70,565,0
2025-03-15,DS-Rotterdam-01,Fresh Produce,FRE-05,54,97,362,0
2025-03-15,DS-Rotterdam-01,Fresh Produce,FRE-06,61,66,370,0
2025-03-15,DS-Rotterdam-01,Dairy,DAI-01,68,50,191,0
2025-03-15,DS-Rotterdam-01,Dairy,DAI-02,62,61,203,0
2025-03-15,DS-Rotterdam-01,Dairy,DAI-03,62,61,252,0
2025-03-15,DS-Rotterdam-01,Dairy,DAI-04,69,45,224,0
2025-03-15,DS-Rotterdam-01,Dairy,DAI-05,57,50,177,0
2025-03-15,DS-Rotterdam-01,Dairy,DAI-06,51,61,184,0
2025-03-15,DS-Rotterdam-01,Beverages,BEV-01,97,99,343,0
2025-03-15,DS-Rotterdam-01,Beverages,BEV-02,85,79,309,0
2025-03-15,DS-Rotterdam-01,Beverages,BEV-03,103,121,306,0
2025-03-15,DS-Rotterdam-01,Beverages,BEV-04,97,75,286,0
2025-03-15,DS-Rotterdam-01,Beverages,BEV-05,188,166,739,1
2025-03-15,DS-Rotterdam-01,Beverages,BEV-06,94,91,393,0
2025-03-15,DS-Rotterdam-01,Snacks,SNA-01,81,86,106,0
2025-03-15,DS-Rotterdam-01,Snacks,SNA-02,81,54,143,0
2025-03-15,DS-Rotterdam-01,Snacks,SNA-03,80,84,131,0
2025-03-15,DS-Rotterdam-01,Snacks,SNA-04,86,71,114,0
2025-03-15,DS-Rotterdam-01,Snacks,SNA-05,85,67,149,0
2025-03-15,DS-Rotterdam-01,Snacks,SNA-06,90,66,133,0
2025-03-15,DS-Rotterdam-01,Household,HOU-01,48,34,151,0
2025-03-15,DS-Rotterdam-01,Household,HOU-02,30,34,111,0
2025-03-15,DS-Rotterdam-01,Household,HOU-03,38,42,120,0
2025-03-15,DS-Rotterdam-01,Household,HOU-04,41,39,157,0
2025-03-15,DS-Rotterdam-01,Household,HOU-05,46,33,141,0
2025-03-15,DS-Rotterdam-01,Household,HOU-06,35,40,100,0
2025-03-15,DS-Utrecht-01,Fresh Produce,FRE-01,87,102,569,0
2025-03-15,DS-Utrecht-01,Fresh Produce,FRE-02,90,108,508,0
2025-03-15,DS-Utrecht-01,Fresh Produce,FRE-03,73,92,485,0
2025-03-15,DS-Utrecht-01,Fresh Produce,FRE-04,85,65,534,0
2025-03-15,DS-Utrecht-01,Fresh Produce,FRE-05,71,93,378,0
2025-03-15,DS-Utrecht-01,Fresh Produce,FRE-06,80,124,489,0
2025-03-15,DS-Utrecht-01,Dairy,DAI-01,74,55,308,0
2025-03-15,DS-Utrecht-01,Dairy,DAI-02,64,58,211,0
2025-03-15,DS-Utrecht-01,Dairy,DAI-03,68,71,209,0
2025-03-15,DS-Utrecht-01,Dairy,DAI-04,65,62,234,0
2025-03-15,DS-Utrecht-01,Dairy,DAI-05,68,56,265,0
2025-03-15,DS-Utrecht-01,Dairy,DAI-06,111,124,425,1
2025-03-15,DS-Utrecht-01,Beverages,BEV-01,122,108,382,0
2025-03-15,DS-Utrecht-01,Beverages,BEV-02,115,109,349,0
2025-03-15,DS-Utrecht-01,Beverages,BEV-03,114,115,426,0
2025-03-15,DS-Utrecht-01,Beverages,BEV-04,120,102,402,0
2025-03-15,DS-Utrecht-01,Beverages,BEV-05,121,110,468,0
2025-03-15,DS-Utrecht-01,Beverages,BEV-06,116,123,436,0
2025-03-15,DS-Utrecht-01,Snacks,SNA-01,94,87,112,0
2025-03-15,DS-Utrecht-01,Snacks,SNA-02,91,98,145,0
2025-03-15,DS-Utrecht-01,Snacks,SNA-03,107,79,133,0
2025-03-15,DS-Utrecht-01,Snacks,SNA-04,108,82,131,0
2025-03-15,DS-Utrecht-01,Snacks,SNA-05,99,65,118,0
2025-03-15,DS-Utrecht-01,Snacks,SNA-06,75,79,130,0
2025-03-15,DS-Utrecht-01,Household,HOU-01,55,47,176,0
2025-03-15,DS-Utrecht-01,Household,HOU-02,50,44,169,0
2025-03-15,DS-Utrecht-01,Household,HOU-03,55,39,222,0
2025-03-15,DS-Utrecht-01,Household,HOU-04,42,36,138,0
2025-03-15,DS-Utrecht-01,Household,HOU-05,58,49,179,0
2025-03-15,DS-Utrecht-01,Household,HOU-06,50,49,162,0
2025-03-15,DS-TheHague-01,Fresh Produce,FRE-01,95,94,678,0
2025-03-15,DS-TheHague-01,Fresh Produce,FRE-02,68,96,346,0
2025-03-15,DS-TheHague-01,Fresh Produce,FRE-03,98,92,619,0
2025-03-15,DS-TheHague-01,Fresh Produce,FRE-04,70,89,379,0
2025-03-15,DS-TheHague-01,Fresh Produce,FRE-05,68,103,424,0
2025-03-15,DS-TheHague-01,Fresh Produce,FRE-06,76,121,446,0
2025-03-15,DS-TheHague-01,Dairy,DAI-01,63,75,223,0
2025-03-15,DS-TheHague-01,Dairy,DAI-02,55,50,162,0
2025-03-15,DS-TheHague-01,Dairy,DAI-03,72,63,285,0
2025-03-15,DS-TheHague-01,Dairy,DAI-04,71,70,281,0
2025-03-15,DS-TheHague-01,Dairy,DAI-05,78,62,265,0
2025-03-15,DS-TheHague-01,Dairy,DAI-06,60,73,201,0
2025-03-15,DS-TheHague-01,Beverages,BEV-01,92,117,381,0
2025-03-15,DS-TheHague-01,Beverages,BEV-02,120,103,473,0
2025-03-15,DS-TheHague-01,Beverages,BEV-03,104,116,313,0
2025-03-15,DS-TheHague-01,Beverages,BEV-04,120,134,409,0
2025-03-15,DS-TheHague-01,Beverages,BEV-05,104,120,348,0
2025-03-15,DS-TheHague-01,Beverages,BEV-06,103,91,303,0
2025-03-15,DS-TheHague-01,Snacks,SNA-01,90,92,115,0
2025-03-15,DS-TheHague-01,Snacks,SNA-02,83,97,149,0
2025-03-15,DS-TheHague-01,Snacks,SNA-03,102,73,124,0
2025-03-15,DS-TheHague-01,Snacks,SNA-04,102,67,168,0
2025-03-15,DS-TheHague-01,Snacks,SNA-05,86,95,110,0
2025-03-15,DS-TheHague-01,Snacks,SNA-06,108,92,141,0
2025-03-15,DS-TheHague-01,Household,HOU-01,39,39,113,0
2025-03-15,DS-TheHague-01,Household,HOU-02,96,71,395,1
2025-03-15,DS-TheHague-01,Household,HOU-03,56,47,180,0
2025-03-15,DS-TheHague-01,Household,HOU-04,40,41,147,0
2025-03-15,DS-TheHague-01,Household,HOU-05,47,38,164,0
2025-03-15,DS-TheHague-01,Household,HOU-06,48,54,162,0
2025-03-16,DS-Amsterdam-01,Fresh Produce,FRE-01,59,65,379,0
2025-03-16,DS-Amsterdam-01,Fresh Produce,FRE-02,111,109,668,1
2025-03-16,DS-Amsterdam-01,Fresh Produce,FRE-03,52,74,302,0
2025-03-16,DS-Amsterdam-01,Fresh Produce,FRE-04,44,64,240,0
2025-03-16,DS-Amsterdam-01,Fresh Produce,FRE-05,54,61,318,0
2025-03-16,DS-Amsterdam-01,Fresh Produce,FRE-06,63,69,400,0
2025-03-16,DS-Amsterdam-01,Dairy,DAI-01,44,45,133,0
2025-03-16,DS-Amsterdam-01,Dairy,DAI-02,47,49,161,0
2025-03-16,DS-Amsterdam-01,Dairy,DAI-03,51,36,182,0
2025-03-16,DS-Amsterdam-01,Dairy,DAI-04,78,92,252,1
2025-03-16,DS-Amsterdam-01,Dairy,DAI-05,39,49,143,0
2025-03-16,DS-Amsterdam-01,Dairy,DAI-06,41,43,137,0
2025-03-16,DS-Amsterdam-01,Beverages,BEV-01,67,88,244,0
2025-03-16,DS-Amsterdam-01,Beverages,BEV-02,92,69,377,0
2025-03-16,DS-Amsterdam-01,Beverages,BEV-03,73,78,217,0
2025-03-16,DS-Amsterdam-01,Beverages,BEV-04,78,76,250,0
2025-03-16,DS-Amsterdam-01,Beverages,BEV-05,144,158,470,1
2025-03-16,DS-Amsterdam-01,Beverages,BEV-06,62,77,214,0
2025-03-16,DS-Amsterdam-01,Snacks,SNA-01,60,61,106,0
2025-03-16,DS-Amsterdam-01,Snacks,SNA-02,56,57,77,0
2025-03-16,DS-Amsterdam-01,Snacks,SNA-03,64,56,99,0
2025-03-16,DS-Amsterdam-01,Snacks,SNA-04,73,51,120,0
2025-03-16,DS-Amsterdam-01,Snacks,SNA-05,55,59,70,0
2025-03-16,DS-Amsterdam-01,Snacks,SNA-06,72,46,122,0
2025-03-16,DS-Amsterdam-01,Household,HOU-01,49,52,167,1
2025-03-16,DS-Amsterdam-01,Household,HOU-02,38,31,112,0
2025-03-16,DS-Amsterdam-01,Household,HOU-03,32,33,133,0
2025-03-16,DS-Amsterdam-01,Household,HOU-04,32,31,93,0
2025-03-16,DS-Amsterdam-01,Household,HOU-05,33,28,138,0
2025-03-16,DS-Amsterdam-01,Household,HOU-06,31,30,121,0
2025-03-16,DS-Amsterdam-02,Fresh Produce,FRE-01,82,88,471,0
2025-03-16,DS-Amsterdam-02,Fresh Produce,FRE-02,97,95,640,0
2025-03-16,DS-Amsterdam-02,Fresh Produce,FRE-03,88,109,570,0
2025-03-16,DS-Amsterdam-02,Fresh Produce,FRE-04,83,126,519,0
2025-03-16,DS-Amsterdam-02,Fresh Produce,FRE-05,79,81,560,0
2025-03-16,DS-Amsterdam-02,Fresh Produce,FRE-06,85,74,518,0
2025-03-16,DS-Amsterdam-02,Dairy,DAI-01,61,72,194,0
2025-03-16,DS-Amsterdam-02,Dairy,DAI-02,75,59,281,0
2025-03-16,DS-Amsterdam-02,Dairy,DAI-03,70,62,251,0
2025-03-16,DS-Amsterdam-02,Dairy,DAI-04,54,62,177,0
2025-03-16,DS-Amsterdam-02,Dairy,DAI-05,67,64,263,0
2025-03-16,DS-Amsterdam-02,Dairy,DAI-06,49,41,147,0
2025-03-16,DS-Amsterdam-02,Beverages,BEV-01,111,119,345,0
2025-03-16,DS-Amsterdam-02,Beverages,BEV-02,116,127,354,0
2025-03-16,DS-Amsterdam-02,Beverages,BEV-03,111,105,379,0
2025-03-16,DS-Amsterdam-02,Beverages,BEV-04,128,102,374,0
2025-03-16,DS-Amsterdam-02,Beverages,BEV-05,189,206,660,1
2025-03-16,DS-Amsterdam-02,Beverages,BEV-06,118,101,447,0
2025-03-16,DS-Amsterdam-02,Snacks,SNA-01,100,86,172,0
2025-03-16,DS-Amsterdam-02,Snacks,SNA-02,120,88,189,0
2025-03-16,DS-Amsterdam-02,Snacks,SNA-03,117,83,168,0
2025-03-16,DS-Amsterdam-02,Snacks,SNA-04,102,70,145,0
2025-03-16,DS-Amsterdam-02,Snacks,SNA-05,89,97,157,0
2025-03-16,DS-Amsterdam-02,Snacks,SNA-06,107,76,154,0
2025-03-16,DS-Amsterdam-02,Household,HOU-01,47,33,174,0
2025-03-16,DS-Amsterdam-02,Household,HOU-02,50,38,164,0
2025-03-16,DS-Amsterdam-02,Household,HOU-03,38,50,151,0
2025-03-16,DS-Amsterdam-02,Household,HOU-04,50,37,206,0
2025-03-16,DS-Amsterdam-02,Household,HOU-05,49,39,146,0
2025-03-16,DS-Amsterdam-02,Household,HOU-06,73,70,224,1
2025-03-16,DS-Rotterdam-01,Fresh Produce,FRE-01,71,90,469,0
2025-03-16,DS-Rotterdam-01,Fresh Produce,FRE-02,64,74,394,0
2025-03-16,DS-Rotterdam-01,Fresh Produce,FRE-03,62,85,445,0
2025-03-16,DS-Rotterdam-01,Fresh Produce,FRE-04,68,72,452,0
2025-03-16,DS-Rotterdam-01,Fresh Produce,FRE-05,65,76,437,0
2025-03-16,DS-Rotterdam-01,Fresh Produce,FRE-06,106,160,603,1
2025-03-16,DS-Rotterdam-01,Dairy,DAI-01,58,50,201,0
2025-03-16,DS-Rotterdam-01,Dairy,DAI-02,57,36,202,0
2025-03-16,DS-Rotterdam-01,Dairy,DAI-03,56,58,217,0
2025-03-16,DS-Rotterdam-01,Dairy,DAI-04,52,53,157,0
2025-03-16,DS-Rotterdam-01,Dairy,DAI-05,48,55,137,0
2025-03-16,DS-Rotterdam-01,Dairy,DAI-06,51,51,200,0
2025-03-16,DS-Rotterdam-01,Beverages,BEV-01,79,88,258,0
2025-03-16,DS-Rotterdam-01,Beverages,BEV-02,103,108,405,0
2025-03-16,DS-Rotterdam-01,Beverages,BEV-03,81,102,256,0
2025-03-16,DS-Rotterdam-01,Beverages,BEV-04,86,67,276,0
2025-03-16,DS-Rotterdam-01,Beverages,BEV-05,85,92,356,0
2025-03-16,DS-Rotterdam-01,Beverages,BEV-06,118,102,468,0
2025-03-16,DS-Rotterdam-01,Snacks,SNA-01,80,69,133,0
2025-03-16,DS-Rotterdam-01,Snacks,SNA-02,85,68,124,0
2025-03-16,DS-Rotterdam-01,Snacks,SNA-03,71,64,109,0
2025-03-16,DS-Rotterdam-01,Snacks,SNA-04,73,74,103,0
2025-03-16,DS-Rotterdam-01,Snacks,SNA-05,99,53,160,0
2025-03-16,DS-Rotterdam-01,Snacks,SNA-06,73,63,99,0
2025-03-16,DS-Rotterdam-01,Household,HOU-01,30,32,114,0
2025-03-16,DS-Rotterdam-01,Household,HOU-02,43,33,129,0
2025-03-16,DS-Rotterdam-01,Household,HOU-03,36,36,113,0
2025-03-16,DS-Rotterdam-01,Household,HOU-04,39,38,159,0
2025-03-16,DS-Rotterdam-01,Household,HOU-05,48,35,170,0
2025-03-16,DS-Rotterdam-01,Household,HOU-06,70,69,291,1
2025-03-16,DS-Utrecht-01,Fresh Produce,FRE-01,51,81,358,0
2025-03-16,DS-Utrecht-01,Fresh Produce,FRE-02,60,66,298,0
2025-03-16,DS-Utrecht-01,Fresh Produce,FRE-03,62,67,395,0
2025-03-16,DS-Utrecht-01,Fresh Produce,FRE-04,75,76,457,0
2025-03-16,DS-Utrecht-01,Fresh Produce,FRE-05,112,132,562,1
2025-03-16,DS-Utrecht-01,Fresh Produce,FRE-06,46,85,243,0
2025-03-16,DS-Utrecht-01,Dairy,DAI-01,36,51,109,0
2025-03-16,DS-Utrecht-01,Dairy,DAI-02,53,50,207,0
2025-03-16,DS-Utrecht-01,Dairy,DAI-03,48,44,139,0
2025-03-16,DS-Utrecht-01,Dairy,DAI-04,80,98,244,1
2025-03-16,DS-Utrecht-01,Dairy,DAI-05,40,50,130,0
2025-03-16,DS-Utrecht-01,Dairy,DAI-06,55,40,177,0
2025-03-16,DS-Utrecht-01,Beverages,BEV-01,72,85,227,0
2025-03-16,DS-Utrecht-01,Beverages,BEV-02,86,89,349,0
2025-03-16,DS-Utrecht-01,Beverages,BEV-03,81,75,275,0
2025-03-16,DS-Utrecht-01,Beverages,BEV-04,63,73,234,0
2025-03-16,DS-Utrecht-01,Beverages,BEV-05,84,72,285,0
2025-03-16,DS-Utrecht-01,Beverages,BEV-06,73,80,297,0
2025-03-16,DS-Utrecht-01,Snacks,SNA-01,68,63,98,0
2025-03-16,DS-Utrecht-01,Snacks,SNA-02,66,62,111,0
2025-03-16,DS-Utrecht-01,Snacks,SNA-03,71,62,89,0
2025-03-16,DS-Utrecht-01,Snacks,SNA-04,68,59,84,0
2025-03-16,DS-Utrecht-01,Snacks,SNA-05,72,65,129,0
2025-03-16,DS-Utrecht-01,Snacks,SNA-06,108,97,188,1
2025-03-16,DS-Utrecht-01,Household,HOU-01,37,31,131,0
2025-03-16,DS-Utrecht-01,Household,HOU-02,36,26,121,0
2025-03-16,DS-Utrecht-01,Household,HOU-03,32,35,114,0
2025-03-16,DS-Utrecht-01,Household,HOU-04,30,32,100,0
2025-03-16,DS-Utrecht-01,Household,HOU-05,28,39,111,0
2025-03-16,DS-Utrecht-01,Household,HOU-06,60,46,180,1
2025-03-16,DS-TheHague-01,Fresh Produce,FRE-01,94,111,475,0
2025-03-16,DS-TheHague-01,Fresh Produce,FRE-02,87,107,579,0
2025-03-16,DS-TheHague-01,Fresh Produce,FRE-03,90,86,493,0
2025-03-16,DS-TheHague-01,Fresh Produce,FRE-04,82,95,513,0
2025-03-16,DS-TheHague-01,Fresh Produce,FRE-05,73,97,470,0
2025-03-16,DS-TheHague-01,Fresh Produce,FRE-06,71,113,383,0
2025-03-16,DS-TheHague-01,Dairy,DAI-01,76,70,296,0
2025-03-16,DS-TheHague-01,Dairy,DAI-02,70,68,239,0
2025-03-16,DS-TheHague-01,Dairy,DAI-03,47,63,160,0
2025-03-16,DS-TheHague-01,Dairy,DAI-04,62,69,222,0
2025-03-16,DS-TheHague-01,Dairy,DAI-05,75,61,308,0
2025-03-16,DS-TheHague-01,Dairy,DAI-06,61,60,189,0
2025-03-16,DS-TheHague-01,Beverages,BEV-01,94,96,278,0
2025-03-16,DS-TheHague-01,Beverages,BEV-02,114,89,332,0
2025-03-16,DS-TheHague-01,Beverages,BEV-03,109,93,446,0
2025-03-16,DS-TheHague-01,Beverages,BEV-04,131,100,458,0
2025-03-16,DS-TheHague-01,Beverages,BEV-05,118,120,345,0
2025-03-16,DS-TheHague-01,Beverages,BEV-06,116,127,367,0
2025-03-16,DS-TheHague-01,Snacks,SNA-01,89,87,155,0
2025-03-16,DS-TheHague-01,Snacks,SNA-02,105,79,132,0
2025-03-16,DS-TheHague-01,Snacks,SNA-03,96,73,155,0
2025-03-16,DS-TheHague-01,Snacks,SNA-04,97,91,119,0
2025-03-16,DS-TheHague-01,Snacks,SNA-05,81,71,113,0
2025-03-16,DS-TheHague-01,Snacks,SNA-06,82,87,98,0
2025-03-16,DS-TheHague-01,Household,HOU-01,46,40,160,0
2025-03-16,DS-TheHague-01,Household,HOU-02,84,82,323,1
2025-03-16,DS-TheHague-01,Household,HOU-03,49,48,172,0
2025-03-16,DS-TheHague-01,Household,HOU-04,43,49,174,0
2025-03-16,DS-TheHague-01,Household,HOU-05,52,48,198,0
2025-03-16,DS-TheHague-01,Household,HOU-06,48,43,189,0
2025-03-17,DS-Amsterdam-01,Fresh Produce,FRE-01,58,62,303,0
2025-03-17,DS-Amsterdam-01,Fresh Produce,FRE-02,45,77,268,0
2025-03-17,DS-Amsterdam-01,Fresh Produce,FRE-03,71,66,407,0
2025-03-17,DS-Amsterdam-01,Fresh Produce,FRE-04,61,52,378,0
2025-03-17,DS-Amsterdam-01,Fresh Produce,FRE-05,51,56,252,0
2025-03-17,DS-Amsterdam-01,Fresh Produce,FRE-06,100,110,594,1
2025-03-17,DS-Amsterdam-01,Dairy,DAI-01,45,51,139,0
2025-03-17,DS-Amsterdam-01,Dairy,DAI-02,33,39,108,0
2025-03-17,DS-Amsterdam-01,Dairy,DAI-03,34,32,140,0
2025-03-17,DS-Amsterdam-01,Dairy,DAI-04,48,42,150,0
2025-03-17,DS-Amsterdam-01,Dairy,DAI-05,44,41,145,0
2025-03-17,DS-Amsterdam-01,Dairy,DAI-06,47,40,177,0
2025-03-17,DS-Amsterdam-01,Beverages,BEV-01,74,87,292,0
2025-03-17,DS-Amsterdam-01,Beverages,BEV-02,71,82,223,0
2025-03-17,DS-Amsterdam-01,Beverages,BEV-03,98,77,343,0
2025-03-17,DS-Amsterdam-01,Beverages,BEV-04,77,75,270,0
2025-03-17,DS-Amsterdam-01,Beverages,BEV-05,85,79,282,0
2025-03-17,DS-Amsterdam-01,Beverages,BEV-06,88,58,361,0
2025-03-17,DS-Amsterdam-01,Snacks,SNA-01,58,51,78,0
2025-03-17,DS-Amsterdam-01,Snacks,SNA-02,57,64,87,0
2025-03-17,DS-Amsterdam-01,Snacks,SNA-03,72,54,92,0
2025-03-17,DS-Amsterdam-01,Snacks,SNA-04,69,48,84,0
2025-03-17,DS-Amsterdam-01,Snacks,SNA-05,60,61,89,0
2025-03-17,DS-Amsterdam-01,Snacks,SNA-06,68,55,82,0
2025-03-17,DS-Amsterdam-01,Household,HOU-01,37,25,125,0
2025-03-17,DS-Amsterdam-01,Household,HOU-02,29,34,101,0
2025-03-17,DS-Amsterdam-01,Household,HOU-03,33,31,117,0
2025-03-17,DS-Amsterdam-01,Household,HOU-04,24,30,82,0
2025-03-17,DS-Amsterdam-01,Household,HOU-05,33,25,114,0
2025-03-17,DS-Amsterdam-01,Household,HOU-06,26,33,80,0
2025-03-17,DS-Amsterdam-02,Fresh Produce,FRE-01,59,80,419,0
2025-03-17,DS-Amsterdam-02,Fresh Produce,FRE-02,91,63,482,0
2025-03-17,DS-Amsterdam-02,Fresh Produce,FRE-03,66,52,396,0
2025-03-17,DS-Amsterdam-02,Fresh Produce,FRE-04,50,78,355,0
2025-03-17,DS-Amsterdam-02,Fresh Produce,FRE-05,51,59,281,0
2025-03-17,DS-Amsterdam-02,Fresh Produce,FRE-06,68,70,464,0
2025-03-17,DS-Amsterdam-02,Dairy,DAI-01,60,61,182,0
2025-03-17,DS-Amsterdam-02,Dairy,DAI-02,38,44,133,0
2025-03-17,DS-Amsterdam-02,Dairy,DAI-03,48,50,179,0
2025-03-17,DS-Amsterdam-02,Dairy,DAI-04,44,50,177,0
2025-03-17,DS-Amsterdam-02,Dairy,DAI-05,41,47,118,0
2025-03-17,DS-Amsterdam-02,Dairy,DAI-06,41,53,115,0
2025-03-17,DS-Amsterdam-02,Beverages,BEV-01,89,96,300,0
2025-03-17,DS-Amsterdam-02,Beverages,BEV-02,90,87,257,0
2025-03-17,DS-Amsterdam-02,Beverages,BEV-03,89,95,296,0
2025-03-17,DS-Amsterdam-02,Beverages,BEV-04,85,89,253,0
2025-03-17,DS-Amsterdam-02,Beverages,BEV-05,97,101,284,0
2025-03-17,DS-Amsterdam-02,Beverages,BEV-06,75,95,239,0
2025-03-17,DS-Amsterdam-02,Snacks,SNA-01,73,58,115,0
2025-03-17,DS-Amsterdam-02,Snacks,SNA-02,71,69,89,0
2025-03-17,DS-Amsterdam-02,Snacks,SNA-03,77,50,125,0
2025-03-17,DS-Amsterdam-02,Snacks,SNA-04,133,139,168,1
2025-03-17,DS-Amsterdam-02,Snacks,SNA-05,84,54,120,0
2025-03-17,DS-Amsterdam-02,Snacks,SNA-06,75,64,94,0
2025-03-17,DS-Amsterdam-02,Household,HOU-01,39,43,128,0
2025-03-17,DS-Amsterdam-02,Household,HOU-02,41,40,128,0
2025-03-17,DS-Amsterdam-02,Household,HOU-03,31,28,104,0
2025-03-17,DS-Amsterdam-02,Household,HOU-04,25,36,86,0
2025-03-17,DS-Amsterdam-02,Household,HOU-05,29,33,82,0
2025-03-17,DS-Amsterdam-02,Household,HOU-06,24,35,73,0
2025-03-17,DS-Rotterdam-01,Fresh Produce,FRE-01,72,60,364,0
2025-03-17,DS-Rotterdam-01,Fresh Produce,FRE-02,46,50,264,0
2025-03-17,DS-Rotterdam-01,Fresh Produce,FRE-03,47,58,279,0
2025-03-17,DS-Rotterdam-01,Fresh Produce,FRE-04,43,78,302,0
2025-03-17,DS-Rotterdam-01,Fresh Produce,FRE-05,49,64,324,0
2025-03-17,DS-Rotterdam-01,Fresh Produce,FRE-06,53,50,279,0
2025-03-17,DS-Rotterdam-01,Dairy,DAI-01,46,31,153,0
2025-03-17,DS-Rotterdam-01,Dairy,DAI-02,32,48,114,0
2025-03-17,DS-Rotterdam-01,Dairy,DAI-03,36,41,140,0
2025-03-17,DS-Rotterdam-01,Dairy,DAI-04,73,68,292,1
2025-03-17,DS-Rotterdam-01,Dairy,DAI-05,50,42,202,0
2025-03-17,DS-Rotterdam-01,Dairy,DAI-06,42,46,119,0
2025-03-17,DS-Rotterdam-01,Beverages,BEV-01,68,65,234,0
2025-03-17,DS-Rotterdam-01,Beverages,BEV-02,84,98,347,0
2025-03-17,DS-Rotterdam-01,Beverages,BEV-03,145,133,525,1
2025-03-17,DS-Rotterdam-01,Beverages,BEV-04,73,86,227,0
2025-03-17,DS-Rotterdam-01,Beverages,BEV-05,129,138,477,1
2025-03-17,DS-Rotterdam-01,Beverages,BEV-06,81,71,261,0
2025-03-17,DS-Rotterdam-01,Snacks,SNA-01,111,77,153,1
2025-03-17,DS-Rotterdam-01,Snacks,SNA-02,115,112,206,1
2025-03-17,DS-Rotterdam-01,Snacks,SNA-03,69,54,104,0
2025-03-17,DS-Rotterdam-01,Snacks,SNA-04,108,82,168,1
2025-03-17,DS-Rotterdam-01,Snacks,SNA-05,76,63,103,0
2025-03-17,DS-Rotterdam-01,Snacks,SNA-06,66,53,118,0
2025-03-17,DS-Rotterdam-01,Household,HOU-01,20,29,78,0
2025-03-17,DS-Rotterdam-01,Household,HOU-02,25,29,81,0
2025-03-17,DS-Rotterdam-01,Household,HOU-03,24,33,100,0
2025-03-17,DS-Rotterdam-01,Household,HOU-04,23,31,76,0
2025-03-17,DS-Rotterdam-01,Household,HOU-05,31,24,88,0
2025-03-17,DS-Rotterdam-01,Household,HOU-06,25,33,96,0
2025-03-17,DS-Utrecht-01,Fresh Produce,FRE-01,64,76,310,0
2025-03-17,DS-Utrecht-01,Fresh Produce,FRE-02,52,62,302,0
2025-03-17,DS-Utrecht-01,Fresh Produce,FRE-03,79,80,524,0
2025-03-17,DS-Utrecht-01,Fresh Produce,FRE-04,72,70,384,0
2025-03-17,DS-Utrecht-01,Fresh Produce,FRE-05,51,79,344,0
2025-03-17,DS-Utrecht-01,Fresh Produce,FRE-06,53,67,374,0
2025-03-17,DS-Utrecht-01,Dairy,DAI-01,50,52,179,0
2025-03-17,DS-Utrecht-01,Dairy,DAI-02,42,37,121,0
2025-03-17,DS-Utrecht-01,Dairy,DAI-03,45,53,138,0
2025-03-17,DS-Utrecht-01,Dairy,DAI-04,45,49,183,0
2025-03-17,DS-Utrecht-01,Dairy,DAI-05,58,53,175,0
2025-03-17,DS-Utrecht-01,Dairy,DAI-06,42,48,173,0
2025-03-17,DS-Utrecht-01,Beverages,BEV-01,92,78,280,0
2025-03-17,DS-Utrecht-01,Beverages,BEV-02,94,86,390,0
2025-03-17,DS-Utrecht-01,Beverages,BEV-03,95,77,353,0
2025-03-17,DS-Utrecht-01,Beverages,BEV-04,83,77,317,0
2025-03-17,DS-Utrecht-01,Beverages,BEV-05,92,104,310,0
2025-03-17,DS-Utrecht-01,Beverages,BEV-06,103,74,417,0
2025-03-17,DS-Utrecht-01,Snacks,SNA-01,75,68,114,0
2025-03-17,DS-Utrecht-01,Snacks,SNA-02,76,67,115,0
2025-03-17,DS-Utrecht-01,Snacks,SNA-03,69,47,91,0
2025-03-17,DS-Utrecht-01,Snacks,SNA-04,64,69,97,0
2025-03-17,DS-Utrecht-01,Snacks,SNA-05,75,66,111,0
2025-03-17,DS-Utrecht-01,Snacks,SNA-06,76,55,109,0
2025-03-17,DS-Utrecht-01,Household,HOU-01,40,36,159,0
2025-03-17,DS-Utrecht-01,Household,HOU-02,35,23,134,0
2025-03-17,DS-Utrecht-01,Household,HOU-03,31,36,92,0
2025-03-17,DS-Utrecht-01,Household,HOU-04,33,37,96,0
2025-03-17,DS-Utrecht-01,Household,HOU-05,34,34,128,0
2025-03-17,DS-Utrecht-01,Household,HOU-06,30,43,102,0
2025-03-17,DS-TheHague-01,Fresh Produce,FRE-01,37,44,209,0
2025-03-17,DS-TheHague-01,Fresh Produce,FRE-02,43,46,245,0
2025-03-17,DS-TheHague-01,Fresh Produce,FRE-03,45,58,292,0
2025-03-17,DS-TheHague-01,Fresh Produce,FRE-04,56,49,328,0
2025-03-17,DS-TheHague-01,Fresh Produce,FRE-05,53,52,347,0
2025-03-17,DS-TheHague-01,Fresh Produce,FRE-06,44,60,251,0
2025-03-17,DS-TheHague-01,Dairy,DAI-01,62,69,245,1
2025-03-17,DS-TheHague-01,Dairy,DAI-02,34,39,110,0
2025-03-17,DS-TheHague-01,Dairy,DAI-03,36,29,120,0
2025-03-17,DS-TheHague-01,Dairy,DAI-04,30,30,105,0
2025-03-17,DS-TheHague-01,Dairy,DAI-05,35,33,132,0
2025-03-17,DS-TheHague-01,Dairy,DAI-06,27,30,103,0
2025-03-17,DS-TheHague-01,Beverages,BEV-01,108,90,366,1
2025-03-17,DS-TheHague-01,Beverages,BEV-02,76,58,272,0
2025-03-17,DS-TheHague-01,Beverages,BEV-03,65,58,248,0
2025-03-17,DS-TheHague-01,Beverages,BEV-04,53,54,159,0
2025-03-17,DS-TheHague-01,Beverages,BEV-05,105,113,423,1
2025-03-17,DS-TheHague-01,Beverages,BEV-06,72,71,204,0
2025-03-17,DS-TheHague-01,Snacks,SNA-01,90,72,111,1
2025-03-17,DS-TheHague-01,Snacks,SNA-02,56,44,92,0
2025-03-17,DS-TheHague-01,Snacks,SNA-03,55,41,77,0
2025-03-17,DS-TheHague-01,Snacks,SNA-04,42,57,69,0
2025-03-17,DS-TheHague-01,Snacks,SNA-05,50,46,70,0
2025-03-17,DS-TheHague-01,Snacks,SNA-06,51,35,76,0
2025-03-17,DS-TheHague-01,Household,HOU-01,18,22,52,0
2025-03-17,DS-TheHague-01,Household,HOU-02,34,24,95,0
2025-03-17,DS-TheHague-01,Household,HOU-03,21,25,82,0
2025-03-17,DS-TheHague-01,Household,HOU-04,22,24,61,0
2025-03-17,DS-TheHague-01,Household,HOU-05,21,19,73,0
2025-03-17,DS-TheHague-01,Household,HOU-06,25,25,88,0
2025-03-18,DS-Amsterdam-01,Fresh Produce,FRE-01,61,66,356,0
2025-03-18,DS-Amsterdam-01,Fresh Produce,FRE-02,63,56,342,0
2025-03-18,DS-Amsterdam-01,Fresh Produce,FRE-03,59,62,374,0
2025-03-18,DS-Amsterdam-01,Fresh Produce,FRE-04,48,75,258,0
2025-03-18,DS-Amsterdam-01,Fresh Produce,FRE-05,58,70,284,0
2025-03-18,DS-Amsterdam-01,Fresh Produce,FRE-06,70,65,441,0
2025-03-18,DS-Amsterdam-01,Dairy,DAI-01,74,73,286,1
2025-03-18,DS-Amsterdam-01,Dairy,DAI-02,46,48,177,0
2025-03-18,DS-Amsterdam-01,Dairy,DAI-03,53,40,205,0
2025-03-18,DS-Amsterdam-01,Dairy,DAI-04,30,43,96,0
2025-03-18,DS-Amsterdam-01,Dairy,DAI-05,60,47,187,0
2025-03-18,DS-Amsterdam-01,Dairy,DAI-06,53,48,194,0
2025-03-18,DS-Amsterdam-01,Beverages,BEV-01,95,87,388,0
2025-03-18,DS-Amsterdam-01,Beverages,BEV-02,82,79,294,0
2025-03-18,DS-Amsterdam-01,Beverages,BEV-03,73,78,244,0
2025-03-18,DS-Amsterdam-01,Beverages,BEV-04,153,162,578,1
2025-03-18,DS-Amsterdam-01,Beverages,BEV-05,89,87,258,0
2025-03-18,DS-Amsterdam-01,Beverages,BEV-06,68,85,198,0
2025-03-18,DS-Amsterdam-01,Snacks,SNA-01,72,45,101,0
2025-03-18,DS-Amsterdam-01,Snacks,SNA-02,80,59,109,0
2025-03-18,DS-Amsterdam-01,Snacks,SNA-03,69,57,100,0
2025-03-18,DS-Amsterdam-01,Snacks,SNA-04,67,44,95,0
2025-03-18,DS-Amsterdam-01,Snacks,SNA-05,69,61,112,0
2025-03-18,DS-Amsterdam-01,Snacks,SNA-06,80,59,100,0
2025-03-18,DS-Amsterdam-01,Household,HOU-01,39,33,139,0
2025-03-18,DS-Amsterdam-01,Household,HOU-02,28,42,87,0
2025-03-18,DS-Amsterdam-01,Household,HOU-03,38,29,133,0
2025-03-18,DS-Amsterdam-01,Household,HOU-04,33,25,138,0
2025-03-18,DS-Amsterdam-01,Household,HOU-05,43,39,126,0
2025-03-18,DS-Amsterdam-01,Household,HOU-06,36,38,142,0
2025-03-18,DS-Amsterdam-02,Fresh Produce,FRE-01,55,100,381,0
2025-03-18,DS-Amsterdam-02,Fresh Produce,FRE-02,65,76,460,0
2025-03-18,DS-Amsterdam-02,Fresh Produce,FRE-03,68,84,355,0
2025-03-18,DS-Amsterdam-02,Fresh Produce,FRE-04,112,149,760,1
2025-03-18,DS-Amsterdam-02,Fresh Produce,FRE-05,61,65,323,0
2025-03-18,DS-Amsterdam-02,Fresh Produce,FRE-06,77,77,545,0
2025-03-18,DS-Amsterdam-02,Dairy,DAI-01,58,49,231,0
2025-03-18,DS-Amsterdam-02,Dairy,DAI-02,93,101,289,1
2025-03-18,DS-Amsterdam-02,Dairy,DAI-03,83,88,291,1
2025-03-18,DS-Amsterdam-02,Dairy,DAI-04,55,54,193,0
2025-03-18,DS-Amsterdam-02,Dairy,DAI-05,44,53,127,0
2025-03-18,DS-Amsterdam-02,Dairy,DAI-06,50,45,186,0
2025-03-18,DS-Amsterdam-02,Beverages,BEV-01,81,91,228,0
2025-03-18,DS-Amsterdam-02,Beverages,BEV-02,94,98,335,0
2025-03-18,DS-Amsterdam-02,Beverages,BEV-03,101,96,383,0
2025-03-18,DS-Amsterdam-02,Beverages,BEV-04,79,94,281,0
2025-03-18,DS-Amsterdam-02,Beverages,BEV-05,82,104,298,0
2025-03-18,DS-Amsterdam-02,Beverages,BEV-06,81,99,320,0
2025-03-18,DS-Amsterdam-02,Snacks,SNA-01,79,60,111,0
2025-03-18,DS-Amsterdam-02,Snacks,SNA-02,82,64,105,0
2025-03-18,DS-Amsterdam-02,Snacks,SNA-03,61,60,106,0
2025-03-18,DS-Amsterdam-02,Snacks,SNA-04,91,48,130,0
2025-03-18,DS-Amsterdam-02,Snacks,SNA-05,84,58,114,0
2025-03-18,DS-Amsterdam-02,Snacks,SNA-06,92,76,148,0
2025-03-18,DS-Amsterdam-02,Household,HOU-01,55,73,165,1
2025-03-18,DS-Amsterdam-02,Household,HOU-02,35,41,116,0
2025-03-18,DS-Amsterdam-02,Household,HOU-03,32,33,115,0
2025-03-18,DS-Amsterdam-02,Household,HOU-04,30,39,91,0
2025-03-18,DS-Amsterdam-02,Household,HOU-05,37,37,111,0
2025-03-18,DS-Amsterdam-02,Household,HOU-06,33,41,110,0
2025-03-18,DS-Rotterdam-01,Fresh Produce,FRE-01,58,74,331,0
2025-03-18,DS-Rotterdam-01,Fresh Produce,FRE-02,68,77,356,0
2025-03-18,DS-Rotterdam-01,Fresh Produce,FRE-03,59,77,349,0
2025-03-18,DS-Rotterdam-01,Fresh Produce,FRE-04,59,77,399,0
2025-03-18,DS-Rotterdam-01,Fresh Produce,FRE-05,71,85,451,0
2025-03-18,DS-Rotterdam-01,Fresh Produce,FRE-06,74,66,522,0
2025-03-18,DS-Rotterdam-01,Dairy,DAI-01,58,58,181,0
2025-03-18,DS-Rotterdam-01,Dairy,DAI-02,55,54,158,0
2025-03-18,DS-Rotterdam-01,Dairy,DAI-03,64,51,230,0
2025-03-18,DS-Rotterdam-01,Dairy,DAI-04,60,52,211,0
2025-03-18,DS-Rotterdam-01,Dairy,DAI-05,53,60,178,0
2025-03-18,DS-Rotterdam-01,Dairy,DAI-06,42,45,139,0
2025-03-18,DS-Rotterdam-01,Beverages,BEV-01,91,75,256,0
2025-03-18,DS-Rotterdam-01,Beverages,BEV-02,104,87,368,0
2025-03-18,DS-Rotterdam-01,Beverages,BEV-03,84,110,301,0
2025-03-18,DS-Rotterdam-01,Beverages,BEV-04,160,156,667,1
2025-03-18,DS-Rotterdam-01,Beverages,BEV-05,75,75,303,0
2025-03-18,DS-Rotterdam-01,Beverages,BEV-06,95,96,323,0
2025-03-18,DS-Rotterdam-01,Snacks,SNA-01,69,63,92,0
2025-03-18,DS-Rotterdam-01,Snacks,SNA-02,83,64,139,0
2025-03-18,DS-Rotterdam-01,Snacks,SNA-03,69,71,88,0
2025-03-18,DS-Rotterdam-01,Snacks,SNA-04,79,63,104,0
2025-03-18,DS-Rotterdam-01,Snacks,SNA-05,64,66,98,0
2025-03-18,DS-Rotterdam-01,Snacks,SNA-06,141,124,223,1
2025-03-18,DS-Rotterdam-01,Household,HOU-01,72,62,278,1
2025-03-18,DS-Rotterdam-01,Household,HOU-02,28,32,99,0
2025-03-18,DS-Rotterdam-01,Household,HOU-03,36,34,119,0
2025-03-18,DS-Rotterdam-01,Household,HOU-04,32,38,122,0
2025-03-18,DS-Rotterdam-01,Household,HOU-05,38,41,113,0
2025-03-18,DS-Rotterdam-01,Household,HOU-06,38,34,145,0
2025-03-18,DS-Utrecht-01,Fresh Produce,FRE-01,40,56,286,0
2025-03-18,DS-Utrecht-01,Fresh Produce,FRE-02,68,62,446,0
2025-03-18,DS-Utrecht-01,Fresh Produce,FRE-03,43,53,292,0
2025-03-18,DS-Utrecht-01,Fresh Produce,FRE-04,53,56,267,0
2025-03-18,DS-Utrecht-01,Fresh Produce,FRE-05,51,59,272,0
2025-03-18,DS-Utrecht-01,Fresh Produce,FRE-06,44,57,226,0
2025-03-18,DS-Utrecht-01,Dairy,DAI-01,50,35,167,0
2025-03-18,DS-Utrecht-01,Dairy,DAI-02,32,37,93,0
2025-03-18,DS-Utrecht-01,Dairy,DAI-03,41,39,159,0
2025-03-18,DS-Utrecht-01,Dairy,DAI-04,38,43,148,0
2025-03-18,DS-Utrecht-01,Dairy,DAI-05,52,44,208,0
2025-03-18,DS-Utrecht-01,Dairy,DAI-06,51,37,154,0
2025-03-18,DS-Utrecht-01,Beverages,BEV-01,73,59,290,0
2025-03-18,DS-Utrecht-01,Beverages,BEV-02,72,81,276,0
2025-03-18,DS-Utrecht-01,Beverages,BEV-03,74,84,225,0
2025-03-18,DS-Utrecht-01,Beverages,BEV-04,106,136,429,1
2025-03-18,DS-Utrecht-01,Beverages,BEV-05,67,50,259,0
2025-03-18,DS-Utrecht-01,Beverages,BEV-06,67,66,252,0
2025-03-18,DS-Utrecht-01,Snacks,SNA-01,65,48,82,0
2025-03-18,DS-Utrecht-01,Snacks,SNA-02,87,104,128,1
2025-03-18,DS-Utrecht-01,Snacks,SNA-03,119,93,207,1
2025-03-18,DS-Utrecht-01,Snacks,SNA-04,62,56,98,0
2025-03-18,DS-Utrecht-01,Snacks,SNA-05,58,50,74,0
2025-03-18,DS-Utrecht-01,Snacks,SNA-06,51,42,78,0
2025-03-18,DS-Utrecht-01,Household,HOU-01,31,28,115,0
2025-03-18,DS-Utrecht-01,Household,HOU-02,27,22,100,0
2025-03-18,DS-Utrecht-01,Household,HOU-03,53,56,200,1
2025-03-18,DS-Utrecht-01,Household,HOU-04,31,27,123,0
2025-03-18,DS-Utrecht-01,Household,HOU-05,24,36,70,0
2025-03-18,DS-Utrecht-01,Household,HOU-06,56,48,208,1
2025-03-18,DS-TheHague-01,Fresh Produce,FRE-01,74,69,463,0
2025-03-18,DS-TheHague-01,Fresh Produce,FRE-02,59,53,359,0
2025-03-18,DS-TheHague-01,Fresh Produce,FRE-03,119,131,756,1
2025-03-18,DS-TheHague-01,Fresh Produce,FRE-04,58,70,353,0
2025-03-18,DS-TheHague-01,Fresh Produce,FRE-05,63,60,406,0
2025-03-18,DS-TheHague-01,Fresh Produce,FRE-06,65,71,435,0
2025-03-18,DS-TheHague-01,Dairy,DAI-01,60,48,216,0
2025-03-18,DS-TheHague-01,Dairy,DAI-02,42,43,145,0
2025-03-18,DS-TheHague-01,Dairy,DAI-03,35,40,140,0
2025-03-18,DS-TheHague-01,Dairy,DAI-04,50,39,147,0
2025-03-18,DS-TheHague-01,Dairy,DAI-05,107,85,311,1
2025-03-18,DS-TheHague-01,Dairy,DAI-06,46,51,176,0
2025-03-18,DS-TheHague-01,Beverages,BEV-01,72,83,225,0
2025-03-18,DS-TheHague-01,Beverages,BEV-02,96,90,341,0
2025-03-18,DS-TheHague-01,Beverages,BEV-03,87,87,244,0
2025-03-18,DS-TheHague-01,Beverages,BEV-04,83,82,303,0
2025-03-18,DS-TheHague-01,Beverages,BEV-05,73,76,219,0
2025-03-18,DS-TheHague-01,Beverages,BEV-06,89,77,370,0
2025-03-18,DS-TheHague-01,Snacks,SNA-01,66,56,89,0
2025-03-18,DS-TheHague-01,Snacks,SNA-02,68,60,90,0
2025-03-18,DS-TheHague-01,Snacks,SNA-03,70,62,124,0
2025-03-18,DS-TheHague-01,Snacks,SNA-04,119,113,212,1
2025-03-18,DS-TheHague-01,Snacks,SNA-05,62,52,81,0
2025-03-18,DS-TheHague-01,Snacks,SNA-06,74,49,93,0
2025-03-18,DS-TheHague-01,Household,HOU-01,29,32,92,0
2025-03-18,DS-TheHague-01,Household,HOU-02,36,26,103,0
2025-03-18,DS-TheHague-01,Household,HOU-03,31,34,125,0
2025-03-18,DS-TheHague-01,Household,HOU-04,26,27,86,0
2025-03-18,DS-TheHague-01,Household,HOU-05,24,33,86,0
2025-03-18,DS-TheHague-01,Household,HOU-06,36,32,108,0
2025-03-19,DS-Amsterdam-01,Fresh Produce,FRE-01,61,82,410,0
2025-03-19,DS-Amsterdam-01,Fresh Produce,FRE-02,56,72,292,0
2025-03-19,DS-Amsterdam-01,Fresh Produce,FRE-03,53,72,291,0
2025-03-19,DS-Amsterdam-01,Fresh Produce,FRE-04,73,81,508,0
2025-03-19,DS-Amsterdam-01,Fresh Produce,FRE-05,61,70,335,0
2025-03-19,DS-Amsterdam-01,Fresh Produce,FRE-06,51,73,364,0
2025-03-19,DS-Amsterdam-01,Dairy,DAI-01,44,48,140,0
2025-03-19,DS-Amsterdam-01,Dairy,DAI-02,53,42,201,0
2025-03-19,DS-Amsterdam-01,Dairy,DAI-03,50,39,196,0
2025-03-19,DS-Amsterdam-01,Dairy,DAI-04,84,75,323,1
2025-03-19,DS-Amsterdam-01,Dairy,DAI-05,40,52,126,0
2025-03-19,DS-Amsterdam-01,Dairy,DAI-06,45,43,168,0
2025-03-19,DS-Amsterdam-01,Beverages,BEV-01,139,157,556,1
2025-03-19,DS-Amsterdam-01,Beverages,BEV-02,67,61,255,0
2025-03-19,DS-Amsterdam-01,Beverages,BEV-03,88,73,291,0
2025-03-19,DS-Amsterdam-01,Beverages,BEV-04,62,77,203,0
2025-03-19,DS-Amsterdam-01,Beverages,BEV-05,85,86,242,0
2025-03-19,DS-Amsterdam-01,Beverages,BEV-06,74,94,301,0
2025-03-19,DS-Amsterdam-01,Snacks,SNA-01,64,56,80,0
2025-03-19,DS-Amsterdam-01,Snacks,SNA-02,68,66,92,0
2025-03-19,DS-Amsterdam-01,Snacks,SNA-03,63,63,90,0
2025-03-19,DS-Amsterdam-01,Snacks,SNA-04,71,56,87,0
2025-03-19,DS-Amsterdam-01,Snacks,SNA-05,72,62,123,0
2025-03-19,DS-Amsterdam-01,Snacks,SNA-06,78,50,112,0
2025-03-19,DS-Amsterdam-01,Household,HOU-01,34,26,96,0
2025-03-19,DS-Amsterdam-01,Household,HOU-02,32,32,123,0
2025-03-19,DS-Amsterdam-01,Household,HOU-03,28,31,108,0
2025-03-19,DS-Amsterdam-01,Household,HOU-04,23,34,73,0
2025-03-19,DS-Amsterdam-01,Household,HOU-05,34,35,106,0
2025-03-19,DS-Amsterdam-01,Household,HOU-06,31,31,87,0
2025-03-19,DS-Amsterdam-02,Fresh Produce,FRE-01,59,55,393,0
2025-03-19,DS-Amsterdam-02,Fresh Produce,FRE-02,78,131,408,1
2025-03-19,DS-Amsterdam-02,Fresh Produce,FRE-03,50,49,260,0
2025-03-19,DS-Amsterdam-02,Fresh Produce,FRE-04,56,63,349,0
2025-03-19,DS-Amsterdam-02,Fresh Produce,FRE-05,57,37,381,0
2025-03-19,DS-Amsterdam-02,Fresh Produce,FRE-06,46,58,305,0
2025-03-19,DS-Amsterdam-02,Dairy,DAI-01,34,46,123,0
2025-03-19,DS-Amsterdam-02,Dairy,DAI-02,47,38,145,0
2025-03-19,DS-Amsterdam-02,Dairy,DAI-03,58,32,215,0
2025-03-19,DS-Amsterdam-02,Dairy,DAI-04,41,43,155,0
2025-03-19,DS-Amsterdam-02,Dairy,DAI-05,38,40,129,0
2025-03-19,DS-Amsterdam-02,Dairy,DAI-06,45,45,183,0
2025-03-19,DS-Amsterdam-02,Beverages,BEV-01,81,66,287,0
2025-03-19,DS-Amsterdam-02,Beverages,BEV-02,63,60,202,0
2025-03-19,DS-Amsterdam-02,Beverages,BEV-03,79,68,234,0
2025-03-19,DS-Amsterdam-02,Beverages,BEV-04,66,69,205,0
2025-03-19,DS-Amsterdam-02,Beverages,BEV-05,78,69,222,0
2025-03-19,DS-Amsterdam-02,Beverages,BEV-06,106,110,380,1
2025-03-19,DS-Amsterdam-02,Snacks,SNA-01,60,55,77,0
2025-03-19,DS-Amsterdam-02,Snacks,SNA-02,58,49,99,0
2025-03-19,DS-Amsterdam-02,Snacks,SNA-03,62,54,81,0
2025-03-19,DS-Amsterdam-02,Snacks,SNA-04,95,103,166,1
2025-03-19,DS-Amsterdam-02,Snacks,SNA-05,111,98,193,1
2025-03-19,DS-Amsterdam-02,Snacks,SNA-06,69,50,95,0
2025-03-19,DS-Amsterdam-02,Household,HOU-01,25,20,84,0
2025-03-19,DS-Amsterdam-02,Household,HOU-02,60,53,224,1
2025-03-19,DS-Amsterdam-02,Household,HOU-03,53,52,174,1
2025-03-19,DS-Amsterdam-02,Household,HOU-04,21,21,61,0
2025-03-19,DS-Amsterdam-02,Household,HOU-05,22,28,77,0
2025-03-19,DS-Amsterdam-02,Household,HOU-06,23,25,68,0
2025-03-19,DS-Rotterdam-01,Fresh Produce,FRE-01,61,78,371,0
2025-03-19,DS-Rotterdam-01,Fresh Produce,FRE-02,61,79,381,0
2025-03-19,DS-Rotterdam-01,Fresh Produce,FRE-03,51,68,340,0
2025-03-19,DS-Rotterdam-01,Fresh Produce,FRE-04,99,149,508,1
2025-03-19,DS-Rotterdam-01,Fresh Produce,FRE-05,49,78,251,0
2025-03-19,DS-Rotterdam-01,Fresh Produce,FRE-06,70,73,487,0
2025-03-19,DS-Rotterdam-01,Dairy,DAI-01,46,43,179,0
2025-03-19,DS-Rotterdam-01,Dairy,DAI-02,45,62,135,0
2025-03-19,DS-Rotterdam-01,Dairy,DAI-03,65,47,229,0
2025-03-19,DS-Rotterdam-01,Dairy,DAI-04,41,44,156,0
2025-03-19,DS-Rotterdam-01,Dairy,DAI-05,55,48,176,0
2025-03-19,DS-Rotterdam-01,Dairy,DAI-06,41,53,138,0
2025-03-19,DS-Rotterdam-01,Beverages,BEV-01,152,183,525,1
2025-03-19,DS-Rotterdam-01,Beverages,BEV-02,85,79,317,0
2025-03-19,DS-Rotterdam-01,Beverages,BEV-03,89,88,347,0
2025-03-19,DS-Rotterdam-01,Beverages,BEV-04,90,78,375,0
2025-03-19,DS-Rotterdam-01,Beverages,BEV-05,71,85,277,0
2025-03-19,DS-Rotterdam-01,Beverages,BEV-06,75,99,237,0
2025-03-19,DS-Rotterdam-01,Snacks,SNA-01,145,127,174,1
2025-03-19,DS-Rotterdam-01,Snacks,SNA-02,70,54,114,0
2025-03-19,DS-Rotterdam-01,Snacks,SNA-03,75,52,112,0
2025-03-19,DS-Rotterdam-01,Snacks,SNA-04,77,69,106,0
2025-03-19,DS-Rotterdam-01,Snacks,SNA-05,66,51,110,0
2025-03-19,DS-Rotterdam-01,Snacks,SNA-06,85,56,144,0
2025-03-19,DS-Rotterdam-01,Household,HOU-01,35,33,126,0
2025-03-19,DS-Rotterdam-01,Household,HOU-02,28,27,106,0
2025-03-19,DS-Rotterdam-01,Household,HOU-03,42,32,125,0
2025-03-19,DS-Rotterdam-01,Household,HOU-04,31,32,97,0
2025-03-19,DS-Rotterdam-01,Household,HOU-05,63,54,221,1
2025-03-19,DS-Rotterdam-01,Household,HOU-06,36,30,116,0
2025-03-19,DS-Utrecht-01,Fresh Produce,FRE-01,42,82,228,0
2025-03-19,DS-Utrecht-01,Fresh Produce,FRE-02,60,57,334,0
2025-03-19,DS-Utrecht-01,Fresh Produce,FRE-03,48,55,310,0
2025-03-19,DS-Utrecht-01,Fresh Produce,FRE-04,54,61,346,0
2025-03-19,DS-Utrecht-01,Fresh Produce,FRE-05,58,62,347,0
2025-03-19,DS-Utrecht-01,Fresh Produce,FRE-06,62,60,422,0
2025-03-19,DS-Utrecht-01,Dairy,DAI-01,31,40,122,0
2025-03-19,DS-Utrecht-01,Dairy,DAI-02,74,73,302,1
2025-03-19,DS-Utrecht-01,Dairy,DAI-03,28,37,91,0
2025-03-19,DS-Utrecht-01,Dairy,DAI-04,35,42,121,0
2025-03-19,DS-Utrecht-01,Dairy,DAI-05,44,32,130,0
2025-03-19,DS-Utrecht-01,Dairy,DAI-06,40,41,157,0
2025-03-19,DS-Utrecht-01,Beverages,BEV-01,72,67,297,0
2025-03-19,DS-Utrecht-01,Beverages,BEV-02,80,63,299,0
2025-03-19,DS-Utrecht-01,Beverages,BEV-03,62,59,198,0
2025-03-19,DS-Utrecht-01,Beverages,BEV-04,71,84,237,0
2025-03-19,DS-Utrecht-01,Beverages,BEV-05,54,74,166,0
2025-03-19,DS-Utrecht-01,Beverages,BEV-06,94,57,381,0
2025-03-19,DS-Utrecht-01,Snacks,SNA-01,79,43,140,0
2025-03-19,DS-Utrecht-01,Snacks,SNA-02,49,54,87,0
2025-03-19,DS-Utrecht-01,Snacks,SNA-03,54,53,68,0
2025-03-19,DS-Utrecht-01,Snacks,SNA-04,61,36,78,0
2025-03-19,DS-Utrecht-01,Snacks,SNA-05,41,37,57,0
2025-03-19,DS-Utrecht-01,Snacks,SNA-06,50,36,81,0
2025-03-19,DS-Utrecht-01,Household,HOU-01,28,26,100,0
2025-03-19,DS-Utrecht-01,Household,HOU-02,36,30,132,0
2025-03-19,DS-Utrecht-01,Household,HOU-03,23,29,92,0
2025-03-19,DS-Utrecht-01,Household,HOU-04,29,31,107,0
2025-03-19,DS-Utrecht-01,Household,HOU-05,24,20,83,0
2025-03-19,DS-Utrecht-01,Household,HOU-06,29,24,110,0
2025-03-19,DS-TheHague-01,Fresh Produce,FRE-01,109,104,544,1
2025-03-19,DS-TheHague-01,Fresh Produce,FRE-02,52,73,331,0
2025-03-19,DS-TheHague-01,Fresh Produce,FRE-03,55,66,323,0
2025-03-19,DS-TheHague-01,Fresh Produce,FRE-04,51,73,334,0
2025-03-19,DS-TheHague-01,Fresh Produce,FRE-05,44,72,270,0
2025-03-19,DS-TheHague-01,Fresh Produce,FRE-06,53,53,332,0
2025-03-19,DS-TheHague-01,Dairy,DAI-01,36,45,115,0
2025-03-19,DS-TheHague-01,Dairy,DAI-02,40,39,167,0
2025-03-19,DS-TheHague-01,Dairy,DAI-03,67,81,247,1
2025-03-19,DS-TheHague-01,Dairy,DAI-04,41,49,140,0
2025-03-19,DS-TheHague-01,Dairy,DAI-05,36,45,127,0
2025-03-19,DS-TheHague-01,Dairy,DAI-06,35,38,112,0
2025-03-19,DS-TheHague-01,Beverages,BEV-01,130,162,375,1
2025-03-19,DS-TheHague-01,Beverages,BEV-02,55,61,192,0
2025-03-19,DS-TheHague-01,Beverages,BEV-03,69,89,231,0
2025-03-19,DS-TheHague-01,Beverages,BEV-04,58,70,190,0
2025-03-19,DS-TheHague-01,Beverages,BEV-05,63,86,207,0
2025-03-19,DS-TheHague-01,Beverages,BEV-06,80,76,237,0
2025-03-19,DS-TheHague-01,Snacks,SNA-01,100,94,142,1
2025-03-19,DS-TheHague-01,Snacks,SNA-02,66,42,83,0
2025-03-19,DS-TheHague-01,Snacks,SNA-03,105,108,131,1
2025-03-19,DS-TheHague-01,Snacks,SNA-04,59,50,103,0
2025-03-19,DS-TheHague-01,Snacks,SNA-05,53,65,90,0
2025-03-19,DS-TheHague-01,Snacks,SNA-06,130,114,193,1
2025-03-19,DS-TheHague-01,Household,HOU-01,29,28,90,0
2025-03-19,DS-TheHague-01,Household,HOU-02,30,33,93,0
2025-03-19,DS-TheHague-01,Household,HOU-03,28,32,116,0
2025-03-19,DS-TheHague-01,Household,HOU-04,34,28,117,0
2025-03-19,DS-TheHague-01,Household,HOU-05,39,27,133,0
2025-03-19,DS-TheHague-01,Household,HOU-06,37,29,147,0
2025-03-20,DS-Amsterdam-01,Fresh Produce,FRE-01,52,64,258,0
2025-03-20,DS-Amsterdam-01,Fresh Produce,FRE-02,46,62,236,0
2025-03-20,DS-Amsterdam-01,Fresh Produce,FRE-03,49,49,343,0
2025-03-20,DS-Amsterdam-01,Fresh Produce,FRE-04,42,59,277,0
2025-03-20,DS-Amsterdam-01,Fresh Produce,FRE-05,47,67,236,0
2025-03-20,DS-Amsterdam-01,Fresh Produce,FRE-06,45,51,267,0
2025-03-20,DS-Amsterdam-01,Dairy,DAI-01,38,36,156,0
2025-03-20,DS-Amsterdam-01,Dairy,DAI-02,35,35,123,0
2025-03-20,DS-Amsterdam-01,Dairy,DAI-03,35,37,119,0
2025-03-20,DS-Amsterdam-01,Dairy,DAI-04,41,39,167,0
2025-03-20,DS-Amsterdam-01,Dairy,DAI-05,36,43,112,0
2025-03-20,DS-Amsterdam-01,Dairy,DAI-06,30,27,92,0
2025-03-20,DS-Amsterdam-01,Beverages,BEV-01,60,68,185,0
2025-03-20,DS-Amsterdam-01,Beverages,BEV-02,70,60,253,0
2025-03-20,DS-Amsterdam-01,Beverages,BEV-03,58,69,229,0
2025-03-20,DS-Amsterdam-01,Beverages,BEV-04,66,65,276,0
2025-03-20,DS-Amsterdam-01,Beverages,BEV-05,75,63,291,0
2025-03-20,DS-Amsterdam-01,Beverages,BEV-06,65,60,239,0
2025-03-20,DS-Amsterdam-01,Snacks,SNA-01,57,55,90,0
2025-03-20,DS-Amsterdam-01,Snacks,SNA-02,52,43,74,0
2025-03-20,DS-Amsterdam-01,Snacks,SNA-03,60,43,105,0
2025-03-20,DS-Amsterdam-01,Snacks,SNA-04,66,48,86,0
2025-03-20,DS-Amsterdam-01,Snacks,SNA-05,60,45,97,0
2025-03-20,DS-Amsterdam-01,Snacks,SNA-06,65,34,102,0
2025-03-20,DS-Amsterdam-01,Household,HOU-01,27,21,95,0
2025-03-20,DS-Amsterdam-01,Household,HOU-02,20,24,82,0
2025-03-20,DS-Amsterdam-01,Household,HOU-03,22,29,65,0
2025-03-20,DS-Amsterdam-01,Household,HOU-04,25,31,76,0
2025-03-20,DS-Amsterdam-01,Household,HOU-05,32,22,107,0
2025-03-20,DS-Amsterdam-01,Household,HOU-06,26,17,96,0
2025-03-20,DS-Amsterdam-02,Fresh Produce,FRE-01,46,57,284,0
2025-03-20,DS-Amsterdam-02,Fresh Produce,FRE-02,65,65,446,0
2025-03-20,DS-Amsterdam-02,Fresh Produce,FRE-03,43,59,260,0
2025-03-20,DS-Amsterdam-02,Fresh Produce,FRE-04,59,58,374,0
2025-03-20,DS-Amsterdam-02,Fresh Produce,FRE-05,47,60,334,0
2025-03-20,DS-Amsterdam-02,Fresh Produce,FRE-06,57,60,334,0
2025-03-20,DS-Amsterdam-02,Dairy,DAI-01,44,41,133,0
2025-03-20,DS-Amsterdam-02,Dairy,DAI-02,51,45,160,0
2025-03-20,DS-Amsterdam-02,Dairy,DAI-03,53,41,181,0
2025-03-20,DS-Amsterdam-02,Dairy,DAI-04,34,40,131,0
2025-03-20,DS-Amsterdam-02,Dairy,DAI-05,48,37,198,0
2025-03-20,DS-Amsterdam-02,Dairy,DAI-06,54,52,206,0
2025-03-20,DS-Amsterdam-02,Beverages,BEV-01,72,70,230,0
2025-03-20,DS-Amsterdam-02,Beverages,BEV-02,79,63,326,0
2025-03-20,DS-Amsterdam-02,Beverages,BEV-03,76,75,286,0
2025-03-20,DS-Amsterdam-02,Beverages,BEV-04,75,68,212,0
2025-03-20,DS-Amsterdam-02,Beverages,BEV-05,73,74,257,0
2025-03-20,DS-Amsterdam-02,Beverages,BEV-06,80,53,250,0
2025-03-20,DS-Amsterdam-02,Snacks,SNA-01,68,44,116,0
2025-03-20,DS-Amsterdam-02,Snacks,SNA-02,67,50,96,0
2025-03-20,DS-Amsterdam-02,Snacks,SNA-03,122,94,198,1
2025-03-20,DS-Amsterdam-02,Snacks,SNA-04,58,47,104,0
2025-03-20,DS-Amsterdam-02,Snacks,SNA-05,65,62,108,0
2025-03-20,DS-Amsterdam-02,Snacks,SNA-06,69,56,121,0
2025-03-20,DS-Amsterdam-02,Household,HOU-01,30,25,110,0
2025-03-20,DS-Amsterdam-02,Household,HOU-02,23,28,65,0
2025-03-20,DS-Amsterdam-02,Household,HOU-03,31,31,124,0
2025-03-20,DS-Amsterdam-02,Household,HOU-04,33,27,94,0
2025-03-20,DS-Amsterdam-02,Household,HOU-05,32,25,112,0
2025-03-20,DS-Amsterdam-02,Household,HOU-06,28,25,96,0
2025-03-20,DS-Rotterdam-01,Fresh Produce,FRE-01,57,63,332,0
2025-03-20,DS-Rotterdam-01,Fresh Produce,FRE-02,60,73,325,0
2025-03-20,DS-Rotterdam-01,Fresh Produce,FRE-03,63,79,342,0
2025-03-20,DS-Rotterdam-01,Fresh Produce,FRE-04,81,84,443,0
2025-03-20,DS-Rotterdam-01,Fresh Produce,FRE-05,53,80,372,0
2025-03-20,DS-Rotterdam-01,Fresh Produce,FRE-06,58,63,383,0
2025-03-20,DS-Rotterdam-01,Dairy,DAI-01,48,42,170,0
2025-03-20,DS-Rotterdam-01,Dairy,DAI-02,50,45,203,0
2025-03-20,DS-Rotterdam-01,Dairy,DAI-03,53,55,221,0
2025-03-20,DS-Rotterdam-01,Dairy,DAI-04,41,45,118,0
2025-03-20,DS-Rotterdam-01,Dairy,DAI-05,49,55,167,0
2025-03-20,DS-Rotterdam-01,Dairy,DAI-06,40,57,141,0
2025-03-20,DS-Rotterdam-01,Beverages,BEV-01,78,101,286,0
2025-03-20,DS-Rotterdam-01,Beverages,BEV-02,82,85,267,0
2025-03-20,DS-Rotterdam-01,Beverages,BEV-03,66,101,192,0
2025-03-20,DS-Rotterdam-01,Beverages,BEV-04,77,86,277,0
2025-03-20,DS-Rotterdam-01,Beverages,BEV-05,73,74,270,0
2025-03-20,DS-Rotterdam-01,Beverages,BEV-06,94,85,350,0
2025-03-20,DS-Rotterdam-01,Snacks,SNA-01,62,60,108,0
2025-03-20,DS-Rotterdam-01,Snacks,SNA-02,90,75,152,0
2025-03-20,DS-Rotterdam-01,Snacks,SNA-03,69,69,103,0
2025-03-20,DS-Rotterdam-01,Snacks,SNA-04,88,74,107,0
2025-03-20,DS-Rotterdam-01,Snacks,SNA-05,62,66,83,0
2025-03-20,DS-Rotterdam-01,Snacks,SNA-06,72,78,122,0
2025-03-20,DS-Rotterdam-01,Household,HOU-01,37,36,113,0
2025-03-20,DS-Rotterdam-01,Household,HOU-02,39,36,133,0
2025-03-20,DS-Rotterdam-01,Household,HOU-03,28,35,79,0
2025-03-20,DS-Rotterdam-01,Household,HOU-04,26,46,79,0
2025-03-20,DS-Rotterdam-01,Household,HOU-05,23,37,78,0
2025-03-20,DS-Rotterdam-01,Household,HOU-06,35,38,116,0
2025-03-20,DS-Utrecht-01,Fresh Produce,FRE-01,43,39,253,0
2025-03-20,DS-Utrecht-01,Fresh Produce,FRE-02,69,95,339,1
2025-03-20,DS-Utrecht-01,Fresh Produce,FRE-03,48,59,330,0
2025-03-20,DS-Utrecht-01,Fresh Produce,FRE-04,72,92,504,1
2025-03-20,DS-Utrecht-01,Fresh Produce,FRE-05,49,47,276,0
2025-03-20,DS-Utrecht-01,Fresh Produce,FRE-06,38,39,193,0
2025-03-20,DS-Utrecht-01,Dairy,DAI-01,26,35,105,0
2025-03-20,DS-Utrecht-01,Dairy,DAI-02,26,36,102,0
2025-03-20,DS-Utrecht-01,Dairy,DAI-03,34,36,111,0
2025-03-20,DS-Utrecht-01,Dairy,DAI-04,26,33,108,0
2025-03-20,DS-Utrecht-01,Dairy,DAI-05,23,36,91,0
2025-03-20,DS-Utrecht-01,Dairy,DAI-06,29,33,82,0
2025-03-20,DS-Utrecht-01,Beverages,BEV-01,62,55,200,0
2025-03-20,DS-Utrecht-01,Beverages,BEV-02,55,58,184,0
2025-03-20,DS-Utrecht-01,Beverages,BEV-03,59,56,235,0
2025-03-20,DS-Utrecht-01,Beverages,BEV-04,56,59,199,0
2025-03-20,DS-Utrecht-01,Beverages,BEV-05,77,47,297,0
2025-03-20,DS-Utrecht-01,Beverages,BEV-06,55,59,183,0
2025-03-20,DS-Utrecht-01,Snacks,SNA-01,101,80,135,1
2025-03-20,DS-Utrecht-01,Snacks,SNA-02,55,40,76,0
2025-03-20,DS-Utrecht-01,Snacks,SNA-03,49,37,80,0
2025-03-20,DS-Utrecht-01,Snacks,SNA-04,47,49,74,0
2025-03-20,DS-Utrecht-01,Snacks,SNA-05,62,36,95,0
2025-03-20,DS-Utrecht-01,Snacks,SNA-06,49,49,81,0
2025-03-20,DS-Utrecht-01,Household,HOU-01,49,43,170,1
2025-03-20,DS-Utrecht-01,Household,HOU-02,17,21,64,0
2025-03-20,DS-Utrecht-01,Household,HOU-03,24,24,89,0
2025-03-20,DS-Utrecht-01,Household,HOU-04,27,25,94,0
2025-03-20,DS-Utrecht-01,Household,HOU-05,29,23,107,0
2025-03-20,DS-Utrecht-01,Household,HOU-06,16,21,61,0
2025-03-20,DS-TheHague-01,Fresh Produce,FRE-01,60,72,337,0
2025-03-20,DS-TheHague-01,Fresh Produce,FRE-02,52,61,347,0
2025-03-20,DS-TheHague-01,Fresh Produce,FRE-03,65,68,413,0
2025-03-20,DS-TheHague-01,Fresh Produce,FRE-04,66,76,329,0
2025-03-20,DS-TheHague-01,Fresh Produce,FRE-05,64,72,428,0
2025-03-20,DS-TheHague-01,Fresh Produce,FRE-06,59,67,404,0
2025-03-20,DS-TheHague-01,Dairy,DAI-01,84,71,320,1
2025-03-20,DS-TheHague-01,Dairy,DAI-02,54,60,168,0
2025-03-20,DS-TheHague-01,Dairy,DAI-03,38,48,115,0
2025-03-20,DS-TheHague-01,Dairy,DAI-04,54,45,151,0
2025-03-20,DS-TheHague-01,Dairy,DAI-05,67,54,246,0
2025-03-20,DS-TheHague-01,Dairy,DAI-06,52,54,198,0
2025-03-20,DS-TheHague-01,Beverages,BEV-01,79,76,228,0
2025-03-20,DS-TheHague-01,Beverages,BEV-02,82,84,266,0
2025-03-20,DS-TheHague-01,Beverages,BEV-03,82,71,260,0
2025-03-20,DS-TheHague-01,Beverages,BEV-04,72,72,243,0
2025-03-20,DS-TheHague-01,Beverages,BEV-05,80,72,225,0
2025-03-20,DS-TheHague-01,Beverages,BEV-06,104,88,353,0
2025-03-20,DS-TheHague-01,Snacks,SNA-01,80,67,98,0
2025-03-20,DS-TheHague-01,Snacks,SNA-02,75,55,131,0
2025-03-20,DS-TheHague-01,Snacks,SNA-03,84,80,102,0
2025-03-20,DS-TheHague-01,Snacks,SNA-04,66,66,79,0
2025-03-20,DS-TheHague-01,Snacks,SNA-05,78,65,140,0
2025-03-20,DS-TheHague-01,Snacks,SNA-06,75,65,115,0
2025-03-20,DS-TheHague-01,Household,HOU-01,40,28,148,0
2025-03-20,DS-TheHague-01,Household,HOU-02,32,32,107,0
2025-03-20,DS-TheHague-01,Household,HOU-03,33,28,105,0
2025-03-20,DS-TheHague-01,Household,HOU-04,33,32,98,0
2025-03-20,DS-TheHague-01,Household,HOU-05,32,34,126,0
2025-03-20,DS-TheHague-01,Household,HOU-06,36,25,105,0
2025-03-21,DS-Amsterdam-01,Fresh Produce,FRE-01,49,62,258,0
2025-03-21,DS-Amsterdam-01,Fresh Produce,FRE-02,108,119,558,1
2025-03-21,DS-Amsterdam-01,Fresh Produce,FRE-03,91,103,562,1
2025-03-21,DS-Amsterdam-01,Fresh Produce,FRE-04,58,58,406,0
2025-03-21,DS-Amsterdam-01,Fresh Produce,FRE-05,98,124,544,1
2025-03-21,DS-Amsterdam-01,Fresh Produce,FRE-06,56,62,402,0
2025-03-21,DS-Amsterdam-01,Dairy,DAI-01,41,38,168,0
2025-03-21,DS-Amsterdam-01,Dairy,DAI-02,55,54,197,0
2025-03-21,DS-Amsterdam-01,Dairy,DAI-03,38,37,155,0
2025-03-21,DS-Amsterdam-01,Dairy,DAI-04,33,48,106,0
2025-03-21,DS-Amsterdam-01,Dairy,DAI-05,36,40,108,0
2025-03-21,DS-Amsterdam-01,Dairy,DAI-06,58,47,201,0
2025-03-21,DS-Amsterdam-01,Beverages,BEV-01,71,50,246,0
2025-03-21,DS-Amsterdam-01,Beverages,BEV-02,80,75,328,0
2025-03-21,DS-Amsterdam-01,Beverages,BEV-03,131,138,475,1
2025-03-21,DS-Amsterdam-01,Beverages,BEV-04,84,87,271,0
2025-03-21,DS-Amsterdam-01,Beverages,BEV-05,65,80,235,0
2025-03-21,DS-Amsterdam-01,Beverages,BEV-06,72,80,235,0
2025-03-21,DS-Amsterdam-01,Snacks,SNA-01,104,103,141,1
2025-03-21,DS-Amsterdam-01,Snacks,SNA-02,65,47,85,0
2025-03-21,DS-Amsterdam-01,Snacks,SNA-03,54,54,81,0
2025-03-21,DS-Amsterdam-01,Snacks,SNA-04,51,54,65,0
2025-03-21,DS-Amsterdam-01,Snacks,SNA-05,60,67,78,0
2025-03-21,DS-Amsterdam-01,Snacks,SNA-06,79,64,116,0
2025-03-21,DS-Amsterdam-01,Household,HOU-01,32,36,92,0
2025-03-21,DS-Amsterdam-01,Household,HOU-02,23,30,81,0
2025-03-21,DS-Amsterdam-01,Household,HOU-03,41,32,155,0
2025-03-21,DS-Amsterdam-01,Household,HOU-04,56,55,170,1
2025-03-21,DS-Amsterdam-01,Household,HOU-05,61,52,231,1
2025-03-21,DS-Amsterdam-01,Household,HOU-06,25,33,98,0
2025-03-21,DS-Amsterdam-02,Fresh Produce,FRE-01,39,53,218,0
2025-03-21,DS-Amsterdam-02,Fresh Produce,FRE-02,50,53,305,0
2025-03-21,DS-Amsterdam-02,Fresh Produce,FRE-03,38,49,227,0
2025-03-21,DS-Amsterdam-02,Fresh Produce,FRE-04,43,48,280,0
2025-03-21,DS-Amsterdam-02,Fresh Produce,FRE-05,42,45,280,0
2025-03-21,DS-Amsterdam-02,Fresh Produce,FRE-06,49,51,280,0
2025-03-21,DS-Amsterdam-02,Dairy,DAI-01,42,33,139,0
2025-03-21,DS-Amsterdam-02,Dairy,DAI-02,31,28,111,0
2025-03-21,DS-Amsterdam-02,Dairy,DAI-03,36,33,147,0
2025-03-21,DS-Amsterdam-02,Dairy,DAI-04,32,32,126,0
2025-03-21,DS-Amsterdam-02,Dairy,DAI-05,65,68,226,1
2025-03-21,DS-Amsterdam-02,Dairy,DAI-06,31,37,115,0
2025-03-21,DS-Amsterdam-02,Beverages,BEV-01,120,113,424,1
2025-03-21,DS-Amsterdam-02,Beverages,BEV-02,53,68,171,0
2025-03-21,DS-Amsterdam-02,Beverages,BEV-03,58,61,197,0
2025-03-21,DS-Amsterdam-02,Beverages,BEV-04,57,56,174,0
2025-03-21,DS-Amsterdam-02,Beverages,BEV-05,60,61,242,0
2025-03-21,DS-Amsterdam-02,Beverages,BEV-06,62,65,232,0
2025-03-21,DS-Amsterdam-02,Snacks,SNA-01,47,43,71,0
2025-03-21,DS-Amsterdam-02,Snacks,SNA-02,47,43,83,0
2025-03-21,DS-Amsterdam-02,Snacks,SNA-03,55,43,66,0
2025-03-21,DS-Amsterdam-02,Snacks,SNA-04,56,47,85,0
2025-03-21,DS-Amsterdam-02,Snacks,SNA-05,54,46,77,0
2025-03-21,DS-Amsterdam-02,Snacks,SNA-06,54,45,79,0
2025-03-21,DS-Amsterdam-02,Household,HOU-01,22,24,76,0
2025-03-21,DS-Amsterdam-02,Household,HOU-02,28,21,99,0
2025-03-21,DS-Amsterdam-02,Household,HOU-03,35,22,127,0
2025-03-21,DS-Amsterdam-02,Household,HOU-04,25,23,91,0
2025-03-21,DS-Amsterdam-02,Household,HOU-05,17,26,67,0
2025-03-21,DS-Amsterdam-02,Household,HOU-06,24,26,90,0
2025-03-21,DS-Rotterdam-01,Fresh Produce,FRE-01,51,57,281,0
2025-03-21,DS-Rotterdam-01,Fresh Produce,FRE-02,62,72,298,0
2025-03-21,DS-Rotterdam-01,Fresh Produce,FRE-03,66,76,389,0
2025-03-21,DS-Rotterdam-01,Fresh Produce,FRE-04,63,71,368,0
2025-03-21,DS-Rotterdam-01,Fresh Produce,FRE-05,94,127,505,1
2025-03-21,DS-Rotterdam-01,Fresh Produce,FRE-06,49,70,318,0
2025-03-21,DS-Rotterdam-01,Dairy,DAI-01,49,45,159,0
2025-03-21,DS-Rotterdam-01,Dairy,DAI-02,35,35,134,0
2025-03-21,DS-Rotterdam-01,Dairy,DAI-03,46,44,186,0
2025-03-21,DS-Rotterdam-01,Dairy,DAI-04,55,42,198,0
2025-03-21,DS-Rotterdam-01,Dairy,DAI-05,39,50,130,0
2025-03-21,DS-Rotterdam-01,Dairy,DAI-06,74,73,246,1
2025-03-21,DS-Rotterdam-01,Beverages,BEV-01,90,74,260,0
2025-03-21,DS-Rotterdam-01,Beverages,BEV-02,74,70,291,0
2025-03-21,DS-Rotterdam-01,Beverages,BEV-03,106,73,365,0
2025-03-21,DS-Rotterdam-01,Beverages,BEV-04,77,71,260,0
2025-03-21,DS-Rotterdam-01,Beverages,BEV-05,80,73,321,0
2025-03-21,DS-Rotterdam-01,Beverages,BEV-06,87,88,331,0
2025-03-21,DS-Rotterdam-01,Snacks,SNA-01,70,67,96,0
2025-03-21,DS-Rotterdam-01,Snacks,SNA-02,61,46,80,0
2025-03-21,DS-Rotterdam-01,Snacks,SNA-03,55,61,78,0
2025-03-21,DS-Rotterdam-01,Snacks,SNA-04,52,55,83,0
2025-03-21,DS-Rotterdam-01,Snacks,SNA-05,57,53,93,0
2025-03-21,DS-Rotterdam-01,Snacks,SNA-06,62,59,108,0
2025-03-21,DS-Rotterdam-01,Household,HOU-01,30,27,110,0
2025-03-21,DS-Rotterdam-01,Household,HOU-02,31,28,108,0
2025-03-21,DS-Rotterdam-01,Household,HOU-03,37,28,127,0
2025-03-21,DS-Rotterdam-01,Household,HOU-04,32,31,105,0
2025-03-21,DS-Rotterdam-01,Household,HOU-05,27,32,95,0
2025-03-21,DS-Rotterdam-01,Household,HOU-06,32,26,95,0
2025-03-21,DS-Utrecht-01,Fresh Produce,FRE-01,55,47,392,0
2025-03-21,DS-Utrecht-01,Fresh Produce,FRE-02,49,65,285,0
2025-03-21,DS-Utrecht-01,Fresh Produce,FRE-03,43,46,218,0
2025-03-21,DS-Utrecht-01,Fresh Produce,FRE-04,40,55,266,0
2025-03-21,DS-Utrecht-01,Fresh Produce,FRE-05,54,49,356,0
2025-03-21,DS-Utrecht-01,Fresh Produce,FRE-06,52,49,298,0
2025-03-21,DS-Utrecht-01,Dairy,DAI-01,29,38,96,0
2025-03-21,DS-Utrecht-01,Dairy,DAI-02,61,35,222,1
2025-03-21,DS-Utrecht-01,Dairy,DAI-03,27,32,80,0
2025-03-21,DS-Utrecht-01,Dairy,DAI-04,41,34,132,0
2025-03-21,DS-Utrecht-01,Dairy,DAI-05,42,37,130,0
2025-03-21,DS-Utrecht-01,Dairy,DAI-06,34,37,118,0
2025-03-21,DS-Utrecht-01,Beverages,BEV-01,108,97,377,1
2025-03-21,DS-Utrecht-01,Beverages,BEV-02,62,54,228,0
2025-03-21,DS-Utrecht-01,Beverages,BEV-03,62,62,202,0
2025-03-21,DS-Utrecht-01,Beverages,BEV-04,94,92,354,1
2025-03-21,DS-Utrecht-01,Beverages,BEV-05,58,67,207,0
2025-03-21,DS-Utrecht-01,Beverages,BEV-06,68,62,193,0
2025-03-21,DS-Utrecht-01,Snacks,SNA-01,47,42,57,0
2025-03-21,DS-Utrecht-01,Snacks,SNA-02,43,51,63,0
2025-03-21,DS-Utrecht-01,Snacks,SNA-03,56,44,100,0
2025-03-21,DS-Utrecht-01,Snacks,SNA-04,45,54,67,0
2025-03-21,DS-Utrecht-01,Snacks,SNA-05,37,54,57,0
2025-03-21,DS-Utrecht-01,Snacks,SNA-06,56,45,97,0
2025-03-21,DS-Utrecht-01,Household,HOU-01,31,21,103,0
2025-03-21,DS-Utrecht-01,Household,HOU-02,32,22,128,0
2025-03-21,DS-Utrecht-01,Household,HOU-03,30,28,107,0
2025-03-21,DS-Utrecht-01,Household,HOU-04,19,26,67,0
2025-03-21,DS-Utrecht-01,Household,HOU-05,17,20,54,0
2025-03-21,DS-Utrecht-01,Household,HOU-06,19,27,53,0
2025-03-21,DS-TheHague-01,Fresh Produce,FRE-01,65,71,383,0
2025-03-21,DS-TheHague-01,Fresh Produce,FRE-02,63,80,358,0
2025-03-21,DS-TheHague-01,Fresh Produce,FRE-03,66,70,320,0
2025-03-21,DS-TheHague-01,Fresh Produce,FRE-04,60,80,305,0
2025-03-21,DS-TheHague-01,Fresh Produce,FRE-05,59,84,324,0
2025-03-21,DS-TheHague-01,Fresh Produce,FRE-06,48,64,311,0
2025-03-21,DS-TheHague-01,Dairy,DAI-01,59,50,180,0
2025-03-21,DS-TheHague-01,Dairy,DAI-02,45,49,167,0
2025-03-21,DS-TheHague-01,Dairy,DAI-03,53,32,222,0
2025-03-21,DS-TheHague-01,Dairy,DAI-04,42,42,139,0
2025-03-21,DS-TheHague-01,Dairy,DAI-05,51,46,151,0
2025-03-21,DS-TheHague-01,Dairy,DAI-06,55,38,195,0
2025-03-21,DS-TheHague-01,Beverages,BEV-01,72,77,297,0
2025-03-21,DS-TheHague-01,Beverages,BEV-02,88,75,317,0
2025-03-21,DS-TheHague-01,Beverages,BEV-03,78,71,301,0
2025-03-21,DS-TheHague-01,Beverages,BEV-04,89,68,330,0
2025-03-21,DS-TheHague-01,Beverages,BEV-05,78,92,246,0
2025-03-21,DS-TheHague-01,Beverages,BEV-06,72,95,206,0
2025-03-21,DS-TheHague-01,Snacks,SNA-01,75,49,113,0
2025-03-21,DS-TheHague-01,Snacks,SNA-02,79,58,115,0
2025-03-21,DS-TheHague-01,Snacks,SNA-03,60,66,100,0
2025-03-21,DS-TheHague-01,Snacks,SNA-04,78,52,120,0
2025-03-21,DS-TheHague-01,Snacks,SNA-05,64,60,83,0
2025-03-21,DS-TheHague-01,Snacks,SNA-06,77,65,104,0
2025-03-21,DS-TheHague-01,Household,HOU-01,33,39,111,0
2025-03-21,DS-TheHague-01,Household,HOU-02,35,24,137,0
2025-03-21,DS-TheHague-01,Household,HOU-03,30,34,88,0
2025-03-21,DS-TheHague-01,Household,HOU-04,31,33,89,0
2025-03-21,DS-TheHague-01,Household,HOU-05,41,36,153,0
2025-03-21,DS-TheHague-01,Household,HOU-06,39,32,141,0
2025-03-22,DS-Amsterdam-01,Fresh Produce,FRE-01,100,99,565,0
2025-03-22,DS-Amsterdam-01,Fresh Produce,FRE-02,135,208,723,1
2025-03-22,DS-Amsterdam-01,Fresh Produce,FRE-03,82,113,486,0
2025-03-22,DS-Amsterdam-01,Fresh Produce,FRE-04,83,113,544,0
2025-03-22,DS-Amsterdam-01,Fresh Produce,FRE-05,160,177,1108,1
2025-03-22,DS-Amsterdam-01,Fresh Produce,FRE-06,87,112,549,0
2025-03-22,DS-Amsterdam-01,Dairy,DAI-01,66,58,195,0
2025-03-22,DS-Amsterdam-01,Dairy,DAI-02,116,118,381,1
2025-03-22,DS-Amsterdam-01,Dairy,DAI-03,67,72,226,0
2025-03-22,DS-Amsterdam-01,Dairy,DAI-04,70,64,266,0
2025-03-22,DS-Amsterdam-01,Dairy,DAI-05,83,71,280,0
2025-03-22,DS-Amsterdam-01,Dairy,DAI-06,75,67,288,0
2025-03-22,DS-Amsterdam-01,Beverages,BEV-01,98,78,304,0
2025-03-22,DS-Amsterdam-01,Beverages,BEV-02,207,236,604,1
2025-03-22,DS-Amsterdam-01,Beverages,BEV-03,113,128,319,0
2025-03-22,DS-Amsterdam-01,Beverages,BEV-04,106,135,323,0
2025-03-22,DS-Amsterdam-01,Beverages,BEV-05,110,97,449,0
2025-03-22,DS-Amsterdam-01,Beverages,BEV-06,122,113,380,0
2025-03-22,DS-Amsterdam-01,Snacks,SNA-01,89,82,122,0
2025-03-22,DS-Amsterdam-01,Snacks,SNA-02,96,101,156,0
2025-03-22,DS-Amsterdam-01,Snacks,SNA-03,99,90,140,0
2025-03-22,DS-Amsterdam-01,Snacks,SNA-04,97,97,126,0
2025-03-22,DS-Amsterdam-01,Snacks,SNA-05,203,149,246,1
2025-03-22,DS-Amsterdam-01,Snacks,SNA-06,87,109,126,0
2025-03-22,DS-Amsterdam-01,Household,HOU-01,50,45,170,0
2025-03-22,DS-Amsterdam-01,Household,HOU-02,49,36,150,0
2025-03-22,DS-Amsterdam-01,Household,HOU-03,50,41,148,0
2025-03-22,DS-Amsterdam-01,Household,HOU-04,43,51,179,0
2025-03-22,DS-Amsterdam-01,Household,HOU-05,49,37,204,0
2025-03-22,DS-Amsterdam-01,Household,HOU-06,45,47,174,0
2025-03-22,DS-Amsterdam-02,Fresh Produce,FRE-01,60,64,325,0
2025-03-22,DS-Amsterdam-02,Fresh Produce,FRE-02,92,110,644,1
2025-03-22,DS-Amsterdam-02,Fresh Produce,FRE-03,65,64,383,0
2025-03-22,DS-Amsterdam-02,Fresh Produce,FRE-04,58,85,279,0
2025-03-22,DS-Amsterdam-02,Fresh Produce,FRE-05,65,61,418,0
2025-03-22,DS-Amsterdam-02,Fresh Produce,FRE-06,102,150,507,1
2025-03-22,DS-Amsterdam-02,Dairy,DAI-01,87,102,349,1
2025-03-22,DS-Amsterdam-02,Dairy,DAI-02,46,48,173,0
2025-03-22,DS-Amsterdam-02,Dairy,DAI-03,53,49,183,0
2025-03-22,DS-Amsterdam-02,Dairy,DAI-04,48,45,157,0
2025-03-22,DS-Amsterdam-02,Dairy,DAI-05,36,53,151,0
2025-03-22,DS-Amsterdam-02,Dairy,DAI-06,55,56,171,0
2025-03-22,DS-Amsterdam-02,Beverages,BEV-01,78,85,285,0
2025-03-22,DS-Amsterdam-02,Beverages,BEV-02,91,98,346,0
2025-03-22,DS-Amsterdam-02,Beverages,BEV-03,87,104,286,0
2025-03-22,DS-Amsterdam-02,Beverages,BEV-04,92,100,287,0
2025-03-22,DS-Amsterdam-02,Beverages,BEV-05,77,87,315,0
2025-03-22,DS-Amsterdam-02,Beverages,BEV-06,76,84,291,0
2025-03-22,DS-Amsterdam-02,Snacks,SNA-01,76,71,98,0
2025-03-22,DS-Amsterdam-02,Snacks,SNA-02,62,65,89,0
2025-03-22,DS-Amsterdam-02,Snacks,SNA-03,72,68,102,0
2025-03-22,DS-Amsterdam-02,Snacks,SNA-04,66,60,79,0
2025-03-22,DS-Amsterdam-02,Snacks,SNA-05,77,74,117,0
2025-03-22,DS-Amsterdam-02,Snacks,SNA-06,64,57,88,0
2025-03-22,DS-Amsterdam-02,Household,HOU-01,33,33,110,0
2025-03-22,DS-Amsterdam-02,Household,HOU-02,41,32,151,0
2025-03-22,DS-Amsterdam-02,Household,HOU-03,30,24,110,0
2025-03-22,DS-Amsterdam-02,Household,HOU-04,34,31,109,0
2025-03-22,DS-Amsterdam-02,Household,HOU-05,37,35,137,0
2025-03-22,DS-Amsterdam-02,Household,HOU-06,39,35,126,0
2025-03-22,DS-Rotterdam-01,Fresh Produce,FRE-01,90,106,523,0
2025-03-22,DS-Rotterdam-01,Fresh Produce,FRE-02,82,101,555,0
2025-03-22,DS-Rotterdam-01,Fresh Produce,FRE-03,78,107,522,0
2025-03-22,DS-Rotterdam-01,Fresh Produce,FRE-04,93,96,529,0
2025-03-22,DS-Rotterdam-01,Fresh Produce,FRE-05,97,94,581,0
2025-03-22,DS-Rotterdam-01,Fresh Produce,FRE-06,77,101,550,0
2025-03-22,DS-Rotterdam-01,Dairy,DAI-01,64,65,189,0
2025-03-22,DS-Rotterdam-01,Dairy,DAI-02,73,68,279,0
2025-03-22,DS-Rotterdam-01,Dairy,DAI-03,71,65,250,0
2025-03-22,DS-Rotterdam-01,Dairy,DAI-04,71,70,258,0
2025-03-22,DS-Rotterdam-01,Dairy,DAI-05,60,74,209,0
2025-03-22,DS-Rotterdam-01,Dairy,DAI-06,70,58,290,0
2025-03-22,DS-Rotterdam-01,Beverages,BEV-01,100,97,397,0
2025-03-22,DS-Rotterdam-01,Beverages,BEV-02,113,119,473,0
2025-03-22,DS-Rotterdam-01,Beverages,BEV-03,101,112,296,0
2025-03-22,DS-Rotterdam-01,Beverages,BEV-04,111,103,351,0
2025-03-22,DS-Rotterdam-01,Beverages,BEV-05,106,143,358,0
2025-03-22,DS-Rotterdam-01,Beverages,BEV-06,109,135,408,0
2025-03-22,DS-Rotterdam-01,Snacks,SNA-01,112,92,185,0
2025-03-22,DS-Rotterdam-01,Snacks,SNA-02,105,88,153,0
2025-03-22,DS-Rotterdam-01,Snacks,SNA-03,100,83,158,0
2025-03-22,DS-Rotterdam-01,Snacks,SNA-04,94,77,123,0
2025-03-22,DS-Rotterdam-01,Snacks,SNA-05,103,81,129,0
2025-03-22,DS-Rotterdam-01,Snacks,SNA-06,91,106,163,0
2025-03-22,DS-Rotterdam-01,Household,HOU-01,45,41,155,0
2025-03-22,DS-Rotterdam-01,Household,HOU-02,42,44,143,0
2025-03-22,DS-Rotterdam-01,Household,HOU-03,50,54,182,0
2025-03-22,DS-Rotterdam-01,Household,HOU-04,40,46,153,0
2025-03-22,DS-Rotterdam-01,Household,HOU-05,56,44,166,0
2025-03-22,DS-Rotterdam-01,Household,HOU-06,47,46,166,0
2025-03-22,DS-Utrecht-01,Fresh Produce,FRE-01,72,91,358,0
2025-03-22,DS-Utrecht-01,Fresh Produce,FRE-02,67,97,478,0
2025-03-22,DS-Utrecht-01,Fresh Produce,FRE-03,60,104,394,0
2025-03-22,DS-Utrecht-01,Fresh Produce,FRE-04,78,96,377,0
2025-03-22,DS-Utrecht-01,Fresh Produce,FRE-05,102,93,709,0
2025-03-22,DS-Utrecht-01,Fresh Produce,FRE-06,80,67,402,0
2025-03-22,DS-Utrecht-01,Dairy,DAI-01,60,53,192,0
2025-03-22,DS-Utrecht-01,Dairy,DAI-02,57,51,161,0
2025-03-22,DS-Utrecht-01,Dairy,DAI-03,47,56,189,0
2025-03-22,DS-Utrecht-01,Dairy,DAI-04,61,60,254,0
2025-03-22,DS-Utrecht-01,Dairy,DAI-05,51,66,154,0
2025-03-22,DS-Utrecht-01,Dairy,DAI-06,59,64,233,0
2025-03-22,DS-Utrecht-01,Beverages,BEV-01,107,116,341,0
2025-03-22,DS-Utrecht-01,Beverages,BEV-02,103,85,322,0
2025-03-22,DS-Utrecht-01,Beverages,BEV-03,86,141,306,0
2025-03-22,DS-Utrecht-01,Beverages,BEV-04,110,111,432,0
2025-03-22,DS-Utrecht-01,Beverages,BEV-05,93,118,369,0
2025-03-22,DS-Utrecht-01,Beverages,BEV-06,115,111,392,0
2025-03-22,DS-Utrecht-01,Snacks,SNA-01,83,72,124,0
2025-03-22,DS-Utrecht-01,Snacks,SNA-02,76,84,108,0
2025-03-22,DS-Utrecht-01,Snacks,SNA-03,79,66,132,0
2025-03-22,DS-Utrecht-01,Snacks,SNA-04,106,71,138,0
2025-03-22,DS-Utrecht-01,Snacks,SNA-05,93,87,152,0
2025-03-22,DS-Utrecht-01,Snacks,SNA-06,71,89,103,0
2025-03-22,DS-Utrecht-01,Household,HOU-01,44,36,140,0
2025-03-22,DS-Utrecht-01,Household,HOU-02,36,48,131,0
2025-03-22,DS-Utrecht-01,Household,HOU-03,38,41,113,0
2025-03-22,DS-Utrecht-01,Household,HOU-04,37,42,139,0
2025-03-22,DS-Utrecht-01,Household,HOU-05,26,38,90,0
2025-03-22,DS-Utrecht-01,Household,HOU-06,37,35,109,0
2025-03-22,DS-TheHague-01,Fresh Produce,FRE-01,64,91,322,0
2025-03-22,DS-TheHague-01,Fresh Produce,FRE-02,89,92,513,0
2025-03-22,DS-TheHague-01,Fresh Produce,FRE-03,130,158,856,1
2025-03-22,DS-TheHague-01,Fresh Produce,FRE-04,67,76,387,0
2025-03-22,DS-TheHague-01,Fresh Produce,FRE-05,71,82,348,0
2025-03-22,DS-TheHague-01,Fresh Produce,FRE-06,65,95,452,0
2025-03-22,DS-TheHague-01,Dairy,DAI-01,61,64,235,0
2025-03-22,DS-TheHague-01,Dairy,DAI-02,61,59,202,0
2025-03-22,DS-TheHague-01,Dairy,DAI-03,66,67,231,0
2025-03-22,DS-TheHague-01,Dairy,DAI-04,60,76,240,0
2025-03-22,DS-TheHague-01,Dairy,DAI-05,53,47,169,0
2025-03-22,DS-TheHague-01,Dairy,DAI-06,63,61,236,0
2025-03-22,DS-TheHague-01,Beverages,BEV-01,105,77,333,0
2025-03-22,DS-TheHague-01,Beverages,BEV-02,105,123,343,0
2025-03-22,DS-TheHague-01,Beverages,BEV-03,100,82,306,0
2025-03-22,DS-TheHague-01,Beverages,BEV-04,95,111,324,0
2025-03-22,DS-TheHague-01,Beverages,BEV-05,110,113,317,0
2025-03-22,DS-TheHague-01,Beverages,BEV-06,118,101,480,0
2025-03-22,DS-TheHague-01,Snacks,SNA-01,109,74,133,0
2025-03-22,DS-TheHague-01,Snacks,SNA-02,94,81,160,0
2025-03-22,DS-TheHague-01,Snacks,SNA-03,78,90,124,0
2025-03-22,DS-TheHague-01,Snacks,SNA-04,97,67,126,0
2025-03-22,DS-TheHague-01,Snacks,SNA-05,104,65,169,0
2025-03-22,DS-TheHague-01,Snacks,SNA-06,166,125,200,1
2025-03-22,DS-TheHague-01,Household,HOU-01,58,37,201,0
2025-03-22,DS-TheHague-01,Household,HOU-02,50,37,201,0
2025-03-22,DS-TheHague-01,Household,HOU-03,42,46,166,0
2025-03-22,DS-TheHague-01,Household,HOU-04,46,41,131,0
2025-03-22,DS-TheHague-01,Household,HOU-05,42,46,129,0
2025-03-22,DS-TheHague-01,Household,HOU-06,46,40,165,0
2025-03-23,DS-Amsterdam-01,Fresh Produce,FRE-01,136,196,785,1
2025-03-23,DS-Amsterdam-01,Fresh Produce,FRE-02,75,98,500,0
2025-03-23,DS-Amsterdam-01,Fresh Produce,FRE-03,165,176,1017,1
2025-03-23,DS-Amsterdam-01,Fresh Produce,FRE-04,83,104,462,0
2025-03-23,DS-Amsterdam-01,Fresh Produce,FRE-05,162,172,950,1
2025-03-23,DS-Amsterdam-01,Fresh Produce,FRE-06,80,110,390,0
2025-03-23,DS-Amsterdam-01,Dairy,DAI-01,68,62,192,0
2025-03-23,DS-Amsterdam-01,Dairy,DAI-02,66,71,277,0
2025-03-23,DS-Amsterdam-01,Dairy,DAI-03,63,56,256,0
2025-03-23,DS-Amsterdam-01,Dairy,DAI-04,72,69,221,0
2025-03-23,DS-Amsterdam-01,Dairy,DAI-05,56,66,174,0
2025-03-23,DS-Amsterdam-01,Dairy,DAI-06,51,75,146,0
2025-03-23,DS-Amsterdam-01,Beverages,BEV-01,223,196,737,1
2025-03-23,DS-Amsterdam-01,Beverages,BEV-02,125,133,483,0
2025-03-23,DS-Amsterdam-01,Beverages,BEV-03,112,112,338,0
2025-03-23,DS-Amsterdam-01,Beverages,BEV-04,95,138,388,0
2025-03-23,DS-Amsterdam-01,Beverages,BEV-05,105,129,411,0
2025-03-23,DS-Amsterdam-01,Beverages,BEV-06,118,127,363,0
2025-03-23,DS-Amsterdam-01,Snacks,SNA-01,167,125,209,1
2025-03-23,DS-Amsterdam-01,Snacks,SNA-02,110,105,180,0
2025-03-23,DS-Amsterdam-01,Snacks,SNA-03,109,76,160,0
2025-03-23,DS-Amsterdam-01,Snacks,SNA-04,105,76,181,0
2025-03-23,DS-Amsterdam-01,Snacks,SNA-05,102,92,145,0
2025-03-23,DS-Amsterdam-01,Snacks,SNA-06,97,93,149,0
2025-03-23,DS-Amsterdam-01,Household,HOU-01,71,97,205,1
2025-03-23,DS-Amsterdam-01,Household,HOU-02,45,48,140,0
2025-03-23,DS-Amsterdam-01,Household,HOU-03,49,48,151,0
2025-03-23,DS-Amsterdam-01,Household,HOU-04,53,49,187,0
2025-03-23,DS-Amsterdam-01,Household,HOU-05,50,50,159,0
2025-03-23,DS-Amsterdam-01,Household,HOU-06,74,72,273,1
2025-03-23,DS-Amsterdam-02,Fresh Produce,FRE-01,72,83,390,0
2025-03-23,DS-Amsterdam-02,Fresh Produce,FRE-02,87,69,550,0
2025-03-23,DS-Amsterdam-02,Fresh Produce,FRE-03,70,90,344,0
2025-03-23,DS-Amsterdam-02,Fresh Produce,FRE-04,77,73,483,0
2025-03-23,DS-Amsterdam-02,Fresh Produce,FRE-05,90,68,510,0
2025-03-23,DS-Amsterdam-02,Fresh Produce,FRE-06,52,82,257,0
2025-03-23,DS-Amsterdam-02,Dairy,DAI-01,61,58,234,0
2025-03-23,DS-Amsterdam-02,Dairy,DAI-02,48,47,176,0
2025-03-23,DS-Amsterdam-02,Dairy,DAI-03,76,101,235,1
2025-03-23,DS-Amsterdam-02,Dairy,DAI-04,57,52,187,0
2025-03-23,DS-Amsterdam-02,Dairy,DAI-05,61,74,189,0
2025-03-23,DS-Amsterdam-02,Dairy,DAI-06,61,52,206,0
2025-03-23,DS-Amsterdam-02,Beverages,BEV-01,92,102,362,0
2025-03-23,DS-Amsterdam-02,Beverages,BEV-02,107,85,372,0
2025-03-23,DS-Amsterdam-02,Beverages,BEV-03,109,119,449,0
2025-03-23,DS-Amsterdam-02,Beverages,BEV-04,89,113,295,0
2025-03-23,DS-Amsterdam-02,Beverages,BEV-05,106,117,370,0
2025-03-23,DS-Amsterdam-02,Beverages,BEV-06,100,84,306,0
2025-03-23,DS-Amsterdam-02,Snacks,SNA-01,95,93,133,0
2025-03-23,DS-Amsterdam-02,Snacks,SNA-02,91,98,143,0
2025-03-23,DS-Amsterdam-02,Snacks,SNA-03,73,78,114,0
2025-03-23,DS-Amsterdam-02,Snacks,SNA-04,101,60,171,0
2025-03-23,DS-Amsterdam-02,Snacks,SNA-05,77,69,113,0
2025-03-23,DS-Amsterdam-02,Snacks,SNA-06,91,86,122,0
2025-03-23,DS-Amsterdam-02,Household,HOU-01,39,37,139,0
2025-03-23,DS-Amsterdam-02,Household,HOU-02,41,37,170,0
2025-03-23,DS-Amsterdam-02,Household,HOU-03,57,38,190,0
2025-03-23,DS-Amsterdam-02,Household,HOU-04,42,52,150,0
2025-03-23,DS-Amsterdam-02,Household,HOU-05,41,47,123,0
2025-03-23,DS-Amsterdam-02,Household,HOU-06,43,41,173,0
2025-03-23,DS-Rotterdam-01,Fresh Produce,FRE-01,65,83,328,0
2025-03-23,DS-Rotterdam-01,Fresh Produce,FRE-02,69,59,414,0
2025-03-23,DS-Rotterdam-01,Fresh Produce,FRE-03,50,70,339,0
2025-03-23,DS-Rotterdam-01,Fresh Produce,FRE-04,51,77,290,0
2025-03-23,DS-Rotterdam-01,Fresh Produce,FRE-05,56,77,276,0
2025-03-23,DS-Rotterdam-01,Fresh Produce,FRE-06,57,69,308,0
2025-03-23,DS-Rotterdam-01,Dairy,DAI-01,43,46,147,0
2025-03-23,DS-Rotterdam-01,Dairy,DAI-02,40,38,121,0
2025-03-23,DS-Rotterdam-01,Dairy,DAI-03,35,41,116,0
2025-03-23,DS-Rotterdam-01,Dairy,DAI-04,46,57,171,0
2025-03-23,DS-Rotterdam-01,Dairy,DAI-05,36,43,146,0
2025-03-23,DS-Rotterdam-01,Dairy,DAI-06,38,54,112,0
2025-03-23,DS-Rotterdam-01,Beverages,BEV-01,79,76,292,0
2025-03-23,DS-Rotterdam-01,Beverages,BEV-02,75,74,254,0
2025-03-23,DS-Rotterdam-01,Beverages,BEV-03,67,72,188,0
2025-03-23,DS-Rotterdam-01,Beverages,BEV-04,143,125,591,1
2025-03-23,DS-Rotterdam-01,Beverages,BEV-05,88,72,284,0
2025-03-23,DS-Rotterdam-01,Beverages,BEV-06,79,87,280,0
2025-03-23,DS-Rotterdam-01,Snacks,SNA-01,80,53,108,0
2025-03-23,DS-Rotterdam-01,Snacks,SNA-02,69,41,93,0
2025-03-23,DS-Rotterdam-01,Snacks,SNA-03,84,56,139,0
2025-03-23,DS-Rotterdam-01,Snacks,SNA-04,65,66,79,0
2025-03-23,DS-Rotterdam-01,Snacks,SNA-05,57,69,75,0
2025-03-23,DS-Rotterdam-01,Snacks,SNA-06,74,44,106,0
2025-03-23,DS-Rotterdam-01,Household,HOU-01,30,31,106,0
2025-03-23,DS-Rotterdam-01,Household,HOU-02,40,32,166,0
2025-03-23,DS-Rotterdam-01,Household,HOU-03,42,28,165,0
2025-03-23,DS-Rotterdam-01,Household,HOU-04,27,36,92,0
2025-03-23,DS-Rotterdam-01,Household,HOU-05,32,28,103,0
2025-03-23,DS-Rotterdam-01,Household,HOU-06,40,28,126,0
2025-03-23,DS-Utrecht-01,Fresh Produce,FRE-01,66,81,418,0
2025-03-23,DS-Utrecht-01,Fresh Produce,FRE-02,139,174,883,1
2025-03-23,DS-Utrecht-01,Fresh Produce,FRE-03,84,94,584,0
2025-03-23,DS-Utrecht-01,Fresh Produce,FRE-04,68,101,398,0
2025-03-23,DS-Utrecht-01,Fresh Produce,FRE-05,71,98,489,0
2025-03-23,DS-Utrecht-01,Fresh Produce,FRE-06,139,197,889,1
2025-03-23,DS-Utrecht-01,Dairy,DAI-01,63,59,241,0
2025-03-23,DS-Utrecht-01,Dairy,DAI-02,73,58,296,0
2025-03-23,DS-Utrecht-01,Dairy,DAI-03,70,70,225,0
2025-03-23,DS-Utrecht-01,Dairy,DAI-04,64,70,228,0
2025-03-23,DS-Utrecht-01,Dairy,DAI-05,57,58,204,0
2025-03-23,DS-Utrecht-01,Dairy,DAI-06,51,64,205,0
2025-03-23,DS-Utrecht-01,Beverages,BEV-01,104,76,347,0
2025-03-23,DS-Utrecht-01,Beverages,BEV-02,93,113,387,0
2025-03-23,DS-Utrecht-01,Beverages,BEV-03,102,110,326,0
2025-03-23,DS-Utrecht-01,Beverages,BEV-04,97,114,323,0
2025-03-23,DS-Utrecht-01,Beverages,BEV-05,88,112,247,0
2025-03-23,DS-Utrecht-01,Beverages,BEV-06,94,95,306,0
2025-03-23,DS-Utrecht-01,Snacks,SNA-01,95,67,145,0
2025-03-23,DS-Utrecht-01,Snacks,SNA-02,95,76,141,0
2025-03-23,DS-Utrecht-01,Snacks,SNA-03,82,65,101,0
2025-03-23,DS-Utrecht-01,Snacks,SNA-04,95,74,120,0
2025-03-23,DS-Utrecht-01,Snacks,SNA-05,91,65,127,0
2025-03-23,DS-Utrecht-01,Snacks,SNA-06,95,79,149,0
2025-03-23,DS-Utrecht-01,Household,HOU-01,46,37,159,0
2025-03-23,DS-Utrecht-01,Household,HOU-02,34,41,105,0
2025-03-23,DS-Utrecht-01,Household,HOU-03,51,39,155,0
2025-03-23,DS-Utrecht-01,Household,HOU-04,40,43,153,0
2025-03-23,DS-Utrecht-01,Household,HOU-05,39,41,138,0
2025-03-23,DS-Utrecht-01,Household,HOU-06,40,47,123,0
2025-03-23,DS-TheHague-01,Fresh Produce,FRE-01,87,89,453,0
2025-03-23,DS-TheHague-01,Fresh Produce,FRE-02,69,82,459,0
2025-03-23,DS-TheHague-01,Fresh Produce,FRE-03,76,98,500,0
2025-03-23,DS-TheHague-01,Fresh Produce,FRE-04,79,91,557,0
2025-03-23,DS-TheHague-01,Fresh Produce,FRE-05,77,91,482,0
2025-03-23,DS-TheHague-01,Fresh Produce,FRE-06,83,107,449,0
2025-03-23,DS-TheHague-01,Dairy,DAI-01,48,60,198,0
2025-03-23,DS-TheHague-01,Dairy,DAI-02,58,57,210,0
2025-03-23,DS-TheHague-01,Dairy,DAI-03,75,58,285,0
2025-03-23,DS-TheHague-01,Dairy,DAI-04,52,54,156,0
2025-03-23,DS-TheHague-01,Dairy,DAI-05,54,64,202,0
2025-03-23,DS-TheHague-01,Dairy,DAI-06,61,48,176,0
2025-03-23,DS-TheHague-01,Beverages,BEV-01,104,94,395,0
2025-03-23,DS-TheHague-01,Beverages,BEV-02,93,97,303,0
2025-03-23,DS-TheHague-01,Beverages,BEV-03,105,103,407,0
2025-03-23,DS-TheHague-01,Beverages,BEV-04,111,100,352,0
2025-03-23,DS-TheHague-01,Beverages,BEV-05,98,109,340,0
2025-03-23,DS-TheHague-01,Beverages,BEV-06,86,77,307,0
2025-03-23,DS-TheHague-01,Snacks,SNA-01,93,61,114,0
2025-03-23,DS-TheHague-01,Snacks,SNA-02,98,71,166,0
2025-03-23,DS-TheHague-01,Snacks,SNA-03,74,76,97,0
2025-03-23,DS-TheHague-01,Snacks,SNA-04,99,78,176,0
2025-03-23,DS-TheHague-01,Snacks,SNA-05,83,65,130,0
2025-03-23,DS-TheHague-01,Snacks,SNA-06,107,83,139,0
2025-03-23,DS-TheHague-01,Household,HOU-01,37,36,136,0
2025-03-23,DS-TheHague-01,Household,HOU-02,39,40,131,0
2025-03-23,DS-TheHague-01,Household,HOU-03,40,42,113,0
2025-03-23,DS-TheHague-01,Household,HOU-04,40,47,115,0
2025-03-23,DS-TheHague-01,Household,HOU-05,49,42,175,0
2025-03-23,DS-TheHague-01,Household,HOU-06,42,40,156,0
2025-03-24,DS-Amsterdam-01,Fresh Produce,FRE-01,44,60,280,0
2025-03-24,DS-Amsterdam-01,Fresh Produce,FRE-02,48,75,313,0
2025-03-24,DS-Amsterdam-01,Fresh Produce,FRE-03,59,67,329,0
2025-03-24,DS-Amsterdam-01,Fresh Produce,FRE-04,52,66,271,0
2025-03-24,DS-Amsterdam-01,Fresh Produce,FRE-05,67,70,358,0
2025-03-24,DS-Amsterdam-01,Fresh Produce,FRE-06,55,68,375,0
2025-03-24,DS-Amsterdam-01,Dairy,DAI-01,50,39,146,0
2025-03-24,DS-Amsterdam-01,Dairy,DAI-02,44,39,146,0
2025-03-24,DS-Amsterdam-01,Dairy,DAI-03,40,52,127,0
2025-03-24,DS-Amsterdam-01,Dairy,DAI-04,46,54,146,0
2025-03-24,DS-Amsterdam-01,Dairy,DAI-05,34,46,97,0
2025-03-24,DS-Amsterdam-01,Dairy,DAI-06,51,39,181,0
2025-03-24,DS-Amsterdam-01,Beverages,BEV-01,72,90,205,0
2025-03-24,DS-Amsterdam-01,Beverages,BEV-02,78,79,262,0
2025-03-24,DS-Amsterdam-01,Beverages,BEV-03,93,77,354,0
2025-03-24,DS-Amsterdam-01,Beverages,BEV-04,68,81,201,0
2025-03-24,DS-Amsterdam-01,Beverages,BEV-05,91,73,337,0
2025-03-24,DS-Amsterdam-01,Beverages,BEV-06,76,61,214,0
2025-03-24,DS-Amsterdam-01,Snacks,SNA-01,64,51,111,0
2025-03-24,DS-Amsterdam-01,Snacks,SNA-02,63,54,94,0
2025-03-24,DS-Amsterdam-01,Snacks,SNA-03,65,55,91,0
2025-03-24,DS-Amsterdam-01,Snacks,SNA-04,65,49,103,0
2025-03-24,DS-Amsterdam-01,Snacks,SNA-05,75,55,93,0
2025-03-24,DS-Amsterdam-01,Snacks,SNA-06,56,67,88,0
2025-03-24,DS-Amsterdam-01,Household,HOU-01,21,26,75,0
2025-03-24,DS-Amsterdam-01,Household,HOU-02,39,36,124,0
2025-03-24,DS-Amsterdam-01,Household,HOU-03,32,30,110,0
2025-03-24,DS-Amsterdam-01,Household,HOU-04,32,36,92,0
2025-03-24,DS-Amsterdam-01,Household,HOU-05,66,67,237,1
2025-03-24,DS-Amsterdam-01,Household,HOU-06,42,28,174,0
2025-03-24,DS-Amsterdam-02,Fresh Produce,FRE-01,41,55,209,0
2025-03-24,DS-Amsterdam-02,Fresh Produce,FRE-02,55,63,264,0
2025-03-24,DS-Amsterdam-02,Fresh Produce,FRE-03,39,67,190,0
2025-03-24,DS-Amsterdam-02,Fresh Produce,FRE-04,91,103,525,1
2025-03-24,DS-Amsterdam-02,Fresh Produce,FRE-05,55,61,290,0
2025-03-24,DS-Amsterdam-02,Fresh Produce,FRE-06,54,56,335,0
2025-03-24,DS-Amsterdam-02,Dairy,DAI-01,27,34,81,0
2025-03-24,DS-Amsterdam-02,Dairy,DAI-02,30,38,102,0
2025-03-24,DS-Amsterdam-02,Dairy,DAI-03,43,40,141,0
2025-03-24,DS-Amsterdam-02,Dairy,DAI-04,39,39,162,0
2025-03-24,DS-Amsterdam-02,Dairy,DAI-05,32,38,119,0
2025-03-24,DS-Amsterdam-02,Dairy,DAI-06,34,44,135,0
2025-03-24,DS-Amsterdam-02,Beverages,BEV-01,117,120,477,1
2025-03-24,DS-Amsterdam-02,Beverages,BEV-02,138,109,492,1
2025-03-24,DS-Amsterdam-02,Beverages,BEV-03,73,50,220,0
2025-03-24,DS-Amsterdam-02,Beverages,BEV-04,52,59,191,0
2025-03-24,DS-Amsterdam-02,Beverages,BEV-05,73,79,267,0
2025-03-24,DS-Amsterdam-02,Beverages,BEV-06,67,72,237,0
2025-03-24,DS-Amsterdam-02,Snacks,SNA-01,62,52,110,0
2025-03-24,DS-Amsterdam-02,Snacks,SNA-02,58,51,72,0
2025-03-24,DS-Amsterdam-02,Snacks,SNA-03,66,58,101,0
2025-03-24,DS-Amsterdam-02,Snacks,SNA-04,64,59,77,0
2025-03-24,DS-Amsterdam-02,Snacks,SNA-05,62,58,81,0
2025-03-24,DS-Amsterdam-02,Snacks,SNA-06,72,48,122,0
2025-03-24,DS-Amsterdam-02,Household,HOU-01,26,27,76,0
2025-03-24,DS-Amsterdam-02,Household,HOU-02,26,26,108,0
2025-03-24,DS-Amsterdam-02,Household,HOU-03,28,32,111,0
2025-03-24,DS-Amsterdam-02,Household,HOU-04,27,25,112,0
2025-03-24,DS-Amsterdam-02,Household,HOU-05,23,23,66,0
2025-03-24,DS-Amsterdam-02,Household,HOU-06,23,26,95,0
2025-03-24,DS-Rotterdam-01,Fresh Produce,FRE-01,47,53,331,0
2025-03-24,DS-Rotterdam-01,Fresh Produce,FRE-02,46,57,311,0
2025-03-24,DS-Rotterdam-01,Fresh Produce,FRE-03,40,58,264,0
2025-03-24,DS-Rotterdam-01,Fresh Produce,FRE-04,81,125,453,1
2025-03-24,DS-Rotterdam-01,Fresh Produce,FRE-05,49,56,323,0
2025-03-24,DS-Rotterdam-01,Fresh Produce,FRE-06,52,45,273,0
2025-03-24,DS-Rotterdam-01,Dairy,DAI-01,31,33,97,0
2025-03-24,DS-Rotterdam-01,Dairy,DAI-02,36,36,107,0
2025-03-24,DS-Rotterdam-01,Dairy,DAI-03,43,39,133,0
2025-03-24,DS-Rotterdam-01,Dairy,DAI-04,49,38,148,0
2025-03-24,DS-Rotterdam-01,Dairy,DAI-05,36,32,147,0
2025-03-24,DS-Rotterdam-01,Dairy,DAI-06,36,38,145,0
2025-03-24,DS-Rotterdam-01,Beverages,BEV-01,66,67,196,0
2025-03-24,DS-Rotterdam-01,Beverages,BEV-02,62,63,189,0
2025-03-24,DS-Rotterdam-01,Beverages,BEV-03,62,70,245,0
2025-03-24,DS-Rotterdam-01,Beverages,BEV-04,61,59,250,0
2025-03-24,DS-Rotterdam-01,Beverages,BEV-05,56,62,228,0
2025-03-24,DS-Rotterdam-01,Beverages,BEV-06,77,72,291,0
2025-03-24,DS-Rotterdam-01,Snacks,SNA-01,46,54,64,0
2025-03-24,DS-Rotterdam-01,Snacks,SNA-02,46,59,58,0
2025-03-24,DS-Rotterdam-01,Snacks,SNA-03,71,48,123,0
2025-03-24,DS-Rotterdam-01,Snacks,SNA-04,55,52,89,0
2025-03-24,DS-Rotterdam-01,Snacks,SNA-05,52,35,74,0
2025-03-24,DS-Rotterdam-01,Snacks,SNA-06,100,77,150,1
2025-03-24,DS-Rotterdam-01,Household,HOU-01,25,24,99,0
2025-03-24,DS-Rotterdam-01,Household,HOU-02,29,26,107,0
2025-03-24,DS-Rotterdam-01,Household,HOU-03,26,26,74,0
2025-03-24,DS-Rotterdam-01,Household,HOU-04,28,29,92,0
2025-03-24,DS-Rotterdam-01,Household,HOU-05,18,24,68,0
2025-03-24,DS-Rotterdam-01,Household,HOU-06,43,39,145,1
2025-03-24,DS-Utrecht-01,Fresh Produce,FRE-01,73,67,507,0
2025-03-24,DS-Utrecht-01,Fresh Produce,FRE-02,65,57,423,0
2025-03-24,DS-Utrecht-01,Fresh Produce,FRE-03,58,72,318,0
2025-03-24,DS-Utrecht-01,Fresh Produce,FRE-04,68,65,383,0
2025-03-24,DS-Utrecht-01,Fresh Produce,FRE-05,100,158,623,1
2025-03-24,DS-Utrecht-01,Fresh Produce,FRE-06,55,89,282,0
2025-03-24,DS-Utrecht-01,Dairy,DAI-01,79,87,244,1
2025-03-24,DS-Utrecht-01,Dairy,DAI-02,51,64,170,0
2025-03-24,DS-Utrecht-01,Dairy,DAI-03,36,53,137,0
2025-03-24,DS-Utrecht-01,Dairy,DAI-04,52,49,180,0
2025-03-24,DS-Utrecht-01,Dairy,DAI-05,36,57,128,0
2025-03-24,DS-Utrecht-01,Dairy,DAI-06,51,48,143,0
2025-03-24,DS-Utrecht-01,Beverages,BEV-01,72,75,238,0
2025-03-24,DS-Utrecht-01,Beverages,BEV-02,83,85,343,0
2025-03-24,DS-Utrecht-01,Beverages,BEV-03,89,73,340,0
2025-03-24,DS-Utrecht-01,Beverages,BEV-04,91,59,309,0
2025-03-24,DS-Utrecht-01,Beverages,BEV-05,79,71,295,0
2025-03-24,DS-Utrecht-01,Beverages,BEV-06,92,71,368,0
2025-03-24,DS-Utrecht-01,Snacks,SNA-01,68,62,104,0
2025-03-24,DS-Utrecht-01,Snacks,SNA-02,81,55,116,0
2025-03-24,DS-Utrecht-01,Snacks,SNA-03,67,72,100,0
2025-03-24,DS-Utrecht-01,Snacks,SNA-04,83,54,137,0
2025-03-24,DS-Utrecht-01,Snacks,SNA-05,66,53,86,0
2025-03-24,DS-Utrecht-01,Snacks,SNA-06,81,66,110,0
2025-03-24,DS-Utrecht-01,Household,HOU-01,34,35,127,0
2025-03-24,DS-Utrecht-01,Household,HOU-02,34,36,112,0
2025-03-24,DS-Utrecht-01,Household,HOU-03,30,28,118,0
2025-03-24,DS-Utrecht-01,Household,HOU-04,28,31,94,0
2025-03-24,DS-Utrecht-01,Household,HOU-05,45,36,154,0
2025-03-24,DS-Utrecht-01,Household,HOU-06,30,31,97,0
2025-03-24,DS-TheHague-01,Fresh Produce,FRE-01,57,70,358,0
2025-03-24,DS-TheHague-01,Fresh Produce,FRE-02,58,64,395,0
2025-03-24,DS-TheHague-01,Fresh Produce,FRE-03,46,66,249,0
2025-03-24,DS-TheHague-01,Fresh Produce,FRE-04,53,69,350,0
2025-03-24,DS-TheHague-01,Fresh Produce,FRE-05,58,63,302,0
2025-03-24,DS-TheHague-01,Fresh Produce,FRE-06,49,80,242,0
2025-03-24,DS-TheHague-01,Dairy,DAI-01,49,45,197,0
2025-03-24,DS-TheHague-01,Dairy,DAI-02,40,50,130,0
2025-03-24,DS-TheHague-01,Dairy,DAI-03,39,47,161,0
2025-03-24,DS-TheHague-01,Dairy,DAI-04,39,48,143,0
2025-03-24,DS-TheHague-01,Dairy,DAI-05,58,45,203,0
2025-03-24,DS-TheHague-01,Dairy,DAI-06,42,52,165,0
2025-03-24,DS-TheHague-01,Beverages,BEV-01,77,73,231,0
2025-03-24,DS-TheHague-01,Beverages,BEV-02,135,135,501,1
2025-03-24,DS-TheHague-01,Beverages,BEV-03,75,93,272,0
2025-03-24,DS-TheHague-01,Beverages,BEV-04,71,66,258,0
2025-03-24,DS-TheHague-01,Beverages,BEV-05,73,79,277,0
2025-03-24,DS-TheHague-01,Beverages,BEV-06,74,76,303,0
2025-03-24,DS-TheHague-01,Snacks,SNA-01,75,65,126,0
2025-03-24,DS-TheHague-01,Snacks,SNA-02,75,49,107,0
2025-03-24,DS-TheHague-01,Snacks,SNA-03,78,48,122,0
2025-03-24,DS-TheHague-01,Snacks,SNA-04,62,54,78,0
2025-03-24,DS-TheHague-01,Snacks,SNA-05,70,61,95,0
2025-03-24,DS-TheHague-01,Snacks,SNA-06,68,63,105,0
2025-03-24,DS-TheHague-01,Household,HOU-01,37,31,150,0
2025-03-24,DS-TheHague-01,Household,HOU-02,46,51,142,1
2025-03-24,DS-TheHague-01,Household,HOU-03,31,38,87,0
2025-03-24,DS-TheHague-01,Household,HOU-04,35,36,119,0
2025-03-24,DS-TheHague-01,Household,HOU-05,34,30,112,0
2025-03-24,DS-TheHague-01,Household,HOU-06,34,29,105,0
2025-03-25,DS-Amsterdam-01,Fresh Produce,FRE-01,53,57,270,0
2025-03-25,DS-Amsterdam-01,Fresh Produce,FRE-02,55,57,347,0
2025-03-25,DS-Amsterdam-01,Fresh Produce,FRE-03,57,48,389,0
2025-03-25,DS-Amsterdam-01,Fresh Produce,FRE-04,41,65,202,0
2025-03-25,DS-Amsterdam-01,Fresh Produce,FRE-05,46,52,320,0
2025-03-25,DS-Amsterdam-01,Fresh Produce,FRE-06,45,47,225,0
2025-03-25,DS-Amsterdam-01,Dairy,DAI-01,40,38,153,0
2025-03-25,DS-Amsterdam-01,Dairy,DAI-02,46,47,173,0
2025-03-25,DS-Amsterdam-01,Dairy,DAI-03,32,44,130,0
2025-03-25,DS-Amsterdam-01,Dairy,DAI-04,35,32,142,0
2025-03-25,DS-Amsterdam-01,Dairy,DAI-05,39,36,109,0
2025-03-25,DS-Amsterdam-01,Dairy,DAI-06,28,38,104,0
2025-03-25,DS-Amsterdam-01,Beverages,BEV-01,56,48,167,0
2025-03-25,DS-Amsterdam-01,Beverages,BEV-02,56,60,227,0
2025-03-25,DS-Amsterdam-01,Beverages,BEV-03,62,73,211,0
2025-03-25,DS-Amsterdam-01,Beverages,BEV-04,66,83,267,0
2025-03-25,DS-Amsterdam-01,Beverages,BEV-05,61,71,233,0
2025-03-25,DS-Amsterdam-01,Beverages,BEV-06,108,121,310,1
2025-03-25,DS-Amsterdam-01,Snacks,SNA-01,53,52,72,0
2025-03-25,DS-Amsterdam-01,Snacks,SNA-02,60,46,91,0
2025-03-25,DS-Amsterdam-01,Snacks,SNA-03,52,43,84,0
2025-03-25,DS-Amsterdam-01,Snacks,SNA-04,48,47,72,0
2025-03-25,DS-Amsterdam-01,Snacks,SNA-05,60,49,76,0
2025-03-25,DS-Amsterdam-01,Snacks,SNA-06,54,55,74,0
2025-03-25,DS-Amsterdam-01,Household,HOU-01,22,23,82,0
2025-03-25,DS-Amsterdam-01,Household,HOU-02,26,27,82,0
2025-03-25,DS-Amsterdam-01,Household,HOU-03,17,26,49,0
2025-03-25,DS-Amsterdam-01,Household,HOU-04,16,19,51,0
2025-03-25,DS-Amsterdam-01,Household,HOU-05,22,28,71,0
2025-03-25,DS-Amsterdam-01,Household,HOU-06,24,28,71,0
2025-03-25,DS-Amsterdam-02,Fresh Produce,FRE-01,50,40,246,0
2025-03-25,DS-Amsterdam-02,Fresh Produce,FRE-02,58,41,382,0
2025-03-25,DS-Amsterdam-02,Fresh Produce,FRE-03,36,56,240,0
2025-03-25,DS-Amsterdam-02,Fresh Produce,FRE-04,45,54,231,0
2025-03-25,DS-Amsterdam-02,Fresh Produce,FRE-05,43,47,238,0
2025-03-25,DS-Amsterdam-02,Fresh Produce,FRE-06,53,46,332,0
2025-03-25,DS-Amsterdam-02,Dairy,DAI-01,28,43,108,0
2025-03-25,DS-Amsterdam-02,Dairy,DAI-02,45,43,156,0
2025-03-25,DS-Amsterdam-02,Dairy,DAI-03,29,35,88,0
2025-03-25,DS-Amsterdam-02,Dairy,DAI-04,30,46,93,0
2025-03-25,DS-Amsterdam-02,Dairy,DAI-05,40,29,122,0
2025-03-25,DS-Amsterdam-02,Dairy,DAI-06,43,40,135,0
2025-03-25,DS-Amsterdam-02,Beverages,BEV-01,59,55,235,0
2025-03-25,DS-Amsterdam-02,Beverages,BEV-02,65,52,218,0
2025-03-25,DS-Amsterdam-02,Beverages,BEV-03,55,55,221,0
2025-03-25,DS-Amsterdam-02,Beverages,BEV-04,61,65,245,0
2025-03-25,DS-Amsterdam-02,Beverages,BEV-05,71,63,249,0
2025-03-25,DS-Amsterdam-02,Beverages,BEV-06,67,57,278,0
2025-03-25,DS-Amsterdam-02,Snacks,SNA-01,46,38,69,0
2025-03-25,DS-Amsterdam-02,Snacks,SNA-02,40,49,67,0
2025-03-25,DS-Amsterdam-02,Snacks,SNA-03,63,48,107,0
2025-03-25,DS-Amsterdam-02,Snacks,SNA-04,47,51,72,0
2025-03-25,DS-Amsterdam-02,Snacks,SNA-05,47,51,70,0
2025-03-25,DS-Amsterdam-02,Snacks,SNA-06,60,45,77,0
2025-03-25,DS-Amsterdam-02,Household,HOU-01,24,24,68,0
2025-03-25,DS-Amsterdam-02,Household,HOU-02,26,26,81,0
2025-03-25,DS-Amsterdam-02,Household,HOU-03,23,29,96,0
2025-03-25,DS-Amsterdam-02,Household,HOU-04,30,27,95,0
2025-03-25,DS-Amsterdam-02,Household,HOU-05,33,22,134,0
2025-03-25,DS-Amsterdam-02,Household,HOU-06,29,26,100,0
2025-03-25,DS-Rotterdam-01,Fresh Produce,FRE-01,57,83,405,0
2025-03-25,DS-Rotterdam-01,Fresh Produce,FRE-02,58,72,414,0
2025-03-25,DS-Rotterdam-01,Fresh Produce,FRE-03,72,71,477,0
2025-03-25,DS-Rotterdam-01,Fresh Produce,FRE-04,51,71,288,0
2025-03-25,DS-Rotterdam-01,Fresh Produce,FRE-05,67,56,354,0
2025-03-25,DS-Rotterdam-01,Fresh Produce,FRE-06,50,73,306,0
2025-03-25,DS-Rotterdam-01,Dairy,DAI-01,53,55,157,0
2025-03-25,DS-Rotterdam-01,Dairy,DAI-02,58,47,214,0
2025-03-25,DS-Rotterdam-01,Dairy,DAI-03,39,49,130,0
2025-03-25,DS-Rotterdam-01,Dairy,DAI-04,38,42,141,0
2025-03-25,DS-Rotterdam-01,Dairy,DAI-05,48,55,159,0
2025-03-25,DS-Rotterdam-01,Dairy,DAI-06,44,45,178,0
2025-03-25,DS-Rotterdam-01,Beverages,BEV-01,92,81,268,0
2025-03-25,DS-Rotterdam-01,Beverages,BEV-02,83,74,254,0
2025-03-25,DS-Rotterdam-01,Beverages,BEV-03,72,88,284,0
2025-03-25,DS-Rotterdam-01,Beverages,BEV-04,61,81,217,0
2025-03-25,DS-Rotterdam-01,Beverages,BEV-05,71,72,257,0
2025-03-25,DS-Rotterdam-01,Beverages,BEV-06,87,74,287,0
2025-03-25,DS-Rotterdam-01,Snacks,SNA-01,63,64,86,0
2025-03-25,DS-Rotterdam-01,Snacks,SNA-02,71,54,114,0
2025-03-25,DS-Rotterdam-01,Snacks,SNA-03,72,65,109,0
2025-03-25,DS-Rotterdam-01,Snacks,SNA-04,63,64,75,0
2025-03-25,DS-Rotterdam-01,Snacks,SNA-05,70,58,102,0
2025-03-25,DS-Rotterdam-01,Snacks,SNA-06,64,63,104,0
2025-03-25,DS-Rotterdam-01,Household,HOU-01,22,37,83,0
2025-03-25,DS-Rotterdam-01,Household,HOU-02,28,32,97,0
2025-03-25,DS-Rotterdam-01,Household,HOU-03,24,27,93,0
2025-03-25,DS-Rotterdam-01,Household,HOU-04,34,30,128,0
2025-03-25,DS-Rotterdam-01,Household,HOU-05,27,32,103,0
2025-03-25,DS-Rotterdam-01,Household,HOU-06,33,30,120,0
2025-03-25,DS-Utrecht-01,Fresh Produce,FRE-01,51,56,294,0
2025-03-25,DS-Utrecht-01,Fresh Produce,FRE-02,38,54,254,0
2025-03-25,DS-Utrecht-01,Fresh Produce,FRE-03,38,55,184,0
2025-03-25,DS-Utrecht-01,Fresh Produce,FRE-04,49,40,258,0
2025-03-25,DS-Utrecht-01,Fresh Produce,FRE-05,41,45,242,0
2025-03-25,DS-Utrecht-01,Fresh Produce,FRE-06,54,53,364,0
2025-03-25,DS-Utrecht-01,Dairy,DAI-01,69,69,262,1
2025-03-25,DS-Utrecht-01,Dairy,DAI-02,33,37,100,0
2025-03-25,DS-Utrecht-01,Dairy,DAI-03,33,33,135,0
2025-03-25,DS-Utrecht-01,Dairy,DAI-04,32,32,96,0
2025-03-25,DS-Utrecht-01,Dairy,DAI-05,65,56,205,1
2025-03-25,DS-Utrecht-01,Dairy,DAI-06,39,29,128,0
2025-03-25,DS-Utrecht-01,Beverages,BEV-01,55,70,210,0
2025-03-25,DS-Utrecht-01,Beverages,BEV-02,75,61,248,0
2025-03-25,DS-Utrecht-01,Beverages,BEV-03,81,57,229,0
2025-03-25,DS-Utrecht-01,Beverages,BEV-04,53,58,161,0
2025-03-25,DS-Utrecht-01,Beverages,BEV-05,68,58,208,0
2025-03-25,DS-Utrecht-01,Beverages,BEV-06,111,104,354,1
2025-03-25,DS-Utrecht-01,Snacks,SNA-01,65,45,84,0
2025-03-25,DS-Utrecht-01,Snacks,SNA-02,95,77,115,1
2025-03-25,DS-Utrecht-01,Snacks,SNA-03,76,81,102,1
2025-03-25,DS-Utrecht-01,Snacks,SNA-04,51,43,82,0
2025-03-25,DS-Utrecht-01,Snacks,SNA-05,46,40,67,0
2025-03-25,DS-Utrecht-01,Snacks,SNA-06,41,37,65,0
2025-03-25,DS-Utrecht-01,Household,HOU-01,21,24,65,0
2025-03-25,DS-Utrecht-01,Household,HOU-02,20,25,70,0
2025-03-25,DS-Utrecht-01,Household,HOU-03,22,27,61,0
2025-03-25,DS-Utrecht-01,Household,HOU-04,23,22,70,0
2025-03-25,DS-Utrecht-01,Household,HOU-05,24,22,74,0
2025-03-25,DS-Utrecht-01,Household,HOU-06,35,34,106,1
2025-03-25,DS-TheHague-01,Fresh Produce,FRE-01,71,92,404,0
2025-03-25,DS-TheHague-01,Fresh Produce,FRE-02,52,79,291,0
2025-03-25,DS-TheHague-01,Fresh Produce,FRE-03,74,74,434,0
2025-03-25,DS-TheHague-01,Fresh Produce,FRE-04,73,65,385,0
2025-03-25,DS-TheHague-01,Fresh Produce,FRE-05,51,78,281,0
2025-03-25,DS-TheHague-01,Fresh Produce,FRE-06,73,64,500,0
2025-03-25,DS-TheHague-01,Dairy,DAI-01,54,59,152,0
2025-03-25,DS-TheHague-01,Dairy,DAI-02,45,50,136,0
2025-03-25,DS-TheHague-01,Dairy,DAI-03,56,50,197,0
2025-03-25,DS-TheHague-01,Dairy,DAI-04,55,55,198,0
2025-03-25,DS-TheHague-01,Dairy,DAI-05,51,45,182,0
2025-03-25,DS-TheHague-01,Dairy,DAI-06,46,54,160,0
2025-03-25,DS-TheHague-01,Beverages,BEV-01,91,85,382,0
2025-03-25,DS-TheHague-01,Beverages,BEV-02,87,93,276,0
2025-03-25,DS-TheHague-01,Beverages,BEV-03,83,74,254,0
2025-03-25,DS-TheHague-01,Beverages,BEV-04,151,156,597,1
2025-03-25,DS-TheHague-01,Beverages,BEV-05,72,99,220,0
2025-03-25,DS-TheHague-01,Beverages,BEV-06,150,143,437,1
2025-03-25,DS-TheHague-01,Snacks,SNA-01,75,57,107,0
2025-03-25,DS-TheHague-01,Snacks,SNA-02,83,66,147,0
2025-03-25,DS-TheHague-01,Snacks,SNA-03,142,122,191,1
2025-03-25,DS-TheHague-01,Snacks,SNA-04,59,56,83,0
2025-03-25,DS-TheHague-01,Snacks,SNA-05,83,60,126,0
2025-03-25,DS-TheHague-01,Snacks,SNA-06,71,70,120,0
2025-03-25,DS-TheHague-01,Household,HOU-01,37,33,112,0
2025-03-25,DS-TheHague-01,Household,HOU-02,35,37,116,0
2025-03-25,DS-TheHague-01,Household,HOU-03,30,33,102,0
2025-03-25,DS-TheHague-01,Household,HOU-04,27,37,95,0
2025-03-25,DS-TheHague-01,Household,HOU-05,30,30,85,0
2025-03-25,DS-TheHague-01,Household,HOU-06,59,62,193,1
2025-03-26,DS-Amsterdam-01,Fresh Produce,FRE-01,63,76,410,0
2025-03-26,DS-Amsterdam-01,Fresh Produce,FRE-02,45,70,229,0
2025-03-26,DS-Amsterdam-01,Fresh Produce,FRE-03,64,82,382,0
2025-03-26,DS-Amsterdam-01,Fresh Produce,FRE-04,52,72,262,0
2025-03-26,DS-Amsterdam-01,Fresh Produce,FRE-05,49,71,275,0
2025-03-26,DS-Amsterdam-01,Fresh Produce,FRE-06,61,66,333,0
2025-03-26,DS-Amsterdam-01,Dairy,DAI-01,46,44,133,0
2025-03-26,DS-Amsterdam-01,Dairy,DAI-02,44,43,161,0
2025-03-26,DS-Amsterdam-01,Dairy,DAI-03,44,39,154,0
2025-03-26,DS-Amsterdam-01,Dairy,DAI-04,47,36,170,0
2025-03-26,DS-Amsterdam-01,Dairy,DAI-05,38,48,124,0
2025-03-26,DS-Amsterdam-01,Dairy,DAI-06,56,45,161,0
2025-03-26,DS-Amsterdam-01,Beverages,BEV-01,81,77,319,0
2025-03-26,DS-Amsterdam-01,Beverages,BEV-02,119,166,399,1
2025-03-26,DS-Amsterdam-01,Beverages,BEV-03,82,82,321,0
2025-03-26,DS-Amsterdam-01,Beverages,BEV-04,78,64,325,0
2025-03-26,DS-Amsterdam-01,Beverages,BEV-05,83,53,297,0
2025-03-26,DS-Amsterdam-01,Beverages,BEV-06,76,76,236,0
2025-03-26,DS-Amsterdam-01,Snacks,SNA-01,49,47,66,0
2025-03-26,DS-Amsterdam-01,Snacks,SNA-02,56,56,99,0
2025-03-26,DS-Amsterdam-01,Snacks,SNA-03,71,57,123,0
2025-03-26,DS-Amsterdam-01,Snacks,SNA-04,62,56,93,0
2025-03-26,DS-Amsterdam-01,Snacks,SNA-05,133,108,215,1
2025-03-26,DS-Amsterdam-01,Snacks,SNA-06,75,60,95,0
2025-03-26,DS-Amsterdam-01,Household,HOU-01,32,27,134,0
2025-03-26,DS-Amsterdam-01,Household,HOU-02,30,33,113,0
2025-03-26,DS-Amsterdam-01,Household,HOU-03,22,23,90,0
2025-03-26,DS-Amsterdam-01,Household,HOU-04,42,34,154,0
2025-03-26,DS-Amsterdam-01,Household,HOU-05,29,29,82,0
2025-03-26,DS-Amsterdam-01,Household,HOU-06,26,26,82,0
2025-03-26,DS-Amsterdam-02,Fresh Produce,FRE-01,55,68,296,0
2025-03-26,DS-Amsterdam-02,Fresh Produce,FRE-02,50,60,313,0
2025-03-26,DS-Amsterdam-02,Fresh Produce,FRE-03,50,55,307,0
2025-03-26,DS-Amsterdam-02,Fresh Produce,FRE-04,55,46,344,0
2025-03-26,DS-Amsterdam-02,Fresh Produce,FRE-05,53,63,361,0
2025-03-26,DS-Amsterdam-02,Fresh Produce,FRE-06,52,45,369,0
2025-03-26,DS-Amsterdam-02,Dairy,DAI-01,47,36,138,0
2025-03-26,DS-Amsterdam-02,Dairy,DAI-02,44,42,161,0
2025-03-26,DS-Amsterdam-02,Dairy,DAI-03,43,35,128,0
2025-03-26,DS-Amsterdam-02,Dairy,DAI-04,54,43,207,0
2025-03-26,DS-Amsterdam-02,Dairy,DAI-05,77,78,236,1
2025-03-26,DS-Amsterdam-02,Dairy,DAI-06,45,40,160,0
2025-03-26,DS-Amsterdam-02,Beverages,BEV-01,70,68,271,0
2025-03-26,DS-Amsterdam-02,Beverages,BEV-02,64,77,220,0
2025-03-26,DS-Amsterdam-02,Beverages,BEV-03,66,64,241,0
2025-03-26,DS-Amsterdam-02,Beverages,BEV-04,125,128,462,1
2025-03-26,DS-Amsterdam-02,Beverages,BEV-05,63,54,197,0
2025-03-26,DS-Amsterdam-02,Beverages,BEV-06,62,69,222,0
2025-03-26,DS-Amsterdam-02,Snacks,SNA-01,76,53,100,0
2025-03-26,DS-Amsterdam-02,Snacks,SNA-02,54,65,92,0
2025-03-26,DS-Amsterdam-02,Snacks,SNA-03,65,58,92,0
2025-03-26,DS-Amsterdam-02,Snacks,SNA-04,54,48,72,0
2025-03-26,DS-Amsterdam-02,Snacks,SNA-05,64,49,95,0
2025-03-26,DS-Amsterdam-02,Snacks,SNA-06,66,51,99,0
2025-03-26,DS-Amsterdam-02,Household,HOU-01,21,32,84,0
2025-03-26,DS-Amsterdam-02,Household,HOU-02,28,30,110,0
2025-03-26,DS-Amsterdam-02,Household,HOU-03,29,28,101,0
2025-03-26,DS-Amsterdam-02,Household,HOU-04,23,26,76,0
2025-03-26,DS-Amsterdam-02,Household,HOU-05,29,52,97,1
2025-03-26,DS-Amsterdam-02,Household,HOU-06,24,24,99,0
2025-03-26,DS-Rotterdam-01,Fresh Produce,FRE-01,108,121,583,1
2025-03-26,DS-Rotterdam-01,Fresh Produce,FRE-02,111,124,552,1
2025-03-26,DS-Rotterdam-01,Fresh Produce,FRE-03,75,83,512,0
2025-03-26,DS-Rotterdam-01,Fresh Produce,FRE-04,62,65,409,0
2025-03-26,DS-Rotterdam-01,Fresh Produce,FRE-05,62,76,355,0
2025-03-26,DS-Rotterdam-01,Fresh Produce,FRE-06,56,65,292,0
2025-03-26,DS-Rotterdam-01,Dairy,DAI-01,34,45,137,0
2025-03-26,DS-Rotterdam-01,Dairy,DAI-02,33,56,107,0
2025-03-26,DS-Rotterdam-01,Dairy,DAI-03,40,33,121,0
2025-03-26,DS-Rotterdam-01,Dairy,DAI-04,47,46,175,0
2025-03-26,DS-Rotterdam-01,Dairy,DAI-05,47,54,173,0
2025-03-26,DS-Rotterdam-01,Dairy,DAI-06,60,44,229,0
2025-03-26,DS-Rotterdam-01,Beverages,BEV-01,85,81,338,0
2025-03-26,DS-Rotterdam-01,Beverages,BEV-02,73,82,233,0
2025-03-26,DS-Rotterdam-01,Beverages,BEV-03,84,80,255,0
2025-03-26,DS-Rotterdam-01,Beverages,BEV-04,90,83,361,0
2025-03-26,DS-Rotterdam-01,Beverages,BEV-05,87,73,344,0
2025-03-26,DS-Rotterdam-01,Beverages,BEV-06,66,84,196,0
2025-03-26,DS-Rotterdam-01,Snacks,SNA-01,68,60,117,0
2025-03-26,DS-Rotterdam-01,Snacks,SNA-02,82,73,126,0
2025-03-26,DS-Rotterdam-01,Snacks,SNA-03,73,66,96,0
2025-03-26,DS-Rotterdam-01,Snacks,SNA-04,75,68,128,0
2025-03-26,DS-Rotterdam-01,Snacks,SNA-05,85,50,134,0
2025-03-26,DS-Rotterdam-01,Snacks,SNA-06,71,52,103,0
2025-03-26,DS-Rotterdam-01,Household,HOU-01,26,33,94,0
2025-03-26,DS-Rotterdam-01,Household,HOU-02,38,33,118,0
2025-03-26,DS-Rotterdam-01,Household,HOU-03,37,38,108,0
2025-03-26,DS-Rotterdam-01,Household,HOU-04,30,31,101,0
2025-03-26,DS-Rotterdam-01,Household,HOU-05,40,40,165,0
2025-03-26,DS-Rotterdam-01,Household,HOU-06,37,36,111,0
2025-03-26,DS-Utrecht-01,Fresh Produce,FRE-01,65,65,387,0
2025-03-26,DS-Utrecht-01,Fresh Produce,FRE-02,60,72,362,0
2025-03-26,DS-Utrecht-01,Fresh Produce,FRE-03,60,71,342,0
2025-03-26,DS-Utrecht-01,Fresh Produce,FRE-04,59,82,392,0
2025-03-26,DS-Utrecht-01,Fresh Produce,FRE-05,53,71,318,0
2025-03-26,DS-Utrecht-01,Fresh Produce,FRE-06,74,84,375,0
2025-03-26,DS-Utrecht-01,Dairy,DAI-01,59,47,234,0
2025-03-26,DS-Utrecht-01,Dairy,DAI-02,48,44,134,0
2025-03-26,DS-Utrecht-01,Dairy,DAI-03,52,53,154,0
2025-03-26,DS-Utrecht-01,Dairy,DAI-04,54,51,155,0
2025-03-26,DS-Utrecht-01,Dairy,DAI-05,38,50,132,0
2025-03-26,DS-Utrecht-01,Dairy,DAI-06,52,52,204,0
2025-03-26,DS-Utrecht-01,Beverages,BEV-01,84,83,254,0
2025-03-26,DS-Utrecht-01,Beverages,BEV-02,95,86,395,0
2025-03-26,DS-Utrecht-01,Beverages,BEV-03,94,79,391,0
2025-03-26,DS-Utrecht-01,Beverages,BEV-04,78,89,322,0
2025-03-26,DS-Utrecht-01,Beverages,BEV-05,86,92,274,0
2025-03-26,DS-Utrecht-01,Beverages,BEV-06,77,98,245,0
2025-03-26,DS-Utrecht-01,Snacks,SNA-01,84,55,112,0
2025-03-26,DS-Utrecht-01,Snacks,SNA-02,91,65,118,0
2025-03-26,DS-Utrecht-01,Snacks,SNA-03,74,77,110,0
2025-03-26,DS-Utrecht-01,Snacks,SNA-04,131,109,227,1
2025-03-26,DS-Utrecht-01,Snacks,SNA-05,100,56,123,0
2025-03-26,DS-Utrecht-01,Snacks,SNA-06,87,58,140,0
2025-03-26,DS-Utrecht-01,Household,HOU-01,24,26,95,0
2025-03-26,DS-Utrecht-01,Household,HOU-02,28,34,105,0
2025-03-26,DS-Utrecht-01,Household,HOU-03,40,40,144,0
2025-03-26,DS-Utrecht-01,Household,HOU-04,37,34,124,0
2025-03-26,DS-Utrecht-01,Household,HOU-05,29,26,110,0
2025-03-26,DS-Utrecht-01,Household,HOU-06,40,34,128,0
2025-03-26,DS-TheHague-01,Fresh Produce,FRE-01,54,71,372,0
2025-03-26,DS-TheHague-01,Fresh Produce,FRE-02,60,65,342,0
2025-03-26,DS-TheHague-01,Fresh Produce,FRE-03,68,79,361,0
2025-03-26,DS-TheHague-01,Fresh Produce,FRE-04,71,67,463,0
2025-03-26,DS-TheHague-01,Fresh Produce,FRE-05,58,77,391,0
2025-03-26,DS-TheHague-01,Fresh Produce,FRE-06,51,82,260,0
2025-03-26,DS-TheHague-01,Dairy,DAI-01,39,41,118,0
2025-03-26,DS-TheHague-01,Dairy,DAI-02,53,58,212,0
2025-03-26,DS-TheHague-01,Dairy,DAI-03,43,39,130,0
2025-03-26,DS-TheHague-01,Dairy,DAI-04,42,44,155,0
2025-03-26,DS-TheHague-01,Dairy,DAI-05,57,48,220,0
2025-03-26,DS-TheHague-01,Dairy,DAI-06,47,38,188,0
2025-03-26,DS-TheHague-01,Beverages,BEV-01,89,90,285,0
2025-03-26,DS-TheHague-01,Beverages,BEV-02,157,145,648,1
2025-03-26,DS-TheHague-01,Beverages,BEV-03,85,64,328,0
2025-03-26,DS-TheHague-01,Beverages,BEV-04,94,89,394,0
2025-03-26,DS-TheHague-01,Beverages,BEV-05,90,101,326,0
2025-03-26,DS-TheHague-01,Beverages,BEV-06,73,95,269,0
2025-03-26,DS-TheHague-01,Snacks,SNA-01,72,66,89,0
2025-03-26,DS-TheHague-01,Snacks,SNA-02,71,47,86,0
2025-03-26,DS-TheHague-01,Snacks,SNA-03,73,60,96,0
2025-03-26,DS-TheHague-01,Snacks,SNA-04,65,53,98,0
2025-03-26,DS-TheHague-01,Snacks,SNA-05,85,59,111,0
2025-03-26,DS-TheHague-01,Snacks,SNA-06,84,66,106,0
2025-03-26,DS-TheHague-01,Household,HOU-01,44,37,162,0
2025-03-26,DS-TheHague-01,Household,HOU-02,23,38,72,0
2025-03-26,DS-TheHague-01,Household,HOU-03,32,37,129,0
2025-03-26,DS-TheHague-01,Household,HOU-04,32,33,127,0
2025-03-26,DS-TheHague-01,Household,HOU-05,35,35,106,0
2025-03-26,DS-TheHague-01,Household,HOU-06,27,30,83,0
2025-03-27,DS-Amsterdam-01,Fresh Produce,FRE-01,103,126,667,1
2025-03-27,DS-Amsterdam-01,Fresh Produce,FRE-02,52,71,304,0
2025-03-27,DS-Amsterdam-01,Fresh Produce,FRE-03,63,55,412,0
2025-03-27,DS-Amsterdam-01,Fresh Produce,FRE-04,51,68,365,0
2025-03-27,DS-Amsterdam-01,Fresh Produce,FRE-05,52,60,266,0
2025-03-27,DS-Amsterdam-01,Fresh Produce,FRE-06,66,71,435,0
2025-03-27,DS-Amsterdam-01,Dairy,DAI-01,61,46,174,0
2025-03-27,DS-Amsterdam-01,Dairy,DAI-02,46,48,167,0
2025-03-27,DS-Amsterdam-01,Dairy,DAI-03,60,52,179,0
2025-03-27,DS-Amsterdam-01,Dairy,DAI-04,44,53,147,0
2025-03-27,DS-Amsterdam-01,Dairy,DAI-05,37,43,140,0
2025-03-27,DS-Amsterdam-01,Dairy,DAI-06,37,51,131,0
2025-03-27,DS-Amsterdam-01,Beverages,BEV-01,152,134,464,1
2025-03-27,DS-Amsterdam-01,Beverages,BEV-02,70,77,209,0
2025-03-27,DS-Amsterdam-01,Beverages,BEV-03,76,73,267,0
2025-03-27,DS-Amsterdam-01,Beverages,BEV-04,65,89,236,0
2025-03-27,DS-Amsterdam-01,Beverages,BEV-05,147,137,570,1
2025-03-27,DS-Amsterdam-01,Beverages,BEV-06,86,71,269,0
2025-03-27,DS-Amsterdam-01,Snacks,SNA-01,64,72,89,0
2025-03-27,DS-Amsterdam-01,Snacks,SNA-02,71,53,89,0
2025-03-27,DS-Amsterdam-01,Snacks,SNA-03,73,56,89,0
2025-03-27,DS-Amsterdam-01,Snacks,SNA-04,59,67,82,0
2025-03-27,DS-Amsterdam-01,Snacks,SNA-05,75,60,127,0
2025-03-27,DS-Amsterdam-01,Snacks,SNA-06,67,56,97,0
2025-03-27,DS-Amsterdam-01,Household,HOU-01,37,28,142,0
2025-03-27,DS-Amsterdam-01,Household,HOU-02,35,37,144,0
2025-03-27,DS-Amsterdam-01,Household,HOU-03,32,31,116,0
2025-03-27,DS-Amsterdam-01,Household,HOU-04,30,25,91,0
2025-03-27,DS-Amsterdam-01,Household,HOU-05,23,25,96,0
2025-03-27,DS-Amsterdam-01,Household,HOU-06,32,32,126,0
2025-03-27,DS-Amsterdam-02,Fresh Produce,FRE-01,44,57,302,0
2025-03-27,DS-Amsterdam-02,Fresh Produce,FRE-02,58,54,324,0
2025-03-27,DS-Amsterdam-02,Fresh Produce,FRE-03,45,51,299,0
2025-03-27,DS-Amsterdam-02,Fresh Produce,FRE-04,49,61,298,0
2025-03-27,DS-Amsterdam-02,Fresh Produce,FRE-05,64,53,414,0
2025-03-27,DS-Amsterdam-02,Fresh Produce,FRE-06,54,58,325,0
2025-03-27,DS-Amsterdam-02,Dairy,DAI-01,74,63,255,1
2025-03-27,DS-Amsterdam-02,Dairy,DAI-02,43,35,140,0
2025-03-27,DS-Amsterdam-02,Dairy,DAI-03,43,44,149,0
2025-03-27,DS-Amsterdam-02,Dairy,DAI-04,40,37,138,0
2025-03-27,DS-Amsterdam-02,Dairy,DAI-05,39,49,121,0
2025-03-27,DS-Amsterdam-02,Dairy,DAI-06,35,51,113,0
2025-03-27,DS-Amsterdam-02,Beverages,BEV-01,71,70,275,0
2025-03-27,DS-Amsterdam-02,Beverages,BEV-02,64,71,211,0
2025-03-27,DS-Amsterdam-02,Beverages,BEV-03,64,73,266,0
2025-03-27,DS-Amsterdam-02,Beverages,BEV-04,74,68,298,0
2025-03-27,DS-Amsterdam-02,Beverages,BEV-05,58,57,204,0
2025-03-27,DS-Amsterdam-02,Beverages,BEV-06,59,68,222,0
2025-03-27,DS-Amsterdam-02,Snacks,SNA-01,55,53,93,0
2025-03-27,DS-Amsterdam-02,Snacks,SNA-02,110,104,133,1
2025-03-27,DS-Amsterdam-02,Snacks,SNA-03,56,51,71,0
2025-03-27,DS-Amsterdam-02,Snacks,SNA-04,58,47,89,0
2025-03-27,DS-Amsterdam-02,Snacks,SNA-05,55,60,74,0
2025-03-27,DS-Amsterdam-02,Snacks,SNA-06,60,54,73,0
2025-03-27,DS-Amsterdam-02,Household,HOU-01,28,31,92,0
2025-03-27,DS-Amsterdam-02,Household,HOU-02,37,23,108,0
2025-03-27,DS-Amsterdam-02,Household,HOU-03,27,28,110,0
2025-03-27,DS-Amsterdam-02,Household,HOU-04,28,30,78,0
2025-03-27,DS-Amsterdam-02,Household,HOU-05,30,27,120,0
2025-03-27,DS-Amsterdam-02,Household,HOU-06,29,30,100,0
2025-03-27,DS-Rotterdam-01,Fresh Produce,FRE-01,62,75,442,0
2025-03-27,DS-Rotterdam-01,Fresh Produce,FRE-02,73,81,360,0
2025-03-27,DS-Rotterdam-01,Fresh Produce,FRE-03,67,68,338,0
2025-03-27,DS-Rotterdam-01,Fresh Produce,FRE-04,74,71,467,0
2025-03-27,DS-Rotterdam-01,Fresh Produce,FRE-05,60,71,351,0
2025-03-27,DS-Rotterdam-01,Fresh Produce,FRE-06,69,71,410,0
2025-03-27,DS-Rotterdam-01,Dairy,DAI-01,89,88,271,1
2025-03-27,DS-Rotterdam-01,Dairy,DAI-02,60,56,213,0
2025-03-27,DS-Rotterdam-01,Dairy,DAI-03,61,49,243,0
2025-03-27,DS-Rotterdam-01,Dairy,DAI-04,56,55,166,0
2025-03-27,DS-Rotterdam-01,Dairy,DAI-05,106,91,378,1
2025-03-27,DS-Rotterdam-01,Dairy,DAI-06,57,49,201,0
2025-03-27,DS-Rotterdam-01,Beverages,BEV-01,77,89,309,0
2025-03-27,DS-Rotterdam-01,Beverages,BEV-02,84,97,262,0
2025-03-27,DS-Rotterdam-01,Beverages,BEV-03,89,118,333,0
2025-03-27,DS-Rotterdam-01,Beverages,BEV-04,109,81,433,0
2025-03-27,DS-Rotterdam-01,Beverages,BEV-05,92,84,286,0
2025-03-27,DS-Rotterdam-01,Beverages,BEV-06,88,90,315,0
2025-03-27,DS-Rotterdam-01,Snacks,SNA-01,98,70,143,0
2025-03-27,DS-Rotterdam-01,Snacks,SNA-02,90,52,141,0
2025-03-27,DS-Rotterdam-01,Snacks,SNA-03,86,68,143,0
2025-03-27,DS-Rotterdam-01,Snacks,SNA-04,73,64,129,0
2025-03-27,DS-Rotterdam-01,Snacks,SNA-05,137,118,240,1
2025-03-27,DS-Rotterdam-01,Snacks,SNA-06,80,56,140,0
2025-03-27,DS-Rotterdam-01,Household,HOU-01,34,37,100,0
2025-03-27,DS-Rotterdam-01,Household,HOU-02,43,38,140,0
2025-03-27,DS-Rotterdam-01,Household,HOU-03,39,42,127,0
2025-03-27,DS-Rotterdam-01,Household,HOU-04,22,34,87,0
2025-03-27,DS-Rotterdam-01,Household,HOU-05,40,37,128,0
2025-03-27,DS-Rotterdam-01,Household,HOU-06,49,35,158,0
2025-03-27,DS-Utrecht-01,Fresh Produce,FRE-01,61,59,407,0
2025-03-27,DS-Utrecht-01,Fresh Produce,FRE-02,64,83,415,0
2025-03-27,DS-Utrecht-01,Fresh Produce,FRE-03,68,78,458,0
2025-03-27,DS-Utrecht-01,Fresh Produce,FRE-04,68,83,481,0
2025-03-27,DS-Utrecht-01,Fresh Produce,FRE-05,61,82,338,0
2025-03-27,DS-Utrecht-01,Fresh Produce,FRE-06,122,192,775,1
2025-03-27,DS-Utrecht-01,Dairy,DAI-01,64,52,229,0
2025-03-27,DS-Utrecht-01,Dairy,DAI-02,57,48,201,0
2025-03-27,DS-Utrecht-01,Dairy,DAI-03,59,65,184,0
2025-03-27,DS-Utrecht-01,Dairy,DAI-04,53,50,190,0
2025-03-27,DS-Utrecht-01,Dairy,DAI-05,48,57,151,0
2025-03-27,DS-Utrecht-01,Dairy,DAI-06,76,86,307,1
2025-03-27,DS-Utrecht-01,Beverages,BEV-01,78,100,301,0
2025-03-27,DS-Utrecht-01,Beverages,BEV-02,85,81,290,0
2025-03-27,DS-Utrecht-01,Beverages,BEV-03,87,70,261,0
2025-03-27,DS-Utrecht-01,Beverages,BEV-04,87,74,306,0
2025-03-27,DS-Utrecht-01,Beverages,BEV-05,87,101,323,0
2025-03-27,DS-Utrecht-01,Beverages,BEV-06,154,127,595,1
2025-03-27,DS-Utrecht-01,Snacks,SNA-01,71,62,113,0
2025-03-27,DS-Utrecht-01,Snacks,SNA-02,76,57,96,0
2025-03-27,DS-Utrecht-01,Snacks,SNA-03,85,76,149,0
2025-03-27,DS-Utrecht-01,Snacks,SNA-04,154,127,191,1
2025-03-27,DS-Utrecht-01,Snacks,SNA-05,132,119,205,1
2025-03-27,DS-Utrecht-01,Snacks,SNA-06,78,64,102,0
2025-03-27,DS-Utrecht-01,Household,HOU-01,28,28,117,0
2025-03-27,DS-Utrecht-01,Household,HOU-02,34,34,128,0
2025-03-27,DS-Utrecht-01,Household,HOU-03,42,32,153,0
2025-03-27,DS-Utrecht-01,Household,HOU-04,36,38,123,0
2025-03-27,DS-Utrecht-01,Household,HOU-05,31,43,125,0
2025-03-27,DS-Utrecht-01,Household,HOU-06,36,34,106,0
2025-03-27,DS-TheHague-01,Fresh Produce,FRE-01,68,73,374,0
2025-03-27,DS-TheHague-01,Fresh Produce,FRE-02,70,71,360,0
2025-03-27,DS-TheHague-01,Fresh Produce,FRE-03,80,82,452,0
2025-03-27,DS-TheHague-01,Fresh Produce,FRE-04,68,68,471,0
2025-03-27,DS-TheHague-01,Fresh Produce,FRE-05,59,71,353,0
2025-03-27,DS-TheHague-01,Fresh Produce,FRE-06,68,68,484,0
2025-03-27,DS-TheHague-01,Dairy,DAI-01,55,46,170,0
2025-03-27,DS-TheHague-01,Dairy,DAI-02,53,48,168,0
2025-03-27,DS-TheHague-01,Dairy,DAI-03,51,37,165,0
2025-03-27,DS-TheHague-01,Dairy,DAI-04,50,63,151,0
2025-03-27,DS-TheHague-01,Dairy,DAI-05,41,43,126,0
2025-03-27,DS-TheHague-01,Dairy,DAI-06,50,53,179,0
2025-03-27,DS-TheHague-01,Beverages,BEV-01,94,84,321,0
2025-03-27,DS-TheHague-01,Beverages,BEV-02,88,94,328,0
2025-03-27,DS-TheHague-01,Beverages,BEV-03,81,101,311,0
2025-03-27,DS-TheHague-01,Beverages,BEV-04,89,106,288,0
2025-03-27,DS-TheHague-01,Beverages,BEV-05,80,75,227,0
2025-03-27,DS-TheHague-01,Beverages,BEV-06,87,88,297,0
2025-03-27,DS-TheHague-01,Snacks,SNA-01,97,75,131,0
2025-03-27,DS-TheHague-01,Snacks,SNA-02,71,73,122,0
2025-03-27,DS-TheHague-01,Snacks,SNA-03,80,57,141,0
2025-03-27,DS-TheHague-01,Snacks,SNA-04,89,66,149,0
2025-03-27,DS-TheHague-01,Snacks,SNA-05,79,60,99,0
2025-03-27,DS-TheHague-01,Snacks,SNA-06,74,60,103,0
2025-03-27,DS-TheHague-01,Household,HOU-01,54,70,167,1
2025-03-27,DS-TheHague-01,Household,HOU-02,36,30,147,0
2025-03-27,DS-TheHague-01,Household,HOU-03,27,31,111,0
2025-03-27,DS-TheHague-01,Household,HOU-04,34,28,98,0
2025-03-27,DS-TheHague-01,Household,HOU-05,36,40,150,0
2025-03-27,DS-TheHague-01,Household,HOU-06,42,35,160,0
2025-03-28,DS-Amsterdam-01,Fresh Produce,FRE-01,66,66,333,0
2025-03-28,DS-Amsterdam-01,Fresh Produce,FRE-02,50,83,320,0
2025-03-28,DS-Amsterdam-01,Fresh Produce,FRE-03,147,132,836,1
2025-03-28,DS-Amsterdam-01,Fresh Produce,FRE-04,64,68,388,0
2025-03-28,DS-Amsterdam-01,Fresh Produce,FRE-05,114,199,733,1
2025-03-28,DS-Amsterdam-01,Fresh Produce,FRE-06,66,83,370,0
2025-03-28,DS-Amsterdam-01,Dairy,DAI-01,52,53,178,0
2025-03-28,DS-Amsterdam-01,Dairy,DAI-02,55,50,171,0
2025-03-28,DS-Amsterdam-01,Dairy,DAI-03,105,100,423,1
2025-03-28,DS-Amsterdam-01,Dairy,DAI-04,56,55,179,0
2025-03-28,DS-Amsterdam-01,Dairy,DAI-05,49,55,152,0
2025-03-28,DS-Amsterdam-01,Dairy,DAI-06,59,54,174,0
2025-03-28,DS-Amsterdam-01,Beverages,BEV-01,154,147,605,1
2025-03-28,DS-Amsterdam-01,Beverages,BEV-02,81,108,294,0
2025-03-28,DS-Amsterdam-01,Beverages,BEV-03,92,93,290,0
2025-03-28,DS-Amsterdam-01,Beverages,BEV-04,93,85,327,0
2025-03-28,DS-Amsterdam-01,Beverages,BEV-05,101,72,394,0
2025-03-28,DS-Amsterdam-01,Beverages,BEV-06,104,81,347,0
2025-03-28,DS-Amsterdam-01,Snacks,SNA-01,75,67,110,0
2025-03-28,DS-Amsterdam-01,Snacks,SNA-02,69,52,110,0
2025-03-28,DS-Amsterdam-01,Snacks,SNA-03,66,74,90,0
2025-03-28,DS-Amsterdam-01,Snacks,SNA-04,71,71,123,0
2025-03-28,DS-Amsterdam-01,Snacks,SNA-05,94,64,116,0
2025-03-28,DS-Amsterdam-01,Snacks,SNA-06,71,76,96,0
2025-03-28,DS-Amsterdam-01,Household,HOU-01,38,36,117,0
2025-03-28,DS-Amsterdam-01,Household,HOU-02,33,31,130,0
2025-03-28,DS-Amsterdam-01,Household,HOU-03,31,39,121,0
2025-03-28,DS-Amsterdam-01,Household,HOU-04,40,39,143,0
2025-03-28,DS-Amsterdam-01,Household,HOU-05,27,41,112,0
2025-03-28,DS-Amsterdam-01,Household,HOU-06,38,38,111,0
2025-03-28,DS-Amsterdam-02,Fresh Produce,FRE-01,67,60,368,0
2025-03-28,DS-Amsterdam-02,Fresh Produce,FRE-02,61,59,390,0
2025-03-28,DS-Amsterdam-02,Fresh Produce,FRE-03,46,60,260,0
2025-03-28,DS-Amsterdam-02,Fresh Produce,FRE-04,54,58,372,0
2025-03-28,DS-Amsterdam-02,Fresh Produce,FRE-05,48,59,284,0
2025-03-28,DS-Amsterdam-02,Fresh Produce,FRE-06,51,69,291,0
2025-03-28,DS-Amsterdam-02,Dairy,DAI-01,36,35,143,0
2025-03-28,DS-Amsterdam-02,Dairy,DAI-02,52,46,168,0
2025-03-28,DS-Amsterdam-02,Dairy,DAI-03,46,47,165,0
2025-03-28,DS-Amsterdam-02,Dairy,DAI-04,34,45,108,0
2025-03-28,DS-Amsterdam-02,Dairy,DAI-05,34,39,102,0
2025-03-28,DS-Amsterdam-02,Dairy,DAI-06,87,68,319,1
2025-03-28,DS-Amsterdam-02,Beverages,BEV-01,59,77,219,0
2025-03-28,DS-Amsterdam-02,Beverages,BEV-02,79,74,252,0
2025-03-28,DS-Amsterdam-02,Beverages,BEV-03,82,70,334,0
2025-03-28,DS-Amsterdam-02,Beverages,BEV-04,65,73,233,0
2025-03-28,DS-Amsterdam-02,Beverages,BEV-05,74,79,265,0
2025-03-28,DS-Amsterdam-02,Beverages,BEV-06,72,72,239,0
2025-03-28,DS-Amsterdam-02,Snacks,SNA-01,64,47,104,0
2025-03-28,DS-Amsterdam-02,Snacks,SNA-02,56,48,83,0
2025-03-28,DS-Amsterdam-02,Snacks,SNA-03,66,42,93,0
2025-03-28,DS-Amsterdam-02,Snacks,SNA-04,74,53,127,0
2025-03-28,DS-Amsterdam-02,Snacks,SNA-05,65,58,114,0
2025-03-28,DS-Amsterdam-02,Snacks,SNA-06,61,58,85,0
2025-03-28,DS-Amsterdam-02,Household,HOU-01,36,30,124,0
2025-03-28,DS-Amsterdam-02,Household,HOU-02,24,26,91,0
2025-03-28,DS-Amsterdam-02,Household,HOU-03,29,31,84,0
2025-03-28,DS-Amsterdam-02,Household,HOU-04,36,32,132,0
2025-03-28,DS-Amsterdam-02,Household,HOU-05,27,33,86,0
2025-03-28,DS-Amsterdam-02,Household,HOU-06,32,27,115,0
2025-03-28,DS-Rotterdam-01,Fresh Produce,FRE-01,53,62,268,0
2025-03-28,DS-Rotterdam-01,Fresh Produce,FRE-02,47,58,299,0
2025-03-28,DS-Rotterdam-01,Fresh Produce,FRE-03,57,58,351,0
2025-03-28,DS-Rotterdam-01,Fresh Produce,FRE-04,49,73,239,0
2025-03-28,DS-Rotterdam-01,Fresh Produce,FRE-05,51,66,329,0
2025-03-28,DS-Rotterdam-01,Fresh Produce,FRE-06,63,58,407,0
2025-03-28,DS-Rotterdam-01,Dairy,DAI-01,38,44,143,0
2025-03-28,DS-Rotterdam-01,Dairy,DAI-02,39,42,163,0
2025-03-28,DS-Rotterdam-01,Dairy,DAI-03,45,41,185,0
2025-03-28,DS-Rotterdam-01,Dairy,DAI-04,73,54,260,1
2025-03-28,DS-Rotterdam-01,Dairy,DAI-05,41,41,122,0
2025-03-28,DS-Rotterdam-01,Dairy,DAI-06,54,40,153,0
2025-03-28,DS-Rotterdam-01,Beverages,BEV-01,77,62,322,0
2025-03-28,DS-Rotterdam-01,Beverages,BEV-02,64,64,243,0
2025-03-28,DS-Rotterdam-01,Beverages,BEV-03,64,72,199,0
2025-03-28,DS-Rotterdam-01,Beverages,BEV-04,79,73,288,0
2025-03-28,DS-Rotterdam-01,Beverages,BEV-05,81,68,327,0
2025-03-28,DS-Rotterdam-01,Beverages,BEV-06,65,87,206,0
2025-03-28,DS-Rotterdam-01,Snacks,SNA-01,64,44,111,0
2025-03-28,DS-Rotterdam-01,Snacks,SNA-02,58,46,101,0
2025-03-28,DS-Rotterdam-01,Snacks,SNA-03,68,55,86,0
2025-03-28,DS-Rotterdam-01,Snacks,SNA-04,72,50,93,0
2025-03-28,DS-Rotterdam-01,Snacks,SNA-05,65,56,98,0
2025-03-28,DS-Rotterdam-01,Snacks,SNA-06,70,57,90,0
2025-03-28,DS-Rotterdam-01,Household,HOU-01,17,24,50,0
2025-03-28,DS-Rotterdam-01,Household,HOU-02,25,27,76,0
2025-03-28,DS-Rotterdam-01,Household,HOU-03,23,22,78,0
2025-03-28,DS-Rotterdam-01,Household,HOU-04,32,28,133,0
2025-03-28,DS-Rotterdam-01,Household,HOU-05,28,28,93,0
2025-03-28,DS-Rotterdam-01,Household,HOU-06,20,28,78,0
2025-03-28,DS-Utrecht-01,Fresh Produce,FRE-01,61,68,318,0
2025-03-28,DS-Utrecht-01,Fresh Produce,FRE-02,75,81,421,0
2025-03-28,DS-Utrecht-01,Fresh Produce,FRE-03,109,150,645,1
2025-03-28,DS-Utrecht-01,Fresh Produce,FRE-04,71,70,356,0
2025-03-28,DS-Utrecht-01,Fresh Produce,FRE-05,67,71,373,0
2025-03-28,DS-Utrecht-01,Fresh Produce,FRE-06,60,60,392,0
2025-03-28,DS-Utrecht-01,Dairy,DAI-01,93,73,351,1
2025-03-28,DS-Utrecht-01,Dairy,DAI-02,54,43,222,0
2025-03-28,DS-Utrecht-01,Dairy,DAI-03,56,60,224,0
2025-03-28,DS-Utrecht-01,Dairy,DAI-04,59,52,240,0
2025-03-28,DS-Utrecht-01,Dairy,DAI-05,49,53,182,0
2025-03-28,DS-Utrecht-01,Dairy,DAI-06,69,40,199,0
2025-03-28,DS-Utrecht-01,Beverages,BEV-01,101,97,302,0
2025-03-28,DS-Utrecht-01,Beverages,BEV-02,89,91,261,0
2025-03-28,DS-Utrecht-01,Beverages,BEV-03,98,83,296,0
2025-03-28,DS-Utrecht-01,Beverages,BEV-04,90,75,356,0
2025-03-28,DS-Utrecht-01,Beverages,BEV-05,165,173,645,1
2025-03-28,DS-Utrecht-01,Beverages,BEV-06,77,80,269,0
2025-03-28,DS-Utrecht-01,Snacks,SNA-01,68,67,88,0
2025-03-28,DS-Utrecht-01,Snacks,SNA-02,70,70,110,0
2025-03-28,DS-Utrecht-01,Snacks,SNA-03,90,58,115,0
2025-03-28,DS-Utrecht-01,Snacks,SNA-04,72,78,100,0
2025-03-28,DS-Utrecht-01,Snacks,SNA-05,75,61,121,0
2025-03-28,DS-Utrecht-01,Snacks,SNA-06,83,76,115,0
2025-03-28,DS-Utrecht-01,Household,HOU-01,39,34,155,0
2025-03-28,DS-Utrecht-01,Household,HOU-02,38,31,158,0
2025-03-28,DS-Utrecht-01,Household,HOU-03,30,33,90,0
2025-03-28,DS-Utrecht-01,Household,HOU-04,37,33,132,0
2025-03-28,DS-Utrecht-01,Household,HOU-05,30,24,125,0
2025-03-28,DS-Utrecht-01,Household,HOU-06,38,39,132,0
2025-03-28,DS-TheHague-01,Fresh Produce,FRE-01,63,78,356,0
2025-03-28,DS-TheHague-01,Fresh Produce,FRE-02,67,51,415,0
2025-03-28,DS-TheHague-01,Fresh Produce,FRE-03,65,70,316,0
2025-03-28,DS-TheHague-01,Fresh Produce,FRE-04,58,73,349,0
2025-03-28,DS-TheHague-01,Fresh Produce,FRE-05,60,79,374,0
2025-03-28,DS-TheHague-01,Fresh Produce,FRE-06,69,65,415,0
2025-03-28,DS-TheHague-01,Dairy,DAI-01,51,53,164,0
2025-03-28,DS-TheHague-01,Dairy,DAI-02,41,44,171,0
2025-03-28,DS-TheHague-01,Dairy,DAI-03,55,40,184,0
2025-03-28,DS-TheHague-01,Dairy,DAI-04,47,43,162,0
2025-03-28,DS-TheHague-01,Dairy,DAI-05,56,67,162,0
2025-03-28,DS-TheHague-01,Dairy,DAI-06,41,52,164,0
2025-03-28,DS-TheHague-01,Beverages,BEV-01,100,77,409,0
2025-03-28,DS-TheHague-01,Beverages,BEV-02,88,97,313,0
2025-03-28,DS-TheHague-01,Beverages,BEV-03,88,107,265,0
2025-03-28,DS-TheHague-01,Beverages,BEV-04,94,83,263,0
2025-03-28,DS-TheHague-01,Beverages,BEV-05,92,81,367,0
2025-03-28,DS-TheHague-01,Beverages,BEV-06,85,104,356,0
2025-03-28,DS-TheHague-01,Snacks,SNA-01,89,63,130,0
2025-03-28,DS-TheHague-01,Snacks,SNA-02,80,63,133,0
2025-03-28,DS-TheHague-01,Snacks,SNA-03,83,66,127,0
2025-03-28,DS-TheHague-01,Snacks,SNA-04,83,70,135,0
2025-03-28,DS-TheHague-01,Snacks,SNA-05,90,49,144,0
2025-03-28,DS-TheHague-01,Snacks,SNA-06,74,61,93,0
2025-03-28,DS-TheHague-01,Household,HOU-01,32,38,106,0
2025-03-28,DS-TheHague-01,Household,HOU-02,38,25,132,0
2025-03-28,DS-TheHague-01,Household,HOU-03,45,32,180,0
2025-03-28,DS-TheHague-01,Household,HOU-04,37,42,138,0
2025-03-28,DS-TheHague-01,Household,HOU-05,49,29,142,0
2025-03-28,DS-TheHague-01,Household,HOU-06,29,31,105,0
2025-03-29,DS-Amsterdam-01,Fresh Produce,FRE-01,71,80,445,0
2025-03-29,DS-Amsterdam-01,Fresh Produce,FRE-02,78,84,543,0
2025-03-29,DS-Amsterdam-01,Fresh Produce,FRE-03,70,94,445,0
2025-03-29,DS-Amsterdam-01,Fresh Produce,FRE-04,84,105,559,0
2025-03-29,DS-Amsterdam-01,Fresh Produce,FRE-05,71,87,385,0
2025-03-29,DS-Amsterdam-01,Fresh Produce,FRE-06,74,88,368,0
2025-03-29,DS-Amsterdam-01,Dairy,DAI-01,66,50,263,0
2025-03-29,DS-Amsterdam-01,Dairy,DAI-02,55,57,207,0
2025-03-29,DS-Amsterdam-01,Dairy,DAI-03,42,51,127,0
2025-03-29,DS-Amsterdam-01,Dairy,DAI-04,65,70,203,0
2025-03-29,DS-Amsterdam-01,Dairy,DAI-05,55,56,169,0
2025-03-29,DS-Amsterdam-01,Dairy,DAI-06,62,56,232,0
2025-03-29,DS-Amsterdam-01,Beverages,BEV-01,103,109,299,0
2025-03-29,DS-Amsterdam-01,Beverages,BEV-02,104,84,307,0
2025-03-29,DS-Amsterdam-01,Beverages,BEV-03,104,85,340,0
2025-03-29,DS-Amsterdam-01,Beverages,BEV-04,93,110,282,0
2025-03-29,DS-Amsterdam-01,Beverages,BEV-05,106,101,362,0
2025-03-29,DS-Amsterdam-01,Beverages,BEV-06,101,87,424,0
2025-03-29,DS-Amsterdam-01,Snacks,SNA-01,93,66,116,0
2025-03-29,DS-Amsterdam-01,Snacks,SNA-02,71,79,114,0
2025-03-29,DS-Amsterdam-01,Snacks,SNA-03,90,80,147,0
2025-03-29,DS-Amsterdam-01,Snacks,SNA-04,71,69,89,0
2025-03-29,DS-Amsterdam-01,Snacks,SNA-05,88,71,156,0
2025-03-29,DS-Amsterdam-01,Snacks,SNA-06,80,66,116,0
2025-03-29,DS-Amsterdam-01,Household,HOU-01,37,36,143,0
2025-03-29,DS-Amsterdam-01,Household,HOU-02,40,37,122,0
2025-03-29,DS-Amsterdam-01,Household,HOU-03,40,37,159,0
2025-03-29,DS-Amsterdam-01,Household,HOU-04,44,45,165,0
2025-03-29,DS-Amsterdam-01,Household,HOU-05,42,44,149,0
2025-03-29,DS-Amsterdam-01,Household,HOU-06,45,42,127,0
2025-03-29,DS-Amsterdam-02,Fresh Produce,FRE-01,71,99,486,0
2025-03-29,DS-Amsterdam-02,Fresh Produce,FRE-02,59,70,399,0
2025-03-29,DS-Amsterdam-02,Fresh Produce,FRE-03,59,69,407,0
2025-03-29,DS-Amsterdam-02,Fresh Produce,FRE-04,53,78,297,0
2025-03-29,DS-Amsterdam-02,Fresh Produce,FRE-05,67,57,418,0
2025-03-29,DS-Amsterdam-02,Fresh Produce,FRE-06,61,66,332,0
2025-03-29,DS-Amsterdam-02,Dairy,DAI-01,50,52,157,0
2025-03-29,DS-Amsterdam-02,Dairy,DAI-02,45,47,143,0
2025-03-29,DS-Amsterdam-02,Dairy,DAI-03,45,48,163,0
2025-03-29,DS-Amsterdam-02,Dairy,DAI-04,32,62,97,0
2025-03-29,DS-Amsterdam-02,Dairy,DAI-05,46,39,144,0
2025-03-29,DS-Amsterdam-02,Dairy,DAI-06,51,38,162,0
2025-03-29,DS-Amsterdam-02,Beverages,BEV-01,84,76,286,0
2025-03-29,DS-Amsterdam-02,Beverages,BEV-02,98,94,274,0
2025-03-29,DS-Amsterdam-02,Beverages,BEV-03,83,92,310,0
2025-03-29,DS-Amsterdam-02,Beverages,BEV-04,73,72,204,0
2025-03-29,DS-Amsterdam-02,Beverages,BEV-05,93,74,278,0
2025-03-29,DS-Amsterdam-02,Beverages,BEV-06,97,77,346,0
2025-03-29,DS-Amsterdam-02,Snacks,SNA-01,81,64,103,0
2025-03-29,DS-Amsterdam-02,Snacks,SNA-02,71,62,111,0
2025-03-29,DS-Amsterdam-02,Snacks,SNA-03,87,50,125,0
2025-03-29,DS-Amsterdam-02,Snacks,SNA-04,92,67,164,0
2025-03-29,DS-Amsterdam-02,Snacks,SNA-05,80,66,101,0
2025-03-29,DS-Amsterdam-02,Snacks,SNA-06,63,55,102,0
2025-03-29,DS-Amsterdam-02,Household,HOU-01,43,38,132,0
2025-03-29,DS-Amsterdam-02,Household,HOU-02,27,29,106,0
2025-03-29,DS-Amsterdam-02,Household,HOU-03,31,31,115,0
2025-03-29,DS-Amsterdam-02,Household,HOU-04,39,30,111,0
2025-03-29,DS-Amsterdam-02,Household,HOU-05,38,26,110,0
2025-03-29,DS-Amsterdam-02,Household,HOU-06,25,47,101,0
2025-03-29,DS-Rotterdam-01,Fresh Produce,FRE-01,68,84,486,0
2025-03-29,DS-Rotterdam-01,Fresh Produce,FRE-02,56,73,339,0
2025-03-29,DS-Rotterdam-01,Fresh Produce,FRE-03,58,68,334,0
2025-03-29,DS-Rotterdam-01,Fresh Produce,FRE-04,109,127,703,1
2025-03-29,DS-Rotterdam-01,Fresh Produce,FRE-05,68,70,474,0
2025-03-29,DS-Rotterdam-01,Fresh Produce,FRE-06,56,73,360,0
2025-03-29,DS-Rotterdam-01,Dairy,DAI-01,45,56,153,0
2025-03-29,DS-Rotterdam-01,Dairy,DAI-02,57,52,228,0
2025-03-29,DS-Rotterdam-01,Dairy,DAI-03,38,49,125,0
2025-03-29,DS-Rotterdam-01,Dairy,DAI-04,43,54,175,0
2025-03-29,DS-Rotterdam-01,Dairy,DAI-05,41,54,155,0
2025-03-29,DS-Rotterdam-01,Dairy,DAI-06,65,50,231,0
2025-03-29,DS-Rotterdam-01,Beverages,BEV-01,83,96,233,0
2025-03-29,DS-Rotterdam-01,Beverages,BEV-02,82,86,239,0
2025-03-29,DS-Rotterdam-01,Beverages,BEV-03,71,79,253,0
2025-03-29,DS-Rotterdam-01,Beverages,BEV-04,82,83,299,0
2025-03-29,DS-Rotterdam-01,Beverages,BEV-05,84,80,248,0
2025-03-29,DS-Rotterdam-01,Beverages,BEV-06,97,89,372,0
2025-03-29,DS-Rotterdam-01,Snacks,SNA-01,71,69,88,0
2025-03-29,DS-Rotterdam-01,Snacks,SNA-02,86,64,137,0
2025-03-29,DS-Rotterdam-01,Snacks,SNA-03,61,65,103,0
2025-03-29,DS-Rotterdam-01,Snacks,SNA-04,62,68,96,0
2025-03-29,DS-Rotterdam-01,Snacks,SNA-05,66,70,84,0
2025-03-29,DS-Rotterdam-01,Snacks,SNA-06,75,70,108,0
2025-03-29,DS-Rotterdam-01,Household,HOU-01,25,33,99,0
2025-03-29,DS-Rotterdam-01,Household,HOU-02,34,37,138,0
2025-03-29,DS-Rotterdam-01,Household,HOU-03,32,34,116,0
2025-03-29,DS-Rotterdam-01,Household,HOU-04,77,59,315,1
2025-03-29,DS-Rotterdam-01,Household,HOU-05,28,33,104,0
2025-03-29,DS-Rotterdam-01,Household,HOU-06,32,32,113,0
2025-03-29,DS-Utrecht-01,Fresh Produce,FRE-01,99,114,538,0
2025-03-29,DS-Utrecht-01,Fresh Produce,FRE-02,87,122,422,0
2025-03-29,DS-Utrecht-01,Fresh Produce,FRE-03,77,82,459,0
2025-03-29,DS-Utrecht-01,Fresh Produce,FRE-04,77,101,449,0
2025-03-29,DS-Utrecht-01,Fresh Produce,FRE-05,87,113,515,0
2025-03-29,DS-Utrecht-01,Fresh Produce,FRE-06,166,168,991,1
2025-03-29,DS-Utrecht-01,Dairy,DAI-01,72,91,280,0
2025-03-29,DS-Utrecht-01,Dairy,DAI-02,76,89,232,0
2025-03-29,DS-Utrecht-01,Dairy,DAI-03,73,62,236,0
2025-03-29,DS-Utrecht-01,Dairy,DAI-04,67,74,250,0
2025-03-29,DS-Utrecht-01,Dairy,DAI-05,73,62,239,0
2025-03-29,DS-Utrecht-01,Dairy,DAI-06,83,72,269,0
2025-03-29,DS-Utrecht-01,Beverages,BEV-01,220,229,758,1
2025-03-29,DS-Utrecht-01,Beverages,BEV-02,121,109,481,0
2025-03-29,DS-Utrecht-01,Beverages,BEV-03,117,150,421,0
2025-03-29,DS-Utrecht-01,Beverages,BEV-04,127,145,426,0
2025-03-29,DS-Utrecht-01,Beverages,BEV-05,98,124,390,0
2025-03-29,DS-Utrecht-01,Beverages,BEV-06,116,111,400,0
2025-03-29,DS-Utrecht-01,Snacks,SNA-01,100,77,131,0
2025-03-29,DS-Utrecht-01,Snacks,SNA-02,109,98,180,0
2025-03-29,DS-Utrecht-01,Snacks,SNA-03,222,189,333,1
2025-03-29,DS-Utrecht-01,Snacks,SNA-04,118,109,175,0
2025-03-29,DS-Utrecht-01,Snacks,SNA-05,115,78,162,0
2025-03-29,DS-Utrecht-01,Snacks,SNA-06,196,166,258,1
2025-03-29,DS-Utrecht-01,Household,HOU-01,57,57,189,0
2025-03-29,DS-Utrecht-01,Household,HOU-02,50,48,200,0
2025-03-29,DS-Utrecht-01,Household,HOU-03,45,55,157,0
2025-03-29,DS-Utrecht-01,Household,HOU-04,52,51,189,0
2025-03-29,DS-Utrecht-01,Household,HOU-05,50,51,186,0
2025-03-29,DS-Utrecht-01,Household,HOU-06,61,46,205,0
2025-03-29,DS-TheHague-01,Fresh Produce,FRE-01,111,101,750,0
2025-03-29,DS-TheHague-01,Fresh Produce,FRE-02,77,98,371,0
2025-03-29,DS-TheHague-01,Fresh Produce,FRE-03,71,101,410,0
2025-03-29,DS-TheHague-01,Fresh Produce,FRE-04,101,117,722,0
2025-03-29,DS-TheHague-01,Fresh Produce,FRE-05,81,109,564,0
2025-03-29,DS-TheHague-01,Fresh Produce,FRE-06,93,101,624,0
2025-03-29,DS-TheHague-01,Dairy,DAI-01,64,79,229,0
2025-03-29,DS-TheHague-01,Dairy,DAI-02,64,61,191,0
2025-03-29,DS-TheHague-01,Dairy,DAI-03,60,63,169,0
2025-03-29,DS-TheHague-01,Dairy,DAI-04,50,69,174,0
2025-03-29,DS-TheHague-01,Dairy,DAI-05,70,81,226,0
2025-03-29,DS-TheHague-01,Dairy,DAI-06,72,72,281,0
2025-03-29,DS-TheHague-01,Beverages,BEV-01,99,99,339,0
2025-03-29,DS-TheHague-01,Beverages,BEV-02,113,93,427,0
2025-03-29,DS-TheHague-01,Beverages,BEV-03,125,110,409,0
2025-03-29,DS-TheHague-01,Beverages,BEV-04,113,124,371,0
2025-03-29,DS-TheHague-01,Beverages,BEV-05,119,102,408,0
2025-03-29,DS-TheHague-01,Beverages,BEV-06,130,108,450,0
2025-03-29,DS-TheHague-01,Snacks,SNA-01,109,69,141,0
2025-03-29,DS-TheHague-01,Snacks,SNA-02,89,82,141,0
2025-03-29,DS-TheHague-01,Snacks,SNA-03,95,91,125,0
2025-03-29,DS-TheHague-01,Snacks,SNA-04,93,75,112,0
2025-03-29,DS-TheHague-01,Snacks,SNA-05,107,83,130,0
2025-03-29,DS-TheHague-01,Snacks,SNA-06,91,86,139,0
2025-03-29,DS-TheHague-01,Household,HOU-01,46,63,180,0
2025-03-29,DS-TheHague-01,Household,HOU-02,47,60,141,0
2025-03-29,DS-TheHague-01,Household,HOU-03,53,46,209,0
2025-03-29,DS-TheHague-01,Household,HOU-04,50,38,152,0
2025-03-29,DS-TheHague-01,Household,HOU-05,43,42,149,0
2025-03-29,DS-TheHague-01,Household,HOU-06,55,51,161,0
2025-03-30,DS-Amsterdam-01,Fresh Produce,FRE-01,87,89,486,0
2025-03-30,DS-Amsterdam-01,Fresh Produce,FRE-02,149,127,961,1
2025-03-30,DS-Amsterdam-01,Fresh Produce,FRE-03,77,69,401,0
2025-03-30,DS-Amsterdam-01,Fresh Produce,FRE-04,68,85,457,0
2025-03-30,DS-Amsterdam-01,Fresh Produce,FRE-05,65,84,447,0
2025-03-30,DS-Amsterdam-01,Fresh Produce,FRE-06,67,71,343,0
2025-03-30,DS-Amsterdam-01,Dairy,DAI-01,45,61,131,0
2025-03-30,DS-Amsterdam-01,Dairy,DAI-02,58,66,186,0
2025-03-30,DS-Amsterdam-01,Dairy,DAI-03,58,67,213,0
2025-03-30,DS-Amsterdam-01,Dairy,DAI-04,54,63,195,0
2025-03-30,DS-Amsterdam-01,Dairy,DAI-05,70,59,245,0
2025-03-30,DS-Amsterdam-01,Dairy,DAI-06,103,120,431,1
2025-03-30,DS-Amsterdam-01,Beverages,BEV-01,98,81,290,0
2025-03-30,DS-Amsterdam-01,Beverages,BEV-02,101,101,326,0
2025-03-30,DS-Amsterdam-01,Beverages,BEV-03,95,84,281,0
2025-03-30,DS-Amsterdam-01,Beverages,BEV-04,87,89,260,0
2025-03-30,DS-Amsterdam-01,Beverages,BEV-05,71,93,289,0
2025-03-30,DS-Amsterdam-01,Beverages,BEV-06,95,93,384,0
2025-03-30,DS-Amsterdam-01,Snacks,SNA-01,94,73,120,0
2025-03-30,DS-Amsterdam-01,Snacks,SNA-02,82,61,141,0
2025-03-30,DS-Amsterdam-01,Snacks,SNA-03,95,64,118,0
2025-03-30,DS-Amsterdam-01,Snacks,SNA-04,90,81,148,0
2025-03-30,DS-Amsterdam-01,Snacks,SNA-05,81,76,121,0
2025-03-30,DS-Amsterdam-01,Snacks,SNA-06,92,74,162,0
2025-03-30,DS-Amsterdam-01,Household,HOU-01,38,37,124,0
2025-03-30,DS-Amsterdam-01,Household,HOU-02,79,76,236,1
2025-03-30,DS-Amsterdam-01,Household,HOU-03,37,40,153,0
2025-03-30,DS-Amsterdam-01,Household,HOU-04,37,39,122,0
2025-03-30,DS-Amsterdam-01,Household,HOU-05,43,37,166,0
2025-03-30,DS-Amsterdam-01,Household,HOU-06,36,41,147,0
2025-03-30,DS-Amsterdam-02,Fresh Produce,FRE-01,79,98,560,0
2025-03-30,DS-Amsterdam-02,Fresh Produce,FRE-02,73,115,449,0
2025-03-30,DS-Amsterdam-02,Fresh Produce,FRE-03,72,116,422,0
2025-03-30,DS-Amsterdam-02,Fresh Produce,FRE-04,89,98,589,0
2025-03-30,DS-Amsterdam-02,Fresh Produce,FRE-05,89,73,493,0
2025-03-30,DS-Amsterdam-02,Fresh Produce,FRE-06,94,99,624,0
2025-03-30,DS-Amsterdam-02,Dairy,DAI-01,62,72,222,0
2025-03-30,DS-Amsterdam-02,Dairy,DAI-02,56,58,201,0
2025-03-30,DS-Amsterdam-02,Dairy,DAI-03,59,76,242,0
2025-03-30,DS-Amsterdam-02,Dairy,DAI-04,76,64,262,0
2025-03-30,DS-Amsterdam-02,Dairy,DAI-05,55,85,156,0
2025-03-30,DS-Amsterdam-02,Dairy,DAI-06,71,61,237,0
2025-03-30,DS-Amsterdam-02,Beverages,BEV-01,126,122,507,0
2025-03-30,DS-Amsterdam-02,Beverages,BEV-02,209,240,696,1
2025-03-30,DS-Amsterdam-02,Beverages,BEV-03,114,100,430,0
2025-03-30,DS-Amsterdam-02,Beverages,BEV-04,110,110,308,0
2025-03-30,DS-Amsterdam-02,Beverages,BEV-05,207,238,701,1
2025-03-30,DS-Amsterdam-02,Beverages,BEV-06,120,122,357,0
2025-03-30,DS-Amsterdam-02,Snacks,SNA-01,112,69,154,0
2025-03-30,DS-Amsterdam-02,Snacks,SNA-02,103,73,156,0
2025-03-30,DS-Amsterdam-02,Snacks,SNA-03,95,91,149,0
2025-03-30,DS-Amsterdam-02,Snacks,SNA-04,111,81,158,0
2025-03-30,DS-Amsterdam-02,Snacks,SNA-05,105,94,184,0
2025-03-30,DS-Amsterdam-02,Snacks,SNA-06,106,90,179,0
2025-03-30,DS-Amsterdam-02,Household,HOU-01,52,42,150,0
2025-03-30,DS-Amsterdam-02,Household,HOU-02,51,56,183,0
2025-03-30,DS-Amsterdam-02,Household,HOU-03,43,57,141,0
2025-03-30,DS-Amsterdam-02,Household,HOU-04,46,47,186,0
2025-03-30,DS-Amsterdam-02,Household,HOU-05,43,37,162,0
2025-03-30,DS-Amsterdam-02,Household,HOU-06,44,57,176,0
2025-03-30,DS-Rotterdam-01,Fresh Produce,FRE-01,78,94,507,0
2025-03-30,DS-Rotterdam-01,Fresh Produce,FRE-02,76,85,531,0
2025-03-30,DS-Rotterdam-01,Fresh Produce,FRE-03,82,92,411,0
2025-03-30,DS-Rotterdam-01,Fresh Produce,FRE-04,75,93,426,0
2025-03-30,DS-Rotterdam-01,Fresh Produce,FRE-05,75,82,516,0
2025-03-30,DS-Rotterdam-01,Fresh Produce,FRE-06,81,88,438,0
2025-03-30,DS-Rotterdam-01,Dairy,DAI-01,76,56,262,0
2025-03-30,DS-Rotterdam-01,Dairy,DAI-02,69,69,209,0
2025-03-30,DS-Rotterdam-01,Dairy,DAI-03,116,88,331,1
2025-03-30,DS-Rotterdam-01,Dairy,DAI-04,60,58,211,0
2025-03-30,DS-Rotterdam-01,Dairy,DAI-05,56,77,161,0
2025-03-30,DS-Rotterdam-01,Dairy,DAI-06,68,60,209,0
2025-03-30,DS-Rotterdam-01,Beverages,BEV-01,108,131,418,0
2025-03-30,DS-Rotterdam-01,Beverages,BEV-02,115,108,482,0
2025-03-30,DS-Rotterdam-01,Beverages,BEV-03,108,130,421,0
2025-03-30,DS-Rotterdam-01,Beverages,BEV-04,90,115,263,0
2025-03-30,DS-Rotterdam-01,Beverages,BEV-05,92,98,291,0
2025-03-30,DS-Rotterdam-01,Beverages,BEV-06,97,103,328,0
2025-03-30,DS-Rotterdam-01,Snacks,SNA-01,89,83,147,0
2025-03-30,DS-Rotterdam-01,Snacks,SNA-02,77,89,105,0
2025-03-30,DS-Rotterdam-01,Snacks,SNA-03,104,58,127,0
2025-03-30,DS-Rotterdam-01,Snacks,SNA-04,98,87,167,0
2025-03-30,DS-Rotterdam-01,Snacks,SNA-05,100,75,122,0
2025-03-30,DS-Rotterdam-01,Snacks,SNA-06,95,77,150,0
2025-03-30,DS-Rotterdam-01,Household,HOU-01,94,75,332,1
2025-03-30,DS-Rotterdam-01,Household,HOU-02,35,41,123,0
2025-03-30,DS-Rotterdam-01,Household,HOU-03,38,42,145,0
2025-03-30,DS-Rotterdam-01,Household,HOU-04,51,39,199,0
2025-03-30,DS-Rotterdam-01,Household,HOU-05,36,29,132,0
2025-03-30,DS-Rotterdam-01,Household,HOU-06,47,43,133,0
2025-03-30,DS-Utrecht-01,Fresh Produce,FRE-01,92,90,459,0
2025-03-30,DS-Utrecht-01,Fresh Produce,FRE-02,80,92,499,0
2025-03-30,DS-Utrecht-01,Fresh Produce,FRE-03,73,78,434,0
2025-03-30,DS-Utrecht-01,Fresh Produce,FRE-04,87,78,464,0
2025-03-30,DS-Utrecht-01,Fresh Produce,FRE-05,85,81,445,0
2025-03-30,DS-Utrecht-01,Fresh Produce,FRE-06,81,116,479,0
2025-03-30,DS-Utrecht-01,Dairy,DAI-01,76,70,240,0
2025-03-30,DS-Utrecht-01,Dairy,DAI-02,57,57,233,0
2025-03-30,DS-Utrecht-01,Dairy,DAI-03,70,72,292,0
2025-03-30,DS-Utrecht-01,Dairy,DAI-04,68,64,268,0
2025-03-30,DS-Utrecht-01,Dairy,DAI-05,57,64,208,0
2025-03-30,DS-Utrecht-01,Dairy,DAI-06,81,56,276,0
2025-03-30,DS-Utrecht-01,Beverages,BEV-01,101,93,356,0
2025-03-30,DS-Utrecht-01,Beverages,BEV-02,99,102,406,0
2025-03-30,DS-Utrecht-01,Beverages,BEV-03,106,92,364,0
2025-03-30,DS-Utrecht-01,Beverages,BEV-04,124,90,453,0
2025-03-30,DS-Utrecht-01,Beverages,BEV-05,87,107,271,0
2025-03-30,DS-Utrecht-01,Beverages,BEV-06,113,115,347,0
2025-03-30,DS-Utrecht-01,Snacks,SNA-01,81,70,144,0
2025-03-30,DS-Utrecht-01,Snacks,SNA-02,89,79,156,0
2025-03-30,DS-Utrecht-01,Snacks,SNA-03,97,80,163,0
2025-03-30,DS-Utrecht-01,Snacks,SNA-04,111,82,165,0
2025-03-30,DS-Utrecht-01,Snacks,SNA-05,85,72,111,0
2025-03-30,DS-Utrecht-01,Snacks,SNA-06,88,70,117,0
2025-03-30,DS-Utrecht-01,Household,HOU-01,42,42,176,0
2025-03-30,DS-Utrecht-01,Household,HOU-02,38,45,131,0
2025-03-30,DS-Utrecht-01,Household,HOU-03,30,39,92,0
2025-03-30,DS-Utrecht-01,Household,HOU-04,44,34,140,0
2025-03-30,DS-Utrecht-01,Household,HOU-05,43,42,167,0
2025-03-30,DS-Utrecht-01,Household,HOU-06,43,44,152,0
2025-03-30,DS-TheHague-01,Fresh Produce,FRE-01,143,212,914,1
2025-03-30,DS-TheHague-01,Fresh Produce,FRE-02,106,117,529,0
2025-03-30,DS-TheHague-01,Fresh Produce,FRE-03,84,108,446,0
2025-03-30,DS-TheHague-01,Fresh Produce,FRE-04,85,96,611,0
2025-03-30,DS-TheHague-01,Fresh Produce,FRE-05,87,97,470,0
2025-03-30,DS-TheHague-01,Fresh Produce,FRE-06,78,92,511,0
2025-03-30,DS-TheHague-01,Dairy,DAI-01,75,68,249,0
2025-03-30,DS-TheHague-01,Dairy,DAI-02,62,72,213,0
2025-03-30,DS-TheHague-01,Dairy,DAI-03,81,61,258,0
2025-03-30,DS-TheHague-01,Dairy,DAI-04,76,70,217,0
2025-03-30,DS-TheHague-01,Dairy,DAI-05,55,63,218,0
2025-03-30,DS-TheHague-01,Dairy,DAI-06,84,73,250,0
2025-03-30,DS-TheHague-01,Beverages,BEV-01,126,138,419,0
2025-03-30,DS-TheHague-01,Beverages,BEV-02,115,109,440,0
2025-03-30,DS-TheHague-01,Beverages,BEV-03,110,139,446,0
2025-03-30,DS-TheHague-01,Beverages,BEV-04,132,129,439,0
2025-03-30,DS-TheHague-01,Beverages,BEV-05,121,122,339,0
2025-03-30,DS-TheHague-01,Beverages,BEV-06,118,121,399,0
2025-03-30,DS-TheHague-01,Snacks,SNA-01,110,73,151,0
2025-03-30,DS-TheHague-01,Snacks,SNA-02,94,75,149,0
2025-03-30,DS-TheHague-01,Snacks,SNA-03,102,91,155,0
2025-03-30,DS-TheHague-01,Snacks,SNA-04,110,78,179,0
2025-03-30,DS-TheHague-01,Snacks,SNA-05,118,72,147,0
2025-03-30,DS-TheHague-01,Snacks,SNA-06,114,76,197,0
2025-03-30,DS-TheHague-01,Household,HOU-01,39,41,130,0
2025-03-30,DS-TheHague-01,Household,HOU-02,89,92,318,1
2025-03-30,DS-TheHague-01,Household,HOU-03,43,50,126,0
2025-03-30,DS-TheHague-01,Household,HOU-04,91,91,262,1
2025-03-30,DS-TheHague-01,Household,HOU-05,40,38,119,0
2025-03-30,DS-TheHague-01,Household,HOU-06,59,48,192,0
2025-03-31,DS-Amsterdam-01,Fresh Produce,FRE-01,54,72,309,0
2025-03-31,DS-Amsterdam-01,Fresh Produce,FRE-02,107,118,521,1
2025-03-31,DS-Amsterdam-01,Fresh Produce,FRE-03,63,54,453,0
2025-03-31,DS-Amsterdam-01,Fresh Produce,FRE-04,51,55,251,0
2025-03-31,DS-Amsterdam-01,Fresh Produce,FRE-05,51,71,335,0
2025-03-31,DS-Amsterdam-01,Fresh Produce,FRE-06,56,60,377,0
2025-03-31,DS-Amsterdam-01,Dairy,DAI-01,38,47,129,0
2025-03-31,DS-Amsterdam-01,Dairy,DAI-02,56,42,175,0
2025-03-31,DS-Amsterdam-01,Dairy,DAI-03,56,41,233,0
2025-03-31,DS-Amsterdam-01,Dairy,DAI-04,41,47,170,0
2025-03-31,DS-Amsterdam-01,Dairy,DAI-05,54,36,203,0
2025-03-31,DS-Amsterdam-01,Dairy,DAI-06,56,44,171,0
2025-03-31,DS-Amsterdam-01,Beverages,BEV-01,69,85,203,0
2025-03-31,DS-Amsterdam-01,Beverages,BEV-02,155,131,606,1
2025-03-31,DS-Amsterdam-01,Beverages,BEV-03,78,95,309,0
2025-03-31,DS-Amsterdam-01,Beverages,BEV-04,74,70,296,0
2025-03-31,DS-Amsterdam-01,Beverages,BEV-05,71,79,212,0
2025-03-31,DS-Amsterdam-01,Beverages,BEV-06,82,83,327,0
2025-03-31,DS-Amsterdam-01,Snacks,SNA-01,67,63,86,0
2025-03-31,DS-Amsterdam-01,Snacks,SNA-02,67,48,114,0
2025-03-31,DS-Amsterdam-01,Snacks,SNA-03,87,45,132,0
2025-03-31,DS-Amsterdam-01,Snacks,SNA-04,151,104,258,1
2025-03-31,DS-Amsterdam-01,Snacks,SNA-05,54,48,65,0
2025-03-31,DS-Amsterdam-01,Snacks,SNA-06,61,69,95,0
2025-03-31,DS-Amsterdam-01,Household,HOU-01,28,35,91,0
2025-03-31,DS-Amsterdam-01,Household,HOU-02,45,31,138,0
2025-03-31,DS-Amsterdam-01,Household,HOU-03,55,53,185,1
2025-03-31,DS-Amsterdam-01,Household,HOU-04,34,24,135,0
2025-03-31,DS-Amsterdam-01,Household,HOU-05,28,31,109,0
2025-03-31,DS-Amsterdam-01,Household,HOU-06,29,27,96,0
2025-03-31,DS-Amsterdam-02,Fresh Produce,FRE-01,50,54,330,0
2025-03-31,DS-Amsterdam-02,Fresh Produce,FRE-02,51,67,352,0
2025-03-31,DS-Amsterdam-02,Fresh Produce,FRE-03,47,55,295,0
2025-03-31,DS-Amsterdam-02,Fresh Produce,FRE-04,49,43,320,0
2025-03-31,DS-Amsterdam-02,Fresh Produce,FRE-05,50,56,291,0
2025-03-31,DS-Amsterdam-02,Fresh Produce,FRE-06,49,57,280,0
2025-03-31,DS-Amsterdam-02,Dairy,DAI-01,43,41,130,0
2025-03-31,DS-Amsterdam-02,Dairy,DAI-02,39,43,133,0
2025-03-31,DS-Amsterdam-02,Dairy,DAI-03,41,46,127,0
2025-03-31,DS-Amsterdam-02,Dairy,DAI-04,46,40,129,0
2025-03-31,DS-Amsterdam-02,Dairy,DAI-05,40,43,121,0
2025-03-31,DS-Amsterdam-02,Dairy,DAI-06,39,43,158,0
2025-03-31,DS-Amsterdam-02,Beverages,BEV-01,61,60,223,0
2025-03-31,DS-Amsterdam-02,Beverages,BEV-02,79,72,319,0
2025-03-31,DS-Amsterdam-02,Beverages,BEV-03,64,64,239,0
2025-03-31,DS-Amsterdam-02,Beverages,BEV-04,76,80,240,0
2025-03-31,DS-Amsterdam-02,Beverages,BEV-05,84,76,249,0
2025-03-31,DS-Amsterdam-02,Beverages,BEV-06,80,72,292,0
2025-03-31,DS-Amsterdam-02,Snacks,SNA-01,69,53,85,0
2025-03-31,DS-Amsterdam-02,Snacks,SNA-02,53,54,67,0
2025-03-31,DS-Amsterdam-02,Snacks,SNA-03,52,54,77,0
2025-03-31,DS-Amsterdam-02,Snacks,SNA-04,62,55,83,0
2025-03-31,DS-Amsterdam-02,Snacks,SNA-05,65,74,98,0
2025-03-31,DS-Amsterdam-02,Snacks,SNA-06,60,61,94,0
2025-03-31,DS-Amsterdam-02,Household,HOU-01,30,28,122,0
2025-03-31,DS-Amsterdam-02,Household,HOU-02,47,54,189,1
2025-03-31,DS-Amsterdam-02,Household,HOU-03,26,34,90,0
2025-03-31,DS-Amsterdam-02,Household,HOU-04,30,28,96,0
2025-03-31,DS-Amsterdam-02,Household,HOU-05,26,28,109,0
2025-03-31,DS-Amsterdam-02,Household,HOU-06,28,30,80,0
2025-03-31,DS-Rotterdam-01,Fresh Produce,FRE-01,61,64,332,0
2025-03-31,DS-Rotterdam-01,Fresh Produce,FRE-02,63,77,306,0
2025-03-31,DS-Rotterdam-01,Fresh Produce,FRE-03,73,91,507,0
2025-03-31,DS-Rotterdam-01,Fresh Produce,FRE-04,60,91,331,0
2025-03-31,DS-Rotterdam-01,Fresh Produce,FRE-05,64,76,425,0
2025-03-31,DS-Rotterdam-01,Fresh Produce,FRE-06,66,55,408,0
2025-03-31,DS-Rotterdam-01,Dairy,DAI-01,72,81,278,1
2025-03-31,DS-Rotterdam-01,Dairy,DAI-02,54,52,221,0
2025-03-31,DS-Rotterdam-01,Dairy,DAI-03,38,52,113,0
2025-03-31,DS-Rotterdam-01,Dairy,DAI-04,47,52,148,0
2025-03-31,DS-Rotterdam-01,Dairy,DAI-05,45,66,140,0
2025-03-31,DS-Rotterdam-01,Dairy,DAI-06,61,49,196,0
2025-03-31,DS-Rotterdam-01,Beverages,BEV-01,162,140,548,1
2025-03-31,DS-Rotterdam-01,Beverages,BEV-02,88,79,270,0
2025-03-31,DS-Rotterdam-01,Beverages,BEV-03,93,102,308,0
2025-03-31,DS-Rotterdam-01,Beverages,BEV-04,81,89,286,0
2025-03-31,DS-Rotterdam-01,Beverages,BEV-05,85,71,325,0
2025-03-31,DS-Rotterdam-01,Beverages,BEV-06,97,103,291,0
2025-03-31,DS-Rotterdam-01,Snacks,SNA-01,69,59,110,0
2025-03-31,DS-Rotterdam-01,Snacks,SNA-02,74,67,119,0
2025-03-31,DS-Rotterdam-01,Snacks,SNA-03,77,69,118,0
2025-03-31,DS-Rotterdam-01,Snacks,SNA-04,93,65,140,0
2025-03-31,DS-Rotterdam-01,Snacks,SNA-05,65,71,113,0
2025-03-31,DS-Rotterdam-01,Snacks,SNA-06,84,66,124,0
2025-03-31,DS-Rotterdam-01,Household,HOU-01,45,30,146,0
2025-03-31,DS-Rotterdam-01,Household,HOU-02,45,38,165,0
2025-03-31,DS-Rotterdam-01,Household,HOU-03,29,43,117,0
2025-03-31,DS-Rotterdam-01,Household,HOU-04,25,31,73,0
2025-03-31,DS-Rotterdam-01,Household,HOU-05,40,30,150,0
2025-03-31,DS-Rotterdam-01,Household,HOU-06,29,32,113,0
2025-03-31,DS-Utrecht-01,Fresh Produce,FRE-01,46,58,242,0
2025-03-31,DS-Utrecht-01,Fresh Produce,FRE-02,50,50,262,0
2025-03-31,DS-Utrecht-01,Fresh Produce,FRE-03,50,47,256,0
2025-03-31,DS-Utrecht-01,Fresh Produce,FRE-04,45,55,266,0
2025-03-31,DS-Utrecht-01,Fresh Produce,FRE-05,38,59,257,0
2025-03-31,DS-Utrecht-01,Fresh Produce,FRE-06,49,40,243,0
2025-03-31,DS-Utrecht-01,Dairy,DAI-01,36,42,114,0
2025-03-31,DS-Utrecht-01,Dairy,DAI-02,41,47,124,0
2025-03-31,DS-Utrecht-01,Dairy,DAI-03,34,39,128,0
2025-03-31,DS-Utrecht-01,Dairy,DAI-04,43,30,147,0
2025-03-31,DS-Utrecht-01,Dairy,DAI-05,39,34,145,0
2025-03-31,DS-Utrecht-01,Dairy,DAI-06,37,29,132,0
2025-03-31,DS-Utrecht-01,Beverages,BEV-01,44,77,171,0
2025-03-31,DS-Utrecht-01,Beverages,BEV-02,68,67,210,0
2025-03-31,DS-Utrecht-01,Beverages,BEV-03,71,52,262,0
2025-03-31,DS-Utrecht-01,Beverages,BEV-04,54,66,198,0
2025-03-31,DS-Utrecht-01,Beverages,BEV-05,75,71,303,0
2025-03-31,DS-Utrecht-01,Beverages,BEV-06,68,62,242,0
2025-03-31,DS-Utrecht-01,Snacks,SNA-01,111,96,136,1
2025-03-31,DS-Utrecht-01,Snacks,SNA-02,58,52,82,0
2025-03-31,DS-Utrecht-01,Snacks,SNA-03,112,77,142,1
2025-03-31,DS-Utrecht-01,Snacks,SNA-04,62,43,106,0
2025-03-31,DS-Utrecht-01,Snacks,SNA-05,54,36,89,0
2025-03-31,DS-Utrecht-01,Snacks,SNA-06,49,57,75,0
2025-03-31,DS-Utrecht-01,Household,HOU-01,19,23,74,0
2025-03-31,DS-Utrecht-01,Household,HOU-02,29,25,86,0
2025-03-31,DS-Utrecht-01,Household,HOU-03,31,27,114,0
2025-03-31,DS-Utrecht-01,Household,HOU-04,21,26,60,0
2025-03-31,DS-Utrecht-01,Household,HOU-05,20,25,77,0
2025-03-31,DS-Utrecht-01,Household,HOU-06,27,23,88,0
2025-03-31,DS-TheHague-01,Fresh Produce,FRE-01,95,95,660,1
2025-03-31,DS-TheHague-01,Fresh Produce,FRE-02,41,48,260,0
2025-03-31,DS-TheHague-01,Fresh Produce,FRE-03,47,50,331,0
2025-03-31,DS-TheHague-01,Fresh Produce,FRE-04,44,65,221,0
2025-03-31,DS-TheHague-01,Fresh Produce,FRE-05,39,45,222,0
2025-03-31,DS-TheHague-01,Fresh Produce,FRE-06,39,69,238,0
2025-03-31,DS-TheHague-01,Dairy,DAI-01,30,35,110,0
2025-03-31,DS-TheHague-01,Dairy,DAI-02,33,35,107,0
2025-03-31,DS-TheHague-01,Dairy,DAI-03,35,36,141,0
2025-03-31,DS-TheHague-01,Dairy,DAI-04,37,38,155,0
2025-03-31,DS-TheHague-01,Dairy,DAI-05,31,41,120,0
2025-03-31,DS-TheHague-01,Dairy,DAI-06,44,28,156,0
2025-03-31,DS-TheHague-01,Beverages,BEV-01,50,59,163,0
2025-03-31,DS-TheHague-01,Beverages,BEV-02,60,79,187,0
2025-03-31,DS-TheHague-01,Beverages,BEV-03,59,51,211,0
2025-03-31,DS-TheHague-01,Beverages,BEV-04,75,64,246,0
2025-03-31,DS-TheHague-01,Beverages,BEV-05,69,55,254,0
2025-03-31,DS-TheHague-01,Beverages,BEV-06,67,64,233,0
2025-03-31,DS-TheHague-01,Snacks,SNA-01,64,49,114,0
2025-03-31,DS-TheHague-01,Snacks,SNA-02,63,51,100,0
2025-03-31,DS-TheHague-01,Snacks,SNA-03,53,47,83,0
2025-03-31,DS-TheHague-01,Snacks,SNA-04,61,55,88,0
2025-03-31,DS-TheHague-01,Snacks,SNA-05,58,43,83,0
2025-03-31,DS-TheHague-01,Snacks,SNA-06,66,45,81,0
2025-03-31,DS-TheHague-01,Household,HOU-01,34,30,136,0
2025-03-31,DS-TheHague-01,Household,HOU-02,32,25,100,0
2025-03-31,DS-TheHague-01,Household,HOU-03,23,20,90,0
2025-03-31,DS-TheHague-01,Household,HOU-04,20,28,61,0
2025-03-31,DS-TheHague-01,Household,HOU-05,20,27,80,0
2025-03-31,DS-TheHague-01,Household,HOU-06,27,24,78,0
